run_id,panel_id,dataset,horizon,model_name,series_id,n_predictions,abs_y,abs_error,MAE,sMAPE,WAPE
source_b_v1_19_m5_rich_lightgbm_100,m5_top_volume_100_20260714,M5,7,lightgbm_rich_tuned,FOODS_1_218_TX_2_validation,378,5582.0,2450.4641134142876,6.482709294746792,51.55966882012645,0.43899392931105113
source_b_v1_19_m5_rich_lightgbm_100,m5_top_volume_100_20260714,M5,7,lightgbm_rich_tuned,FOODS_2_197_CA_1_validation,378,6349.0,2240.714334487915,5.927815699703479,38.079382323164246,0.3529239777111222
source_b_v1_19_m5_rich_lightgbm_100,m5_top_volume_100_20260714,M5,7,lightgbm_rich_tuned,FOODS_2_197_CA_3_validation,378,5223.0,1636.1843972206116,4.328530151377279,32.2472540241833,0.3132652493242603
source_b_v1_19_m5_rich_lightgbm_100,m5_top_volume_100_20260714,M5,7,lightgbm_rich_tuned,FOODS_2_276_CA_3_validation,378,3143.0,1857.1630697250366,4.913129814087399,55.642332320753106,0.5908886636096203
source_b_v1_19_m5_rich_lightgbm_100,m5_top_volume_100_20260714,M5,7,lightgbm_rich_tuned,FOODS_2_360_CA_3_validation,378,4857.0,2218.1828475296497,5.86820859134828,81.72818657257686,0.45669813620128674
source_b_v1_19_m5_rich_lightgbm_100,m5_top_volume_100_20260714,M5,7,lightgbm_rich_tuned,FOODS_2_360_TX_3_validation,378,3979.0,1923.2260119952261,5.087899502632873,100.77558457916413,0.483344059310185
source_b_v1_19_m5_rich_lightgbm_100,m5_top_volume_100_20260714,M5,7,lightgbm_rich_tuned,FOODS_2_360_WI_2_validation,378,10631.0,5332.271306816023,14.106537848719638,111.3375902826215,0.5015775850640601
source_b_v1_19_m5_rich_lightgbm_100,m5_top_volume_100_20260714,M5,7,lightgbm_rich_tuned,FOODS_3_007_WI_2_validation,378,8464.0,7436.4259141385555,19.673084428937976,133.8472964693737,0.8785947441089976
source_b_v1_19_m5_rich_lightgbm_100,m5_top_volume_100_20260714,M5,7,lightgbm_rich_tuned,FOODS_3_030_TX_2_validation,378,5036.0,1798.8150335215032,4.758769929951066,78.78900386914097,0.35719122984938506
source_b_v1_19_m5_rich_lightgbm_100,m5_top_volume_100_20260714,M5,7,lightgbm_rich_tuned,FOODS_3_030_TX_3_validation,378,5820.0,1929.2791626406834,5.103913128679056,80.44504865922862,0.33149126505853665
source_b_v1_19_m5_rich_lightgbm_100,m5_top_volume_100_20260714,M5,7,lightgbm_rich_tuned,FOODS_3_080_CA_1_validation,378,6869.0,1944.0649585723877,5.143028990932242,29.051321602214635,0.28302008422949304
source_b_v1_19_m5_rich_lightgbm_100,m5_top_volume_100_20260714,M5,7,lightgbm_rich_tuned,FOODS_3_080_TX_2_validation,378,6590.0,1570.3506002426147,4.154366667308505,24.765720407306386,0.23829295906564715
source_b_v1_19_m5_rich_lightgbm_100,m5_top_volume_100_20260714,M5,7,lightgbm_rich_tuned,FOODS_3_090_CA_1_validation,378,18773.0,6521.4509059377015,17.252515624173814,58.94008310950919,0.34738458988641674
source_b_v1_19_m5_rich_lightgbm_100,m5_top_volume_100_20260714,M5,7,lightgbm_rich_tuned,FOODS_3_090_CA_2_validation,378,14152.0,4965.874545703176,13.137234247892001,61.749201920784,0.3508956010248146
source_b_v1_19_m5_rich_lightgbm_100,m5_top_volume_100_20260714,M5,7,lightgbm_rich_tuned,FOODS_3_090_CA_3_validation,378,36819.0,9580.416468977928,25.345017113698223,46.35266649836268,0.26020306007707783
source_b_v1_19_m5_rich_lightgbm_100,m5_top_volume_100_20260714,M5,7,lightgbm_rich_tuned,FOODS_3_090_CA_4_validation,378,9660.0,3207.84263174003,8.486356168624418,57.54108714030936,0.33207480659834676
source_b_v1_19_m5_rich_lightgbm_100,m5_top_volume_100_20260714,M5,7,lightgbm_rich_tuned,FOODS_3_090_TX_1_validation,378,16993.0,5111.910011582542,13.523571459213075,56.550818111767676,0.3008244578110129
source_b_v1_19_m5_rich_lightgbm_100,m5_top_volume_100_20260714,M5,7,lightgbm_rich_tuned,FOODS_3_090_TX_2_validation,378,19339.0,6070.296967741102,16.058986687145772,57.918843674493544,0.31388887572992924
source_b_v1_19_m5_rich_lightgbm_100,m5_top_volume_100_20260714,M5,7,lightgbm_rich_tuned,FOODS_3_090_TX_3_validation,378,21770.0,6604.401180536486,17.471960795070068,58.37392488586024,0.30337166653819414
source_b_v1_19_m5_rich_lightgbm_100,m5_top_volume_100_20260714,M5,7,lightgbm_rich_tuned,FOODS_3_090_WI_3_validation,378,23889.0,7278.576822175644,19.255494238559905,58.74711240522479,0.3046831940297059
source_b_v1_19_m5_rich_lightgbm_100,m5_top_volume_100_20260714,M5,7,lightgbm_rich_tuned,FOODS_3_099_TX_2_validation,378,5210.0,2081.499352224171,5.506612042921088,78.38792099981875,0.3995200292176912
source_b_v1_19_m5_rich_lightgbm_100,m5_top_volume_100_20260714,M5,7,lightgbm_rich_tuned,FOODS_3_120_CA_1_validation,378,15279.0,6917.210735686123,18.29949930075694,65.98418416177911,0.4527266663843264
source_b_v1_19_m5_rich_lightgbm_100,m5_top_volume_100_20260714,M5,7,lightgbm_rich_tuned,FOODS_3_120_CA_3_validation,378,31365.0,8851.124001774937,23.415671962367558,36.245138486270804,0.2821974813255201
source_b_v1_19_m5_rich_lightgbm_100,m5_top_volume_100_20260714,M5,7,lightgbm_rich_tuned,FOODS_3_120_WI_3_validation,378,12400.0,4391.131644949317,11.6167503834638,45.93518409030491,0.35412351975397716
source_b_v1_19_m5_rich_lightgbm_100,m5_top_volume_100_20260714,M5,7,lightgbm_rich_tuned,FOODS_3_202_CA_3_validation,378,7882.0,2442.8035501390696,6.462443254336163,50.0351479599636,0.309921790172427
source_b_v1_19_m5_rich_lightgbm_100,m5_top_volume_100_20260714,M5,7,lightgbm_rich_tuned,FOODS_3_202_TX_1_validation,378,8044.0,2826.4664806816727,7.477424552067917,64.16170845158993,0.35137574349598116
source_b_v1_19_m5_rich_lightgbm_100,m5_top_volume_100_20260714,M5,7,lightgbm_rich_tuned,FOODS_3_202_TX_2_validation,378,7798.0,3224.7599818799645,8.531111063174508,67.86657319951793,0.41353680198511983
source_b_v1_19_m5_rich_lightgbm_100,m5_top_volume_100_20260714,M5,7,lightgbm_rich_tuned,FOODS_3_202_TX_3_validation,378,9826.0,3098.2169993575662,8.19634126814171,61.844409352451734,0.3153080601829398
source_b_v1_19_m5_rich_lightgbm_100,m5_top_volume_100_20260714,M5,7,lightgbm_rich_tuned,FOODS_3_226_WI_1_validation,378,14808.0,2694.823886871338,7.129163721881846,18.610980376526403,0.18198432515338586
source_b_v1_19_m5_rich_lightgbm_100,m5_top_volume_100_20260714,M5,7,lightgbm_rich_tuned,FOODS_3_226_WI_2_validation,378,14519.0,3014.0420837402344,7.9736563061910966,22.06037471774674,0.20759295294030128
source_b_v1_19_m5_rich_lightgbm_100,m5_top_volume_100_20260714,M5,7,lightgbm_rich_tuned,FOODS_3_226_WI_3_validation,378,18132.0,3403.5785751342773,9.004176124693855,18.915911672949647,0.18771115018388912
source_b_v1_19_m5_rich_lightgbm_100,m5_top_volume_100_20260714,M5,7,lightgbm_rich_tuned,FOODS_3_234_CA_3_validation,378,7146.0,4971.3026576042175,13.15159433228629,69.24799781787831,0.6956762745038088
source_b_v1_19_m5_rich_lightgbm_100,m5_top_volume_100_20260714,M5,7,lightgbm_rich_tuned,FOODS_3_234_WI_2_validation,378,8932.0,10385.472962804139,27.47479619789455,147.28929756243144,1.1627264848638759
source_b_v1_19_m5_rich_lightgbm_100,m5_top_volume_100_20260714,M5,7,lightgbm_rich_tuned,FOODS_3_234_WI_3_validation,378,7749.0,4671.124498069286,12.357472217114514,75.04174365657967,0.6028035227860739
source_b_v1_19_m5_rich_lightgbm_100,m5_top_volume_100_20260714,M5,7,lightgbm_rich_tuned,FOODS_3_252_CA_1_validation,378,14668.0,3045.419101715088,8.056664290251556,22.049778501889154,0.20762333663178947
source_b_v1_19_m5_rich_lightgbm_100,m5_top_volume_100_20260714,M5,7,lightgbm_rich_tuned,FOODS_3_252_CA_2_validation,378,14731.0,3591.6971397399902,9.50184428502643,27.038849128751767,0.24381896271400383
source_b_v1_19_m5_rich_lightgbm_100,m5_top_volume_100_20260714,M5,7,lightgbm_rich_tuned,FOODS_3_252_CA_3_validation,378,17274.0,4021.754665374756,10.639562606811523,23.66708994721108,0.23282127274370476
source_b_v1_19_m5_rich_lightgbm_100,m5_top_volume_100_20260714,M5,7,lightgbm_rich_tuned,FOODS_3_252_TX_1_validation,378,11801.0,3042.457682609558,8.048829848173433,27.592809665741548,0.25781354822553665
source_b_v1_19_m5_rich_lightgbm_100,m5_top_volume_100_20260714,M5,7,lightgbm_rich_tuned,FOODS_3_252_TX_2_validation,378,21934.0,4797.527950286865,12.691872884356787,22.11570644976362,0.21872562917328647
source_b_v1_19_m5_rich_lightgbm_100,m5_top_volume_100_20260714,M5,7,lightgbm_rich_tuned,FOODS_3_252_TX_3_validation,378,17754.0,4334.493663787842,11.46691445446519,25.601959727991243,0.2441418082566093
source_b_v1_19_m5_rich_lightgbm_100,m5_top_volume_100_20260714,M5,7,lightgbm_rich_tuned,FOODS_3_252_WI_3_validation,378,6826.0,2259.871720314026,5.97849661458737,34.308513856971814,0.33106822741195807
source_b_v1_19_m5_rich_lightgbm_100,m5_top_volume_100_20260714,M5,7,lightgbm_rich_tuned,FOODS_3_281_CA_3_validation,378,3821.0,1865.4533837214112,4.935061861696855,81.69122199516896,0.48821077825737014
source_b_v1_19_m5_rich_lightgbm_100,m5_top_volume_100_20260714,M5,7,lightgbm_rich_tuned,FOODS_3_282_CA_3_validation,378,13394.0,4015.436516880989,10.622847928256585,39.965566751418876,0.29979367753329766
source_b_v1_19_m5_rich_lightgbm_100,m5_top_volume_100_20260714,M5,7,lightgbm_rich_tuned,FOODS_3_288_CA_3_validation,378,12500.0,3943.422912210226,10.4323357465879,46.35823060639411,0.3154738329768181
source_b_v1_19_m5_rich_lightgbm_100,m5_top_volume_100_20260714,M5,7,lightgbm_rich_tuned,FOODS_3_318_CA_3_validation,378,5296.0,2378.840964042116,6.293230063603481,98.04076421832528,0.44917691919224245
source_b_v1_19_m5_rich_lightgbm_100,m5_top_volume_100_20260714,M5,7,lightgbm_rich_tuned,FOODS_3_318_WI_3_validation,378,5628.0,2409.1622228119522,6.373445033894053,94.96151319837297,0.4280672037690036
source_b_v1_19_m5_rich_lightgbm_100,m5_top_volume_100_20260714,M5,7,lightgbm_rich_tuned,FOODS_3_319_CA_3_validation,378,4783.0,2544.2356831040233,6.730782230433924,109.27440491588524,0.5319330301283762
source_b_v1_19_m5_rich_lightgbm_100,m5_top_volume_100_20260714,M5,7,lightgbm_rich_tuned,FOODS_3_376_WI_2_validation,378,8991.0,4001.8645193576813,10.586943172903919,50.45549188731481,0.4450967099719365
source_b_v1_19_m5_rich_lightgbm_100,m5_top_volume_100_20260714,M5,7,lightgbm_rich_tuned,FOODS_3_377_TX_2_validation,378,11838.0,2211.5710315704346,5.850717014736599,19.25453793721936,0.18681965125616107
source_b_v1_19_m5_rich_lightgbm_100,m5_top_volume_100_20260714,M5,7,lightgbm_rich_tuned,FOODS_3_377_TX_3_validation,378,15919.0,2968.870294570923,7.854154218441595,19.05502481251012,0.18649854228098015
source_b_v1_19_m5_rich_lightgbm_100,m5_top_volume_100_20260714,M5,7,lightgbm_rich_tuned,FOODS_3_412_WI_2_validation,378,7130.0,6955.994399249554,18.40210158531628,128.12950361203292,0.9755952874122796
source_b_v1_19_m5_rich_lightgbm_100,m5_top_volume_100_20260714,M5,7,lightgbm_rich_tuned,FOODS_3_462_WI_2_validation,378,8298.0,3478.896513938904,9.2034299310553,49.264551522928755,0.41924518124113086
source_b_v1_19_m5_rich_lightgbm_100,m5_top_volume_100_20260714,M5,7,lightgbm_rich_tuned,FOODS_3_501_CA_3_validation,378,4934.0,2279.3519224226475,6.030031540800655,66.848908957931,0.4619683669279788
source_b_v1_19_m5_rich_lightgbm_100,m5_top_volume_100_20260714,M5,7,lightgbm_rich_tuned,FOODS_3_541_CA_3_validation,378,7136.0,4142.956420207396,10.960202169860837,112.5977521834908,0.5805712472263728
source_b_v1_19_m5_rich_lightgbm_100,m5_top_volume_100_20260714,M5,7,lightgbm_rich_tuned,FOODS_3_547_WI_2_validation,378,6199.0,6314.5014311000705,16.705030241005478,138.28364452148435,1.0186322682852187
source_b_v1_19_m5_rich_lightgbm_100,m5_top_volume_100_20260714,M5,7,lightgbm_rich_tuned,FOODS_3_555_CA_1_validation,378,6830.0,1596.1456804275513,4.2226076201787075,24.5197468352135,0.23369629288836768
source_b_v1_19_m5_rich_lightgbm_100,m5_top_volume_100_20260714,M5,7,lightgbm_rich_tuned,FOODS_3_555_CA_3_validation,378,11167.0,2257.931667327881,5.973364199280108,21.108661596372663,0.202196800154731
source_b_v1_19_m5_rich_lightgbm_100,m5_top_volume_100_20260714,M5,7,lightgbm_rich_tuned,FOODS_3_555_TX_1_validation,378,9228.0,2240.2406282424927,5.926562508578023,24.848115370746203,0.24276556439558872
source_b_v1_19_m5_rich_lightgbm_100,m5_top_volume_100_20260714,M5,7,lightgbm_rich_tuned,FOODS_3_555_TX_2_validation,378,16845.0,3666.75124168396,9.700400110275027,22.361353428679767,0.2176759419224672
source_b_v1_19_m5_rich_lightgbm_100,m5_top_volume_100_20260714,M5,7,lightgbm_rich_tuned,FOODS_3_555_TX_3_validation,378,12158.0,2960.5390272140503,7.832113828608598,26.00628528019427,0.24350543076279407
source_b_v1_19_m5_rich_lightgbm_100,m5_top_volume_100_20260714,M5,7,lightgbm_rich_tuned,FOODS_3_555_WI_3_validation,378,8320.0,2230.6230869293213,5.901119277590797,27.82251970880654,0.2681037364097742
source_b_v1_19_m5_rich_lightgbm_100,m5_top_volume_100_20260714,M5,7,lightgbm_rich_tuned,FOODS_3_586_CA_1_validation,378,16440.0,3260.3262939453125,8.62520183583416,20.74693431439762,0.19831668454655185
source_b_v1_19_m5_rich_lightgbm_100,m5_top_volume_100_20260714,M5,7,lightgbm_rich_tuned,FOODS_3_586_CA_2_validation,378,14229.0,2921.0599479675293,7.727671820019919,23.46135690551247,0.20528919445973218
source_b_v1_19_m5_rich_lightgbm_100,m5_top_volume_100_20260714,M5,7,lightgbm_rich_tuned,FOODS_3_586_CA_3_validation,378,27702.0,4520.435886383057,11.958825096251472,16.84203440146152,0.1631808492665893
source_b_v1_19_m5_rich_lightgbm_100,m5_top_volume_100_20260714,M5,7,lightgbm_rich_tuned,FOODS_3_586_TX_1_validation,378,19685.0,3810.982530593872,10.081964366650455,19.87135263019584,0.1935982997507682
source_b_v1_19_m5_rich_lightgbm_100,m5_top_volume_100_20260714,M5,7,lightgbm_rich_tuned,FOODS_3_586_TX_2_validation,378,34848.0,6191.009662628174,16.378332440815274,18.172496789940958,0.17765753164107478
source_b_v1_19_m5_rich_lightgbm_100,m5_top_volume_100_20260714,M5,7,lightgbm_rich_tuned,FOODS_3_586_TX_3_validation,378,27768.0,5310.957000732422,14.050150795588417,20.07287913802351,0.19126177617157958
source_b_v1_19_m5_rich_lightgbm_100,m5_top_volume_100_20260714,M5,7,lightgbm_rich_tuned,FOODS_3_586_WI_3_validation,378,12341.0,2576.049571990967,6.81494595764806,21.94661012526787,0.20873912746057588
source_b_v1_19_m5_rich_lightgbm_100,m5_top_volume_100_20260714,M5,7,lightgbm_rich_tuned,FOODS_3_587_CA_1_validation,378,10362.0,2788.490716934204,7.3769595686090055,28.19066292675478,0.2691073843789041
source_b_v1_19_m5_rich_lightgbm_100,m5_top_volume_100_20260714,M5,7,lightgbm_rich_tuned,FOODS_3_587_CA_3_validation,378,12820.0,2769.8603258132935,7.327672819611887,23.53854058317042,0.21605774772334582
source_b_v1_19_m5_rich_lightgbm_100,m5_top_volume_100_20260714,M5,7,lightgbm_rich_tuned,FOODS_3_587_TX_1_validation,378,10602.0,2838.919032931328,7.510367811987639,30.45333899239707,0.26777202725253046
source_b_v1_19_m5_rich_lightgbm_100,m5_top_volume_100_20260714,M5,7,lightgbm_rich_tuned,FOODS_3_587_TX_2_validation,378,11359.0,3012.0015716552734,7.968258126072152,28.133909963752906,0.265164325350407
source_b_v1_19_m5_rich_lightgbm_100,m5_top_volume_100_20260714,M5,7,lightgbm_rich_tuned,FOODS_3_587_TX_3_validation,378,11748.0,2961.3534421920776,7.834268365587507,25.77783376846716,0.2520729862267686
source_b_v1_19_m5_rich_lightgbm_100,m5_top_volume_100_20260714,M5,7,lightgbm_rich_tuned,FOODS_3_587_WI_3_validation,378,11072.0,2965.092487603426,7.844160020114884,33.96756948460279,0.26780098334568514
source_b_v1_19_m5_rich_lightgbm_100,m5_top_volume_100_20260714,M5,7,lightgbm_rich_tuned,FOODS_3_607_CA_3_validation,378,7937.0,3216.8588070869446,8.510208484356996,46.555326999467795,0.40529908114992375
source_b_v1_19_m5_rich_lightgbm_100,m5_top_volume_100_20260714,M5,7,lightgbm_rich_tuned,FOODS_3_635_CA_3_validation,378,6861.0,3548.6105409786105,9.387858574017487,105.67635985022407,0.5172147705842604
source_b_v1_19_m5_rich_lightgbm_100,m5_top_volume_100_20260714,M5,7,lightgbm_rich_tuned,FOODS_3_681_CA_3_validation,378,14755.0,6371.696327209473,16.85633948997215,46.89996748121699,0.4318330279369348
source_b_v1_19_m5_rich_lightgbm_100,m5_top_volume_100_20260714,M5,7,lightgbm_rich_tuned,FOODS_3_681_WI_3_validation,378,12789.0,5303.41985809803,14.030211264809603,50.150690941155716,0.4146860472357518
source_b_v1_19_m5_rich_lightgbm_100,m5_top_volume_100_20260714,M5,7,lightgbm_rich_tuned,FOODS_3_694_CA_3_validation,378,6591.0,1644.9623317718506,4.351752200454631,25.66114674551261,0.2495770492750494
source_b_v1_19_m5_rich_lightgbm_100,m5_top_volume_100_20260714,M5,7,lightgbm_rich_tuned,FOODS_3_694_TX_1_validation,378,6424.0,1844.6149282455444,4.87993367260726,29.865947273458755,0.2871442914454459
source_b_v1_19_m5_rich_lightgbm_100,m5_top_volume_100_20260714,M5,7,lightgbm_rich_tuned,FOODS_3_694_WI_1_validation,378,7117.0,1604.9776906967163,4.24597272671089,23.55838706505053,0.22551323460681696
source_b_v1_19_m5_rich_lightgbm_100,m5_top_volume_100_20260714,M5,7,lightgbm_rich_tuned,FOODS_3_694_WI_2_validation,378,11714.0,2313.6703310012817,6.120820981484872,20.36324040213288,0.19751326028694569
source_b_v1_19_m5_rich_lightgbm_100,m5_top_volume_100_20260714,M5,7,lightgbm_rich_tuned,FOODS_3_694_WI_3_validation,378,16615.0,3295.786064147949,8.719010751714151,20.400332515237054,0.19836208631645796
source_b_v1_19_m5_rich_lightgbm_100,m5_top_volume_100_20260714,M5,7,lightgbm_rich_tuned,FOODS_3_711_CA_3_validation,378,5232.0,4395.644732892513,11.628689769556914,90.79015791220463,0.8401461645436761
source_b_v1_19_m5_rich_lightgbm_100,m5_top_volume_100_20260714,M5,7,lightgbm_rich_tuned,FOODS_3_711_WI_2_validation,378,7949.0,6906.965814203024,18.272396333870432,117.12000232562461,0.868910028205186
source_b_v1_19_m5_rich_lightgbm_100,m5_top_volume_100_20260714,M5,7,lightgbm_rich_tuned,FOODS_3_714_CA_1_validation,378,8737.0,2391.7965183258057,6.3275040167349355,29.55413857198053,0.2737548950813558
source_b_v1_19_m5_rich_lightgbm_100,m5_top_volume_100_20260714,M5,7,lightgbm_rich_tuned,FOODS_3_714_CA_3_validation,378,11479.0,2732.606191635132,7.22911690908765,24.822461080040775,0.2380526345182622
source_b_v1_19_m5_rich_lightgbm_100,m5_top_volume_100_20260714,M5,7,lightgbm_rich_tuned,FOODS_3_714_TX_1_validation,378,5659.0,2026.0948593616486,5.360039310480552,38.176190955636876,0.3580305459200651
source_b_v1_19_m5_rich_lightgbm_100,m5_top_volume_100_20260714,M5,7,lightgbm_rich_tuned,FOODS_3_714_TX_2_validation,378,8856.0,2442.682858467102,6.462123964198683,28.67052998462881,0.2758223643255535
source_b_v1_19_m5_rich_lightgbm_100,m5_top_volume_100_20260714,M5,7,lightgbm_rich_tuned,FOODS_3_714_TX_3_validation,378,6863.0,2523.722035884857,6.676513322446712,39.588681243615746,0.3677286953059678
source_b_v1_19_m5_rich_lightgbm_100,m5_top_volume_100_20260714,M5,7,lightgbm_rich_tuned,FOODS_3_714_WI_3_validation,378,8435.0,2362.712411880493,6.250561936191781,29.213449317654106,0.2801081697546524
source_b_v1_19_m5_rich_lightgbm_100,m5_top_volume_100_20260714,M5,7,lightgbm_rich_tuned,FOODS_3_723_CA_3_validation,378,8460.0,3182.9089697208256,8.420394099790544,59.58357586132497,0.3762303746714924
source_b_v1_19_m5_rich_lightgbm_100,m5_top_volume_100_20260714,M5,7,lightgbm_rich_tuned,FOODS_3_723_WI_3_validation,378,8049.0,3151.682841788046,8.337785295735571,63.41401666825689,0.39156203774233395
source_b_v1_19_m5_rich_lightgbm_100,m5_top_volume_100_20260714,M5,7,lightgbm_rich_tuned,FOODS_3_752_CA_3_validation,378,6697.0,5392.563124895096,14.26604001294999,76.48374065386344,0.8052207144833651
source_b_v1_19_m5_rich_lightgbm_100,m5_top_volume_100_20260714,M5,7,lightgbm_rich_tuned,FOODS_3_804_CA_3_validation,378,8100.0,3752.116052389145,9.926232942828426,59.853943589288036,0.4632242039986599
source_b_v1_19_m5_rich_lightgbm_100,m5_top_volume_100_20260714,M5,7,lightgbm_rich_tuned,FOODS_3_808_CA_1_validation,378,2395.0,1971.6843539793044,5.216096174548424,144.80169001088152,0.8232502521834256
source_b_v1_19_m5_rich_lightgbm_100,m5_top_volume_100_20260714,M5,7,lightgbm_rich_tuned,FOODS_3_808_CA_3_validation,378,8869.0,4243.103349536657,11.225141136340364,106.15474582141799,0.47841959065696893
source_b_v1_19_m5_rich_lightgbm_100,m5_top_volume_100_20260714,M5,7,lightgbm_rich_tuned,HOUSEHOLD_1_118_CA_3_validation,378,7935.0,2579.186861038208,6.823245664122243,34.22074815579204,0.32503930195818626
source_b_v1_19_m5_rich_lightgbm_100,m5_top_volume_100_20260714,M5,7,lightgbm_rich_tuned,HOUSEHOLD_1_334_CA_3_validation,378,7215.0,2743.0333836078644,7.256702073036679,42.043296977660006,0.38018480715285713
source_b_v1_19_m5_rich_lightgbm_100,m5_top_volume_100_20260714,M5,7,lightgbm_rich_tuned,HOUSEHOLD_1_459_CA_3_validation,378,8248.0,3063.3047046661377,8.103980700174967,38.66132993033824,0.37139969746194684
source_b_v1_19_m5_rich_lightgbm_100,m5_top_volume_100_20260714,M5,14,lightgbm_rich_tuned,FOODS_1_218_TX_2_validation,378,5582.0,2480.460532553494,6.5620649009351695,54.786290443303876,0.44436770558106303
source_b_v1_19_m5_rich_lightgbm_100,m5_top_volume_100_20260714,M5,14,lightgbm_rich_tuned,FOODS_2_197_CA_1_validation,378,6349.0,2143.3369932174683,5.670203685760498,36.74803942911758,0.33758654799456106
source_b_v1_19_m5_rich_lightgbm_100,m5_top_volume_100_20260714,M5,14,lightgbm_rich_tuned,FOODS_2_197_CA_3_validation,378,5223.0,1675.6194376945496,4.432855655276586,34.06365019347295,0.3208155155455772
source_b_v1_19_m5_rich_lightgbm_100,m5_top_volume_100_20260714,M5,14,lightgbm_rich_tuned,FOODS_2_276_CA_3_validation,378,3143.0,1773.083968102932,4.690698328314635,61.12928259591005,0.5641374381491988
source_b_v1_19_m5_rich_lightgbm_100,m5_top_volume_100_20260714,M5,14,lightgbm_rich_tuned,FOODS_2_360_CA_3_validation,378,4857.0,2146.6236485540867,5.678898541148378,84.15225918294644,0.4419649266119182
source_b_v1_19_m5_rich_lightgbm_100,m5_top_volume_100_20260714,M5,14,lightgbm_rich_tuned,FOODS_2_360_TX_3_validation,378,3979.0,1880.5516182119027,4.975004280983869,100.65240018810235,0.4726191551173417
source_b_v1_19_m5_rich_lightgbm_100,m5_top_volume_100_20260714,M5,14,lightgbm_rich_tuned,FOODS_2_360_WI_2_validation,378,10631.0,5275.066734040018,13.955203000105866,111.57006502563998,0.49619666391120476
source_b_v1_19_m5_rich_lightgbm_100,m5_top_volume_100_20260714,M5,14,lightgbm_rich_tuned,FOODS_3_007_WI_2_validation,378,8464.0,7398.266110761091,19.572132568151034,132.5603561305275,0.8740862607231913
source_b_v1_19_m5_rich_lightgbm_100,m5_top_volume_100_20260714,M5,14,lightgbm_rich_tuned,FOODS_3_030_TX_2_validation,378,5036.0,1769.74140563549,4.6818555704642595,80.54678200361568,0.3514180710157844
source_b_v1_19_m5_rich_lightgbm_100,m5_top_volume_100_20260714,M5,14,lightgbm_rich_tuned,FOODS_3_030_TX_3_validation,378,5820.0,2144.9782660233323,5.674545677310403,83.613892545853,0.36855296667067566
source_b_v1_19_m5_rich_lightgbm_100,m5_top_volume_100_20260714,M5,14,lightgbm_rich_tuned,FOODS_3_080_CA_1_validation,378,6869.0,1967.4866285324097,5.204991080773571,29.32710328696237,0.28642984838148344
source_b_v1_19_m5_rich_lightgbm_100,m5_top_volume_100_20260714,M5,14,lightgbm_rich_tuned,FOODS_3_080_TX_2_validation,378,6590.0,1476.4351015090942,3.9059129669552757,23.401551711050576,0.22404174529728288
source_b_v1_19_m5_rich_lightgbm_100,m5_top_volume_100_20260714,M5,14,lightgbm_rich_tuned,FOODS_3_090_CA_1_validation,378,18773.0,6283.225343220925,16.622289267780225,58.72571629868575,0.33469479269274627
source_b_v1_19_m5_rich_lightgbm_100,m5_top_volume_100_20260714,M5,14,lightgbm_rich_tuned,FOODS_3_090_CA_2_validation,378,14152.0,5022.120961954759,13.286034290885606,62.523914160053465,0.3548700510143272
source_b_v1_19_m5_rich_lightgbm_100,m5_top_volume_100_20260714,M5,14,lightgbm_rich_tuned,FOODS_3_090_CA_3_validation,378,36819.0,9282.785082817078,24.55763249422507,47.4488968777264,0.2521194242868377
source_b_v1_19_m5_rich_lightgbm_100,m5_top_volume_100_20260714,M5,14,lightgbm_rich_tuned,FOODS_3_090_CA_4_validation,378,9660.0,3340.2804213463096,8.836720691392353,58.137001692649214,0.34578472270665733
source_b_v1_19_m5_rich_lightgbm_100,m5_top_volume_100_20260714,M5,14,lightgbm_rich_tuned,FOODS_3_090_TX_1_validation,378,16993.0,5123.229550824442,13.553517330223393,55.93134131636299,0.3014905873491698
source_b_v1_19_m5_rich_lightgbm_100,m5_top_volume_100_20260714,M5,14,lightgbm_rich_tuned,FOODS_3_090_TX_2_validation,378,19339.0,5645.277555985784,14.9345967089571,55.569467837620614,0.2919115546815132
source_b_v1_19_m5_rich_lightgbm_100,m5_top_volume_100_20260714,M5,14,lightgbm_rich_tuned,FOODS_3_090_TX_3_validation,378,21770.0,6488.603204823274,17.165616943976914,56.7400816919112,0.29805251285361845
source_b_v1_19_m5_rich_lightgbm_100,m5_top_volume_100_20260714,M5,14,lightgbm_rich_tuned,FOODS_3_090_WI_3_validation,378,23889.0,7017.275494910777,18.564220886007345,56.994211880739755,0.2937450498099869
source_b_v1_19_m5_rich_lightgbm_100,m5_top_volume_100_20260714,M5,14,lightgbm_rich_tuned,FOODS_3_099_TX_2_validation,378,5210.0,1948.4979342287406,5.1547564397585734,78.54968849970516,0.3739919259556124
source_b_v1_19_m5_rich_lightgbm_100,m5_top_volume_100_20260714,M5,14,lightgbm_rich_tuned,FOODS_3_120_CA_1_validation,378,15279.0,7144.685843061656,18.90128529910491,66.50253284947738,0.46761475509271916
source_b_v1_19_m5_rich_lightgbm_100,m5_top_volume_100_20260714,M5,14,lightgbm_rich_tuned,FOODS_3_120_CA_3_validation,378,31365.0,8906.901258612052,23.563230842889027,37.06584770386876,0.2839758092973713
source_b_v1_19_m5_rich_lightgbm_100,m5_top_volume_100_20260714,M5,14,lightgbm_rich_tuned,FOODS_3_120_WI_3_validation,378,12400.0,4537.063684755936,12.00281398083581,46.41009942355891,0.36589223264160775
source_b_v1_19_m5_rich_lightgbm_100,m5_top_volume_100_20260714,M5,14,lightgbm_rich_tuned,FOODS_3_202_CA_3_validation,378,7882.0,2631.2365619018674,6.960943285454675,52.42131160204176,0.33382854122073935
source_b_v1_19_m5_rich_lightgbm_100,m5_top_volume_100_20260714,M5,14,lightgbm_rich_tuned,FOODS_3_202_TX_1_validation,378,8044.0,3138.5762684864458,8.303111821392713,70.05628316385575,0.39017606520219367
source_b_v1_19_m5_rich_lightgbm_100,m5_top_volume_100_20260714,M5,14,lightgbm_rich_tuned,FOODS_3_202_TX_2_validation,378,7798.0,3742.387819500407,9.900496876985205,74.31359447205608,0.47991636567073703
source_b_v1_19_m5_rich_lightgbm_100,m5_top_volume_100_20260714,M5,14,lightgbm_rich_tuned,FOODS_3_202_TX_3_validation,378,9826.0,3488.3661112511763,9.228481775796762,66.43616595857826,0.3550138521525724
source_b_v1_19_m5_rich_lightgbm_100,m5_top_volume_100_20260714,M5,14,lightgbm_rich_tuned,FOODS_3_226_WI_1_validation,378,14808.0,2606.4986724853516,6.895499133559131,18.044819914742824,0.1760196294222955
source_b_v1_19_m5_rich_lightgbm_100,m5_top_volume_100_20260714,M5,14,lightgbm_rich_tuned,FOODS_3_226_WI_2_validation,378,14519.0,3040.0444688796997,8.04244568486693,22.416173541096406,0.20938387415660167
source_b_v1_19_m5_rich_lightgbm_100,m5_top_volume_100_20260714,M5,14,lightgbm_rich_tuned,FOODS_3_226_WI_3_validation,378,18132.0,3291.1624145507812,8.706778874472967,18.4473799467868,0.18151127369020412
source_b_v1_19_m5_rich_lightgbm_100,m5_top_volume_100_20260714,M5,14,lightgbm_rich_tuned,FOODS_3_234_CA_3_validation,378,7146.0,4954.236308097839,13.106445259518093,69.45333943116745,0.6932880363976825
source_b_v1_19_m5_rich_lightgbm_100,m5_top_volume_100_20260714,M5,14,lightgbm_rich_tuned,FOODS_3_234_WI_2_validation,378,8932.0,9738.122004900128,25.762227526190813,146.15583830704142,1.0902510081616803
source_b_v1_19_m5_rich_lightgbm_100,m5_top_volume_100_20260714,M5,14,lightgbm_rich_tuned,FOODS_3_234_WI_3_validation,378,7749.0,4646.409149736166,12.292087697714726,77.65197079552163,0.5996140340348646
source_b_v1_19_m5_rich_lightgbm_100,m5_top_volume_100_20260714,M5,14,lightgbm_rich_tuned,FOODS_3_252_CA_1_validation,378,14668.0,3153.7925033569336,8.343366410997179,22.978706348180758,0.2150117605233797
source_b_v1_19_m5_rich_lightgbm_100,m5_top_volume_100_20260714,M5,14,lightgbm_rich_tuned,FOODS_3_252_CA_2_validation,378,14731.0,3442.0108499526978,9.10584880939867,26.250062831583776,0.23365765052967877
source_b_v1_19_m5_rich_lightgbm_100,m5_top_volume_100_20260714,M5,14,lightgbm_rich_tuned,FOODS_3_252_CA_3_validation,378,17274.0,3617.0385341644287,9.568885011017008,21.53631980436134,0.20939206519418946
source_b_v1_19_m5_rich_lightgbm_100,m5_top_volume_100_20260714,M5,14,lightgbm_rich_tuned,FOODS_3_252_TX_1_validation,378,11801.0,3269.301357269287,8.64894538960129,29.50534923520825,0.2770359594330385
source_b_v1_19_m5_rich_lightgbm_100,m5_top_volume_100_20260714,M5,14,lightgbm_rich_tuned,FOODS_3_252_TX_2_validation,378,21934.0,4644.333438873291,12.286596399135691,21.702003506402328,0.21174128927114486
source_b_v1_19_m5_rich_lightgbm_100,m5_top_volume_100_20260714,M5,14,lightgbm_rich_tuned,FOODS_3_252_TX_3_validation,378,17754.0,4260.229583740234,11.270448634233425,25.398513762456876,0.2399588590593801
source_b_v1_19_m5_rich_lightgbm_100,m5_top_volume_100_20260714,M5,14,lightgbm_rich_tuned,FOODS_3_252_WI_3_validation,378,6826.0,2198.951085090637,5.817330912938194,33.48277439255575,0.3221434346748663
source_b_v1_19_m5_rich_lightgbm_100,m5_top_volume_100_20260714,M5,14,lightgbm_rich_tuned,FOODS_3_281_CA_3_validation,378,3821.0,1914.3473598696291,5.064411004946109,86.95324995592989,0.5010068986834936
source_b_v1_19_m5_rich_lightgbm_100,m5_top_volume_100_20260714,M5,14,lightgbm_rich_tuned,FOODS_3_282_CA_3_validation,378,13394.0,3994.8036317825317,10.568263576144265,39.16628382331835,0.2982532202316359
source_b_v1_19_m5_rich_lightgbm_100,m5_top_volume_100_20260714,M5,14,lightgbm_rich_tuned,FOODS_3_288_CA_3_validation,378,12500.0,3725.9198847934604,9.856930912152011,43.52423300675498,0.29807359078347684
source_b_v1_19_m5_rich_lightgbm_100,m5_top_volume_100_20260714,M5,14,lightgbm_rich_tuned,FOODS_3_318_CA_3_validation,378,5296.0,2610.100358289288,6.905027402881714,101.88426659699859,0.4928437232419351
source_b_v1_19_m5_rich_lightgbm_100,m5_top_volume_100_20260714,M5,14,lightgbm_rich_tuned,FOODS_3_318_WI_3_validation,378,5628.0,2626.8418412704195,6.949317040397935,99.03631439543852,0.4667451743550852
source_b_v1_19_m5_rich_lightgbm_100,m5_top_volume_100_20260714,M5,14,lightgbm_rich_tuned,FOODS_3_319_CA_3_validation,378,4783.0,2711.0603178707534,7.172117243044321,113.55941413773031,0.566811690961897
source_b_v1_19_m5_rich_lightgbm_100,m5_top_volume_100_20260714,M5,14,lightgbm_rich_tuned,FOODS_3_376_WI_2_validation,378,8991.0,4107.057550430298,10.865231614894968,51.69776206831762,0.4567965243499386
source_b_v1_19_m5_rich_lightgbm_100,m5_top_volume_100_20260714,M5,14,lightgbm_rich_tuned,FOODS_3_377_TX_2_validation,378,11838.0,2077.435453414917,5.4958609878701505,18.061170435957962,0.17548871882200684
source_b_v1_19_m5_rich_lightgbm_100,m5_top_volume_100_20260714,M5,14,lightgbm_rich_tuned,FOODS_3_377_TX_3_validation,378,15919.0,3043.7085304260254,8.05213896938102,19.45044982531802,0.19119973179383287
source_b_v1_19_m5_rich_lightgbm_100,m5_top_volume_100_20260714,M5,14,lightgbm_rich_tuned,FOODS_3_412_WI_2_validation,378,7130.0,7024.969573810697,18.58457559209179,130.31920240695615,0.9852692249383866
source_b_v1_19_m5_rich_lightgbm_100,m5_top_volume_100_20260714,M5,14,lightgbm_rich_tuned,FOODS_3_462_WI_2_validation,378,8298.0,3719.8485729694366,9.840869240659885,52.31505876650695,0.4482825467545718
source_b_v1_19_m5_rich_lightgbm_100,m5_top_volume_100_20260714,M5,14,lightgbm_rich_tuned,FOODS_3_501_CA_3_validation,378,4934.0,2213.3275910168886,5.855363997399176,66.7899970635466,0.44858686481898835
source_b_v1_19_m5_rich_lightgbm_100,m5_top_volume_100_20260714,M5,14,lightgbm_rich_tuned,FOODS_3_541_CA_3_validation,378,7136.0,3883.4143710341305,10.273582992153784,111.26511315937833,0.5442004443713748
source_b_v1_19_m5_rich_lightgbm_100,m5_top_volume_100_20260714,M5,14,lightgbm_rich_tuned,FOODS_3_547_WI_2_validation,378,6199.0,6850.433716345578,18.122840519432746,143.57015037374754,1.1050869037498916
source_b_v1_19_m5_rich_lightgbm_100,m5_top_volume_100_20260714,M5,14,lightgbm_rich_tuned,FOODS_3_555_CA_1_validation,378,6830.0,1560.0326404571533,4.127070477399877,24.268243970454403,0.22840887854423914
source_b_v1_19_m5_rich_lightgbm_100,m5_top_volume_100_20260714,M5,14,lightgbm_rich_tuned,FOODS_3_555_CA_3_validation,378,11167.0,2138.529441833496,5.6574852958558095,20.1231057336204,0.1915043827199334
source_b_v1_19_m5_rich_lightgbm_100,m5_top_volume_100_20260714,M5,14,lightgbm_rich_tuned,FOODS_3_555_TX_1_validation,378,9228.0,2192.161967277527,5.799370283802981,24.678315407629935,0.23755547976566177
source_b_v1_19_m5_rich_lightgbm_100,m5_top_volume_100_20260714,M5,14,lightgbm_rich_tuned,FOODS_3_555_TX_2_validation,378,16845.0,3446.9351863861084,9.118876154460605,21.270791177400667,0.20462660649368408
source_b_v1_19_m5_rich_lightgbm_100,m5_top_volume_100_20260714,M5,14,lightgbm_rich_tuned,FOODS_3_555_TX_3_validation,378,12158.0,2925.388833999634,7.739123899469931,25.671906484218976,0.2406143143608845
source_b_v1_19_m5_rich_lightgbm_100,m5_top_volume_100_20260714,M5,14,lightgbm_rich_tuned,FOODS_3_555_WI_3_validation,378,8320.0,2062.432107925415,5.456169597686283,26.000868827357298,0.24788847451026624
source_b_v1_19_m5_rich_lightgbm_100,m5_top_volume_100_20260714,M5,14,lightgbm_rich_tuned,FOODS_3_586_CA_1_validation,378,16440.0,3173.4279613494873,8.395312067062136,20.20580457588929,0.19303089789230457
source_b_v1_19_m5_rich_lightgbm_100,m5_top_volume_100_20260714,M5,14,lightgbm_rich_tuned,FOODS_3_586_CA_2_validation,378,14229.0,2976.5308363437653,7.874420201967633,24.822423495243807,0.20918763344885552
source_b_v1_19_m5_rich_lightgbm_100,m5_top_volume_100_20260714,M5,14,lightgbm_rich_tuned,FOODS_3_586_CA_3_validation,378,27702.0,4167.80867767334,11.025948882733703,15.681691119092015,0.15045154420884196
source_b_v1_19_m5_rich_lightgbm_100,m5_top_volume_100_20260714,M5,14,lightgbm_rich_tuned,FOODS_3_586_TX_1_validation,378,19685.0,3564.633045196533,9.43024615131358,18.527098677857225,0.1810837208634256
source_b_v1_19_m5_rich_lightgbm_100,m5_top_volume_100_20260714,M5,14,lightgbm_rich_tuned,FOODS_3_586_TX_2_validation,378,34848.0,5656.803806304932,14.965089434669132,16.5049329507193,0.1623279329173821
source_b_v1_19_m5_rich_lightgbm_100,m5_top_volume_100_20260714,M5,14,lightgbm_rich_tuned,FOODS_3_586_TX_3_validation,378,27768.0,5203.90934753418,13.766955945857617,19.4361308351943,0.18740670367092263
source_b_v1_19_m5_rich_lightgbm_100,m5_top_volume_100_20260714,M5,14,lightgbm_rich_tuned,FOODS_3_586_WI_3_validation,378,12341.0,2495.5937328338623,6.602099822311805,21.373559552855127,0.2022197336385919
source_b_v1_19_m5_rich_lightgbm_100,m5_top_volume_100_20260714,M5,14,lightgbm_rich_tuned,FOODS_3_587_CA_1_validation,378,10362.0,2693.325408935547,7.125199494538484,27.165065648765367,0.25992331682450753
source_b_v1_19_m5_rich_lightgbm_100,m5_top_volume_100_20260714,M5,14,lightgbm_rich_tuned,FOODS_3_587_CA_3_validation,378,12820.0,2805.8868951797485,7.422981204179229,23.759849935722315,0.21886793254132203
source_b_v1_19_m5_rich_lightgbm_100,m5_top_volume_100_20260714,M5,14,lightgbm_rich_tuned,FOODS_3_587_TX_1_validation,378,10602.0,2892.0483293533325,7.650921506225748,29.645306496577213,0.27278327950889764
source_b_v1_19_m5_rich_lightgbm_100,m5_top_volume_100_20260714,M5,14,lightgbm_rich_tuned,FOODS_3_587_TX_2_validation,378,11359.0,2960.5615940093994,7.832173529125395,27.810790084286264,0.2606357596627696
source_b_v1_19_m5_rich_lightgbm_100,m5_top_volume_100_20260714,M5,14,lightgbm_rich_tuned,FOODS_3_587_TX_3_validation,378,11748.0,3083.9779767990112,8.158671896293681,26.71554804880319,0.2625108934966812
source_b_v1_19_m5_rich_lightgbm_100,m5_top_volume_100_20260714,M5,14,lightgbm_rich_tuned,FOODS_3_587_WI_3_validation,378,11072.0,3335.0639167344198,8.822920414641322,35.878169316503275,0.3012160329420538
source_b_v1_19_m5_rich_lightgbm_100,m5_top_volume_100_20260714,M5,14,lightgbm_rich_tuned,FOODS_3_607_CA_3_validation,378,7937.0,3264.9129662513733,8.637335889553897,46.38848048060892,0.41135352982882367
source_b_v1_19_m5_rich_lightgbm_100,m5_top_volume_100_20260714,M5,14,lightgbm_rich_tuned,FOODS_3_635_CA_3_validation,378,6861.0,3567.518376729451,9.437879303517066,106.40422166929324,0.5199706131364891
source_b_v1_19_m5_rich_lightgbm_100,m5_top_volume_100_20260714,M5,14,lightgbm_rich_tuned,FOODS_3_681_CA_3_validation,378,14755.0,6503.8253173828125,17.205887083023313,46.87607224138477,0.4407878900293333
source_b_v1_19_m5_rich_lightgbm_100,m5_top_volume_100_20260714,M5,14,lightgbm_rich_tuned,FOODS_3_681_WI_3_validation,378,12789.0,5071.383460521698,13.416358361168513,48.02374282186456,0.3965426116601531
source_b_v1_19_m5_rich_lightgbm_100,m5_top_volume_100_20260714,M5,14,lightgbm_rich_tuned,FOODS_3_694_CA_3_validation,378,6591.0,1509.8289890289307,3.994256584732621,23.663676232388937,0.2290743421376014
source_b_v1_19_m5_rich_lightgbm_100,m5_top_volume_100_20260714,M5,14,lightgbm_rich_tuned,FOODS_3_694_TX_1_validation,378,6424.0,1747.3413400650024,4.6225961377381015,28.67816535256356,0.2720020765979145
source_b_v1_19_m5_rich_lightgbm_100,m5_top_volume_100_20260714,M5,14,lightgbm_rich_tuned,FOODS_3_694_WI_1_validation,378,7117.0,1642.2946395874023,4.344694813723287,24.08044488979555,0.23075658839221616
source_b_v1_19_m5_rich_lightgbm_100,m5_top_volume_100_20260714,M5,14,lightgbm_rich_tuned,FOODS_3_694_WI_2_validation,378,11714.0,2272.481834411621,6.011856704792648,20.376315610593977,0.1939970833542446
source_b_v1_19_m5_rich_lightgbm_100,m5_top_volume_100_20260714,M5,14,lightgbm_rich_tuned,FOODS_3_694_WI_3_validation,378,16615.0,3062.1503524780273,8.10092685840748,19.059895125465243,0.18430035224062757
source_b_v1_19_m5_rich_lightgbm_100,m5_top_volume_100_20260714,M5,14,lightgbm_rich_tuned,FOODS_3_711_CA_3_validation,378,5232.0,4082.0251860022545,10.799008428577393,91.98211041366821,0.7802035905967611
source_b_v1_19_m5_rich_lightgbm_100,m5_top_volume_100_20260714,M5,14,lightgbm_rich_tuned,FOODS_3_711_WI_2_validation,378,7949.0,6842.432345941663,18.101672872861542,116.23530785706325,0.8607915896265773
source_b_v1_19_m5_rich_lightgbm_100,m5_top_volume_100_20260714,M5,14,lightgbm_rich_tuned,FOODS_3_714_CA_1_validation,378,8737.0,2284.051001548767,6.042462967060231,28.78614869907524,0.2614227997652246
source_b_v1_19_m5_rich_lightgbm_100,m5_top_volume_100_20260714,M5,14,lightgbm_rich_tuned,FOODS_3_714_CA_3_validation,378,11479.0,2543.7132053375244,6.729400014120435,23.42983188053813,0.22159710822698184
source_b_v1_19_m5_rich_lightgbm_100,m5_top_volume_100_20260714,M5,14,lightgbm_rich_tuned,FOODS_3_714_TX_1_validation,378,5659.0,1922.413010597229,5.085748705283675,37.20632564040677,0.33970896105269993
source_b_v1_19_m5_rich_lightgbm_100,m5_top_volume_100_20260714,M5,14,lightgbm_rich_tuned,FOODS_3_714_TX_2_validation,378,8856.0,2377.693127632141,6.290193459344288,28.50874301906934,0.2684838671671343
source_b_v1_19_m5_rich_lightgbm_100,m5_top_volume_100_20260714,M5,14,lightgbm_rich_tuned,FOODS_3_714_TX_3_validation,378,6863.0,2382.2952156066895,6.302368295255792,37.12840045621235,0.347121552616449
source_b_v1_19_m5_rich_lightgbm_100,m5_top_volume_100_20260714,M5,14,lightgbm_rich_tuned,FOODS_3_714_WI_3_validation,378,8435.0,2367.3759269714355,6.2628992777022106,29.189038680683804,0.2806610464696426
source_b_v1_19_m5_rich_lightgbm_100,m5_top_volume_100_20260714,M5,14,lightgbm_rich_tuned,FOODS_3_723_CA_3_validation,378,8460.0,3181.922105928883,8.417783349018208,59.33406168773337,0.3761137241050689
source_b_v1_19_m5_rich_lightgbm_100,m5_top_volume_100_20260714,M5,14,lightgbm_rich_tuned,FOODS_3_723_WI_3_validation,378,8049.0,3273.9196668809745,8.661163139896757,64.05847032020652,0.40674862304397746
source_b_v1_19_m5_rich_lightgbm_100,m5_top_volume_100_20260714,M5,14,lightgbm_rich_tuned,FOODS_3_752_CA_3_validation,378,6697.0,4895.492251336575,12.95103770194861,74.03697031572932,0.7309977977208563
source_b_v1_19_m5_rich_lightgbm_100,m5_top_volume_100_20260714,M5,14,lightgbm_rich_tuned,FOODS_3_804_CA_3_validation,378,8100.0,3662.0447410345078,9.68794905035584,56.27413047605662,0.4521042890166059
source_b_v1_19_m5_rich_lightgbm_100,m5_top_volume_100_20260714,M5,14,lightgbm_rich_tuned,FOODS_3_808_CA_1_validation,378,2395.0,2070.004283559043,5.476201808357256,144.8762987168338,0.8643024148471996
source_b_v1_19_m5_rich_lightgbm_100,m5_top_volume_100_20260714,M5,14,lightgbm_rich_tuned,FOODS_3_808_CA_3_validation,378,8869.0,4749.19661320094,12.564012204235292,107.76853671441344,0.5354827616643297
source_b_v1_19_m5_rich_lightgbm_100,m5_top_volume_100_20260714,M5,14,lightgbm_rich_tuned,HOUSEHOLD_1_118_CA_3_validation,378,7935.0,2462.1946878433228,6.513742560432071,32.77822169377365,0.3102954868107527
source_b_v1_19_m5_rich_lightgbm_100,m5_top_volume_100_20260714,M5,14,lightgbm_rich_tuned,HOUSEHOLD_1_334_CA_3_validation,378,7215.0,2593.18776679039,6.860285097329074,40.17675016124402,0.35941618389333196
source_b_v1_19_m5_rich_lightgbm_100,m5_top_volume_100_20260714,M5,14,lightgbm_rich_tuned,HOUSEHOLD_1_459_CA_3_validation,378,8248.0,2863.306721687317,7.574885507109304,36.50467494100394,0.3471516393898299
source_b_v1_19_m5_rich_lightgbm_100,m5_top_volume_100_20260714,M5,28,lightgbm_rich_tuned,FOODS_1_218_TX_2_validation,364,5401.0,2447.6948697566986,6.724436455375546,51.58429457957296,0.4531929031210329
source_b_v1_19_m5_rich_lightgbm_100,m5_top_volume_100_20260714,M5,28,lightgbm_rich_tuned,FOODS_2_197_CA_1_validation,364,6045.0,2087.5703535079956,5.7350833887582295,37.271337950018086,0.3453383545918934
source_b_v1_19_m5_rich_lightgbm_100,m5_top_volume_100_20260714,M5,28,lightgbm_rich_tuned,FOODS_2_197_CA_3_validation,364,5076.0,1679.612687587738,4.614320570295984,34.857763400221096,0.3308929644577892
source_b_v1_19_m5_rich_lightgbm_100,m5_top_volume_100_20260714,M5,28,lightgbm_rich_tuned,FOODS_2_276_CA_3_validation,364,3023.0,1702.9895827770233,4.678542809826987,56.84497608239823,0.5633442218911754
source_b_v1_19_m5_rich_lightgbm_100,m5_top_volume_100_20260714,M5,28,lightgbm_rich_tuned,FOODS_2_360_CA_3_validation,364,4556.0,2244.6498028337955,6.166620337455482,80.5408654443767,0.4926799391645732
source_b_v1_19_m5_rich_lightgbm_100,m5_top_volume_100_20260714,M5,28,lightgbm_rich_tuned,FOODS_2_360_TX_3_validation,364,3695.0,2171.3121349960566,5.9651432280111445,102.36049651082485,0.5876352192140883
source_b_v1_19_m5_rich_lightgbm_100,m5_top_volume_100_20260714,M5,28,lightgbm_rich_tuned,FOODS_2_360_WI_2_validation,364,9519.0,5087.814553499222,13.977512509613247,112.53277751353217,0.5344904457925436
source_b_v1_19_m5_rich_lightgbm_100,m5_top_volume_100_20260714,M5,28,lightgbm_rich_tuned,FOODS_3_007_WI_2_validation,364,7734.0,7321.580196458846,20.114231308952874,132.2576069073793,0.9466744500205387
source_b_v1_19_m5_rich_lightgbm_100,m5_top_volume_100_20260714,M5,28,lightgbm_rich_tuned,FOODS_3_030_TX_2_validation,364,4773.0,2118.8154948055744,5.820921689026303,85.79116178173987,0.4439169274681698
source_b_v1_19_m5_rich_lightgbm_100,m5_top_volume_100_20260714,M5,28,lightgbm_rich_tuned,FOODS_3_030_TX_3_validation,364,5556.0,2620.814353790134,7.20003943348938,89.93723960408693,0.4717088469744662
source_b_v1_19_m5_rich_lightgbm_100,m5_top_volume_100_20260714,M5,28,lightgbm_rich_tuned,FOODS_3_080_CA_1_validation,364,6633.0,1881.1905012130737,5.168105772563389,29.215588362866445,0.28361080977130615
source_b_v1_19_m5_rich_lightgbm_100,m5_top_volume_100_20260714,M5,28,lightgbm_rich_tuned,FOODS_3_080_TX_2_validation,364,6351.0,1475.7808237075806,4.054342922273573,24.128458194617984,0.23236983525548427
source_b_v1_19_m5_rich_lightgbm_100,m5_top_volume_100_20260714,M5,28,lightgbm_rich_tuned,FOODS_3_090_CA_1_validation,364,18027.0,7806.80252321437,21.447259679160357,61.3183100983052,0.433061658801485
source_b_v1_19_m5_rich_lightgbm_100,m5_top_volume_100_20260714,M5,28,lightgbm_rich_tuned,FOODS_3_090_CA_2_validation,364,13416.0,5545.907716430724,15.236010209974516,64.43567051412866,0.41338012197605273
source_b_v1_19_m5_rich_lightgbm_100,m5_top_volume_100_20260714,M5,28,lightgbm_rich_tuned,FOODS_3_090_CA_3_validation,364,35186.0,10636.111685335636,29.220087047625373,52.687332994289314,0.3022824897781969
source_b_v1_19_m5_rich_lightgbm_100,m5_top_volume_100_20260714,M5,28,lightgbm_rich_tuned,FOODS_3_090_CA_4_validation,364,9265.0,3757.4720379263163,10.32272537891845,60.533323755846915,0.40555553566393054
source_b_v1_19_m5_rich_lightgbm_100,m5_top_volume_100_20260714,M5,28,lightgbm_rich_tuned,FOODS_3_090_TX_1_validation,364,16266.0,6119.9947106055915,16.813172281883492,57.430430711234614,0.37624460288980643
source_b_v1_19_m5_rich_lightgbm_100,m5_top_volume_100_20260714,M5,28,lightgbm_rich_tuned,FOODS_3_090_TX_2_validation,364,18445.0,6855.892847284675,18.83487045957328,57.12420366124719,0.37169383829138924
source_b_v1_19_m5_rich_lightgbm_100,m5_top_volume_100_20260714,M5,28,lightgbm_rich_tuned,FOODS_3_090_TX_3_validation,364,20844.0,7761.354495316744,21.322402459661383,58.75460195147848,0.37235437033759083
source_b_v1_19_m5_rich_lightgbm_100,m5_top_volume_100_20260714,M5,28,lightgbm_rich_tuned,FOODS_3_090_WI_3_validation,364,22744.0,8354.90724600479,22.953041884628544,58.61886057003367,0.36734555249757256
source_b_v1_19_m5_rich_lightgbm_100,m5_top_volume_100_20260714,M5,28,lightgbm_rich_tuned,FOODS_3_099_TX_2_validation,364,4993.0,2133.7247269153595,5.8618811178993395,79.16274872052915,0.42734322589933094
source_b_v1_19_m5_rich_lightgbm_100,m5_top_volume_100_20260714,M5,28,lightgbm_rich_tuned,FOODS_3_120_CA_1_validation,364,14909.0,7333.677756205201,20.1474663632011,68.28337322504719,0.49189601959924883
source_b_v1_19_m5_rich_lightgbm_100,m5_top_volume_100_20260714,M5,28,lightgbm_rich_tuned,FOODS_3_120_CA_3_validation,364,30361.0,9642.593510523438,26.49064151242703,43.533896948057055,0.31759802083341915
source_b_v1_19_m5_rich_lightgbm_100,m5_top_volume_100_20260714,M5,28,lightgbm_rich_tuned,FOODS_3_120_WI_3_validation,364,11888.0,4672.483789935708,12.836493928394802,51.44787004399707,0.3930420415491006
source_b_v1_19_m5_rich_lightgbm_100,m5_top_volume_100_20260714,M5,28,lightgbm_rich_tuned,FOODS_3_202_CA_3_validation,364,7485.0,2889.2063712477684,7.937380140790572,56.11435986912502,0.3859995151967626
source_b_v1_19_m5_rich_lightgbm_100,m5_top_volume_100_20260714,M5,28,lightgbm_rich_tuned,FOODS_3_202_TX_1_validation,364,7637.0,3739.201661296189,10.272532036527991,73.56563088171075,0.48961655902791523
source_b_v1_19_m5_rich_lightgbm_100,m5_top_volume_100_20260714,M5,28,lightgbm_rich_tuned,FOODS_3_202_TX_2_validation,364,7507.0,4698.626105610281,12.908313476951323,82.31991792424313,0.6258993080605143
source_b_v1_19_m5_rich_lightgbm_100,m5_top_volume_100_20260714,M5,28,lightgbm_rich_tuned,FOODS_3_202_TX_3_validation,364,9390.0,4668.515621237457,12.82559236603697,76.53275784916909,0.4971795123788559
source_b_v1_19_m5_rich_lightgbm_100,m5_top_volume_100_20260714,M5,28,lightgbm_rich_tuned,FOODS_3_226_WI_1_validation,364,14269.0,2510.7205543518066,6.897583940526942,18.038092607178445,0.17595630768461748
source_b_v1_19_m5_rich_lightgbm_100,m5_top_volume_100_20260714,M5,28,lightgbm_rich_tuned,FOODS_3_226_WI_2_validation,364,13849.0,3046.523691177368,8.369570580157605,23.329995130200757,0.2199814926115509
source_b_v1_19_m5_rich_lightgbm_100,m5_top_volume_100_20260714,M5,28,lightgbm_rich_tuned,FOODS_3_226_WI_3_validation,364,17486.0,3303.7636184692383,9.076273677113292,19.271608423933234,0.1889376425980349
source_b_v1_19_m5_rich_lightgbm_100,m5_top_volume_100_20260714,M5,28,lightgbm_rich_tuned,FOODS_3_234_CA_3_validation,364,6927.0,4869.949880123138,13.37898318715148,68.26778166970354,0.7030388162441372
source_b_v1_19_m5_rich_lightgbm_100,m5_top_volume_100_20260714,M5,28,lightgbm_rich_tuned,FOODS_3_234_WI_2_validation,364,8873.0,10289.802217513323,28.268687410750886,141.1496148533775,1.159675669729891
source_b_v1_19_m5_rich_lightgbm_100,m5_top_volume_100_20260714,M5,28,lightgbm_rich_tuned,FOODS_3_234_WI_3_validation,364,7337.0,4488.7184715271,12.331644152546977,75.3466098602067,0.6117920773513833
source_b_v1_19_m5_rich_lightgbm_100,m5_top_volume_100_20260714,M5,28,lightgbm_rich_tuned,FOODS_3_252_CA_1_validation,364,14143.0,3196.4163150787354,8.78136350296356,23.956905597302207,0.22600695150100653
source_b_v1_19_m5_rich_lightgbm_100,m5_top_volume_100_20260714,M5,28,lightgbm_rich_tuned,FOODS_3_252_CA_2_validation,364,14244.0,3432.8711671829224,9.430964745008028,27.47002997262672,0.24100471547198277
source_b_v1_19_m5_rich_lightgbm_100,m5_top_volume_100_20260714,M5,28,lightgbm_rich_tuned,FOODS_3_252_CA_3_validation,364,16554.0,3665.8049240112305,10.070892648382502,22.774695786534867,0.22144526543501453
source_b_v1_19_m5_rich_lightgbm_100,m5_top_volume_100_20260714,M5,28,lightgbm_rich_tuned,FOODS_3_252_TX_1_validation,364,11375.0,3391.4642667770386,9.317209524112743,31.581273691512695,0.29815070477160777
source_b_v1_19_m5_rich_lightgbm_100,m5_top_volume_100_20260714,M5,28,lightgbm_rich_tuned,FOODS_3_252_TX_2_validation,364,21287.0,4581.435758590698,12.58636197415027,21.962472997569204,0.21522223697987966
source_b_v1_19_m5_rich_lightgbm_100,m5_top_volume_100_20260714,M5,28,lightgbm_rich_tuned,FOODS_3_252_TX_3_validation,364,17267.0,4382.285913467407,12.039247015020349,26.47133465621771,0.25379544295288164
source_b_v1_19_m5_rich_lightgbm_100,m5_top_volume_100_20260714,M5,28,lightgbm_rich_tuned,FOODS_3_252_WI_3_validation,364,6563.0,2231.437469959259,6.130322719668294,35.80065927548874,0.3400026618862196
source_b_v1_19_m5_rich_lightgbm_100,m5_top_volume_100_20260714,M5,28,lightgbm_rich_tuned,FOODS_3_281_CA_3_validation,364,3618.0,1956.4603203833103,5.374890990064039,88.90023009563878,0.5407574130412688
source_b_v1_19_m5_rich_lightgbm_100,m5_top_volume_100_20260714,M5,28,lightgbm_rich_tuned,FOODS_3_282_CA_3_validation,364,12762.0,4294.2209215164185,11.797310223946205,42.1654804774616,0.33648494918636723
source_b_v1_19_m5_rich_lightgbm_100,m5_top_volume_100_20260714,M5,28,lightgbm_rich_tuned,FOODS_3_288_CA_3_validation,364,12018.0,3836.1225908994675,10.538798326646889,45.799127924056954,0.31919808544678546
source_b_v1_19_m5_rich_lightgbm_100,m5_top_volume_100_20260714,M5,28,lightgbm_rich_tuned,FOODS_3_318_CA_3_validation,364,4989.0,2858.4781116321683,7.852961845143319,109.45179152103319,0.5729561258032007
source_b_v1_19_m5_rich_lightgbm_100,m5_top_volume_100_20260714,M5,28,lightgbm_rich_tuned,FOODS_3_318_WI_3_validation,364,5294.0,3131.551756095141,8.603164165096542,103.9737787277973,0.5915284767841219
source_b_v1_19_m5_rich_lightgbm_100,m5_top_volume_100_20260714,M5,28,lightgbm_rich_tuned,FOODS_3_319_CA_3_validation,364,4781.0,3118.194925121963,8.566469574510888,112.74965619396318,0.6522055898602725
source_b_v1_19_m5_rich_lightgbm_100,m5_top_volume_100_20260714,M5,28,lightgbm_rich_tuned,FOODS_3_376_WI_2_validation,364,8342.0,4164.76580619812,11.441664302742089,55.40971543826508,0.49925267396285306
source_b_v1_19_m5_rich_lightgbm_100,m5_top_volume_100_20260714,M5,28,lightgbm_rich_tuned,FOODS_3_377_TX_2_validation,364,11468.0,2024.4382400512695,5.5616435166243665,18.172993839647848,0.17652931985100012
source_b_v1_19_m5_rich_lightgbm_100,m5_top_volume_100_20260714,M5,28,lightgbm_rich_tuned,FOODS_3_377_TX_3_validation,364,15335.0,3166.551160812378,8.699316375858182,21.030431828068537,0.2064917613832656
source_b_v1_19_m5_rich_lightgbm_100,m5_top_volume_100_20260714,M5,28,lightgbm_rich_tuned,FOODS_3_412_WI_2_validation,364,6820.0,6942.604290008545,19.073088708814684,124.77644806305071,1.0179771686229537
source_b_v1_19_m5_rich_lightgbm_100,m5_top_volume_100_20260714,M5,28,lightgbm_rich_tuned,FOODS_3_462_WI_2_validation,364,7852.0,3907.6766023635864,10.735375281218644,56.76437949100549,0.4976664037651027
source_b_v1_19_m5_rich_lightgbm_100,m5_top_volume_100_20260714,M5,28,lightgbm_rich_tuned,FOODS_3_501_CA_3_validation,364,4692.0,2564.7607736587524,7.046046081480089,75.92628710034842,0.5466242058096232
source_b_v1_19_m5_rich_lightgbm_100,m5_top_volume_100_20260714,M5,28,lightgbm_rich_tuned,FOODS_3_541_CA_3_validation,364,7136.0,4677.528582572937,12.85035324882675,111.92454151641466,0.6554832654950865
source_b_v1_19_m5_rich_lightgbm_100,m5_top_volume_100_20260714,M5,28,lightgbm_rich_tuned,FOODS_3_547_WI_2_validation,364,6138.0,6666.60387212038,18.314845802528517,138.2139313217432,1.0861198879309841
source_b_v1_19_m5_rich_lightgbm_100,m5_top_volume_100_20260714,M5,28,lightgbm_rich_tuned,FOODS_3_555_CA_1_validation,364,6566.0,1536.931131362915,4.222338272975041,24.87828725838933,0.23407418997303
source_b_v1_19_m5_rich_lightgbm_100,m5_top_volume_100_20260714,M5,28,lightgbm_rich_tuned,FOODS_3_555_CA_3_validation,364,10701.0,2070.817485809326,5.689059026948699,20.23744868514083,0.19351625883649437
source_b_v1_19_m5_rich_lightgbm_100,m5_top_volume_100_20260714,M5,28,lightgbm_rich_tuned,FOODS_3_555_TX_1_validation,364,8816.0,2216.3262300491333,6.088808324310806,26.057789452111773,0.2513981658404189
source_b_v1_19_m5_rich_lightgbm_100,m5_top_volume_100_20260714,M5,28,lightgbm_rich_tuned,FOODS_3_555_TX_2_validation,364,16252.0,3374.155200958252,9.269657145489703,21.475665503361164,0.20761476747220353
source_b_v1_19_m5_rich_lightgbm_100,m5_top_volume_100_20260714,M5,28,lightgbm_rich_tuned,FOODS_3_555_TX_3_validation,364,11786.0,2940.865213394165,8.079300036797157,26.15005018042077,0.2495219084841477
source_b_v1_19_m5_rich_lightgbm_100,m5_top_volume_100_20260714,M5,28,lightgbm_rich_tuned,FOODS_3_555_WI_3_validation,364,7929.0,2113.95742559433,5.807575345039368,28.436645231869896,0.26661084948850167
source_b_v1_19_m5_rich_lightgbm_100,m5_top_volume_100_20260714,M5,28,lightgbm_rich_tuned,FOODS_3_586_CA_1_validation,364,15898.0,3190.0757160186768,8.763944274776584,20.80102656060015,0.20065893294871537
source_b_v1_19_m5_rich_lightgbm_100,m5_top_volume_100_20260714,M5,28,lightgbm_rich_tuned,FOODS_3_586_CA_2_validation,364,13764.0,3010.0028958320618,8.269238724813356,26.111322410298303,0.2186866387555988
source_b_v1_19_m5_rich_lightgbm_100,m5_top_volume_100_20260714,M5,28,lightgbm_rich_tuned,FOODS_3_586_CA_3_validation,364,26695.0,3974.8054161071777,10.919795099195543,15.549659251516202,0.1488970000414751
source_b_v1_19_m5_rich_lightgbm_100,m5_top_volume_100_20260714,M5,28,lightgbm_rich_tuned,FOODS_3_586_TX_1_validation,364,18896.0,3537.7423038482666,9.719072263319413,19.06464858122722,0.18722175613083544
source_b_v1_19_m5_rich_lightgbm_100,m5_top_volume_100_20260714,M5,28,lightgbm_rich_tuned,FOODS_3_586_TX_2_validation,364,33765.0,5751.0794677734375,15.799668867509444,17.514751861451685,0.17032665386564305
source_b_v1_19_m5_rich_lightgbm_100,m5_top_volume_100_20260714,M5,28,lightgbm_rich_tuned,FOODS_3_586_TX_3_validation,364,26936.0,5190.279140472412,14.259008627671461,19.9301084914588,0.19268930577934407
source_b_v1_19_m5_rich_lightgbm_100,m5_top_volume_100_20260714,M5,28,lightgbm_rich_tuned,FOODS_3_586_WI_3_validation,364,11889.0,2555.7376556396484,7.02125729571332,22.684456252594266,0.21496657882409356
source_b_v1_19_m5_rich_lightgbm_100,m5_top_volume_100_20260714,M5,28,lightgbm_rich_tuned,FOODS_3_587_CA_1_validation,364,10034.0,2567.4217348098755,7.053356414312844,26.894095843194854,0.2558722079738764
source_b_v1_19_m5_rich_lightgbm_100,m5_top_volume_100_20260714,M5,28,lightgbm_rich_tuned,FOODS_3_587_CA_3_validation,364,12312.0,2958.124258041382,8.126714994619181,25.74742442349654,0.24026350373955344
source_b_v1_19_m5_rich_lightgbm_100,m5_top_volume_100_20260714,M5,28,lightgbm_rich_tuned,FOODS_3_587_TX_1_validation,364,10234.0,2901.23250579834,7.970418971973461,31.31188912286074,0.28348959407839947
source_b_v1_19_m5_rich_lightgbm_100,m5_top_volume_100_20260714,M5,28,lightgbm_rich_tuned,FOODS_3_587_TX_2_validation,364,10946.0,2950.161725997925,8.104839906587706,28.71443279849454,0.269519616846147
source_b_v1_19_m5_rich_lightgbm_100,m5_top_volume_100_20260714,M5,28,lightgbm_rich_tuned,FOODS_3_587_TX_3_validation,364,11441.0,3020.8738012313843,8.29910384953677,26.92663691977426,0.26403931485284365
source_b_v1_19_m5_rich_lightgbm_100,m5_top_volume_100_20260714,M5,28,lightgbm_rich_tuned,FOODS_3_587_WI_3_validation,364,10622.0,3625.6268832683563,9.960513415572407,42.03498447130596,0.3413318474174691
source_b_v1_19_m5_rich_lightgbm_100,m5_top_volume_100_20260714,M5,28,lightgbm_rich_tuned,FOODS_3_607_CA_3_validation,364,7751.0,3411.8959317207336,9.373340471760256,49.51674744495638,0.440187837920363
source_b_v1_19_m5_rich_lightgbm_100,m5_top_volume_100_20260714,M5,28,lightgbm_rich_tuned,FOODS_3_635_CA_3_validation,364,6861.0,4158.295282330364,11.42388813827023,106.66798967071516,0.606077143613229
source_b_v1_19_m5_rich_lightgbm_100,m5_top_volume_100_20260714,M5,28,lightgbm_rich_tuned,FOODS_3_681_CA_3_validation,364,14222.0,6998.19692325592,19.22581572323055,51.85976679734434,0.492068409735334
source_b_v1_19_m5_rich_lightgbm_100,m5_top_volume_100_20260714,M5,28,lightgbm_rich_tuned,FOODS_3_681_WI_3_validation,364,12084.0,4527.480286598206,12.438132655489575,44.95760684860916,0.3746673524162699
source_b_v1_19_m5_rich_lightgbm_100,m5_top_volume_100_20260714,M5,28,lightgbm_rich_tuned,FOODS_3_694_CA_3_validation,364,6317.0,1586.1367144584656,4.357518446314466,26.290257783449096,0.2510901875033189
source_b_v1_19_m5_rich_lightgbm_100,m5_top_volume_100_20260714,M5,28,lightgbm_rich_tuned,FOODS_3_694_TX_1_validation,364,6148.0,1804.141372203827,4.956432341219305,31.15757713385714,0.29345175214766217
source_b_v1_19_m5_rich_lightgbm_100,m5_top_volume_100_20260714,M5,28,lightgbm_rich_tuned,FOODS_3_694_WI_1_validation,364,6821.0,1625.9164428710938,4.466803414481027,24.80704777261245,0.23836921901056937
source_b_v1_19_m5_rich_lightgbm_100,m5_top_volume_100_20260714,M5,28,lightgbm_rich_tuned,FOODS_3_694_WI_2_validation,364,11167.0,2363.212335586548,6.492341581281725,22.08442087166734,0.21162463827227973
source_b_v1_19_m5_rich_lightgbm_100,m5_top_volume_100_20260714,M5,28,lightgbm_rich_tuned,FOODS_3_694_WI_3_validation,364,15958.0,3007.6865406036377,8.262875111548455,19.528208220965247,0.18847515607241744
source_b_v1_19_m5_rich_lightgbm_100,m5_top_volume_100_20260714,M5,28,lightgbm_rich_tuned,FOODS_3_711_CA_3_validation,364,5052.0,4373.264550209045,12.01446305002485,95.01965573907547,0.8656501484974357
source_b_v1_19_m5_rich_lightgbm_100,m5_top_volume_100_20260714,M5,28,lightgbm_rich_tuned,FOODS_3_711_WI_2_validation,364,7860.0,7218.4701281785965,19.83096189060054,114.15779776105725,0.9183804234323915
source_b_v1_19_m5_rich_lightgbm_100,m5_top_volume_100_20260714,M5,28,lightgbm_rich_tuned,FOODS_3_714_CA_1_validation,364,8484.0,2264.4023609161377,6.220885606912466,29.229899670200822,0.26690268280482526
source_b_v1_19_m5_rich_lightgbm_100,m5_top_volume_100_20260714,M5,28,lightgbm_rich_tuned,FOODS_3_714_CA_3_validation,364,11041.0,2502.17059135437,6.874095031193325,23.962032227086073,0.22662535923868943
source_b_v1_19_m5_rich_lightgbm_100,m5_top_volume_100_20260714,M5,28,lightgbm_rich_tuned,FOODS_3_714_TX_1_validation,364,5367.0,1897.5343837738037,5.2130065488291315,39.50407913671178,0.35355587549353523
source_b_v1_19_m5_rich_lightgbm_100,m5_top_volume_100_20260714,M5,28,lightgbm_rich_tuned,FOODS_3_714_TX_2_validation,364,8563.0,2519.0831656455994,6.920558147378021,32.33890325831932,0.29418231526866745
source_b_v1_19_m5_rich_lightgbm_100,m5_top_volume_100_20260714,M5,28,lightgbm_rich_tuned,FOODS_3_714_TX_3_validation,364,6553.0,2419.42661857605,6.646776424659477,39.80480127205567,0.3692090063445826
source_b_v1_19_m5_rich_lightgbm_100,m5_top_volume_100_20260714,M5,28,lightgbm_rich_tuned,FOODS_3_714_WI_3_validation,364,8159.0,2473.9292612075806,6.796508959361485,32.009897949828634,0.3032147642122295
source_b_v1_19_m5_rich_lightgbm_100,m5_top_volume_100_20260714,M5,28,lightgbm_rich_tuned,FOODS_3_723_CA_3_validation,364,8114.0,3328.2276019230485,9.143482422865517,61.500942940179506,0.410183337678463
source_b_v1_19_m5_rich_lightgbm_100,m5_top_volume_100_20260714,M5,28,lightgbm_rich_tuned,FOODS_3_723_WI_3_validation,364,7665.0,3552.2473045662045,9.758921166390671,65.75449747154025,0.4634373521938949
source_b_v1_19_m5_rich_lightgbm_100,m5_top_volume_100_20260714,M5,28,lightgbm_rich_tuned,FOODS_3_752_CA_3_validation,364,6402.0,4825.096743583679,13.255760284570547,73.17366239711527,0.7536858393601499
source_b_v1_19_m5_rich_lightgbm_100,m5_top_volume_100_20260714,M5,28,lightgbm_rich_tuned,FOODS_3_804_CA_3_validation,364,8021.0,3460.06432557106,9.50567122409632,51.74395601688347,0.4313756795375963
source_b_v1_19_m5_rich_lightgbm_100,m5_top_volume_100_20260714,M5,28,lightgbm_rich_tuned,FOODS_3_808_CA_1_validation,364,2395.0,2743.7620538175106,7.537807840157996,147.21388605684587,1.1456208992974992
source_b_v1_19_m5_rich_lightgbm_100,m5_top_volume_100_20260714,M5,28,lightgbm_rich_tuned,FOODS_3_808_CA_3_validation,364,8863.0,6064.7362749278545,16.66136339265894,109.99868994246495,0.6842757841507227
source_b_v1_19_m5_rich_lightgbm_100,m5_top_volume_100_20260714,M5,28,lightgbm_rich_tuned,HOUSEHOLD_1_118_CA_3_validation,364,7647.0,2394.716344833374,6.578891057234544,33.265400374827095,0.31315762322915836
source_b_v1_19_m5_rich_lightgbm_100,m5_top_volume_100_20260714,M5,28,lightgbm_rich_tuned,HOUSEHOLD_1_334_CA_3_validation,364,6882.0,2595.7726855278015,7.1312436415598945,42.323296698742055,0.37718289531063665
source_b_v1_19_m5_rich_lightgbm_100,m5_top_volume_100_20260714,M5,28,lightgbm_rich_tuned,HOUSEHOLD_1_459_CA_3_validation,364,7840.0,2873.950141429901,7.895467421510717,38.46020270837014,0.366575273141569
