trial,protocol,validation_start_idx,validation_horizon,validation_WAPE_aggregate,params_json
0,recursive,1516,14,0.3971957862377167,"{""colsample_bytree"": 1.0, ""learning_rate"": 0.05, ""min_child_samples"": 20, ""n_estimators"": 300, ""num_leaves"": 63, ""objective"": ""tweedie"", ""random_state"": 20260728, ""reg_alpha"": 0.0, ""reg_lambda"": 0.0, ""subsample"": 1.0, ""tweedie_variance_power"": 1.1, ""verbosity"": -1}"
1,recursive,1516,14,0.3806891143321991,"{""colsample_bytree"": 0.7, ""learning_rate"": 0.06, ""min_child_samples"": 10, ""n_estimators"": 900, ""num_leaves"": 63, ""objective"": ""tweedie"", ""random_state"": 20260729, ""reg_alpha"": 0.1, ""reg_lambda"": 5.0, ""subsample"": 1.0, ""subsample_freq"": 1, ""tweedie_variance_power"": 1.1, ""verbosity"": -1}"
2,recursive,1516,14,0.4060760736465454,"{""colsample_bytree"": 0.85, ""learning_rate"": 0.025, ""min_child_samples"": 50, ""n_estimators"": 150, ""num_leaves"": 63, ""objective"": ""tweedie"", ""random_state"": 20260730, ""reg_alpha"": 0.01, ""reg_lambda"": 1.0, ""subsample"": 1.0, ""subsample_freq"": 1, ""tweedie_variance_power"": 1.05, ""verbosity"": -1}"
3,recursive,1516,14,0.40492334961891174,"{""colsample_bytree"": 1.0, ""learning_rate"": 0.06, ""min_child_samples"": 100, ""n_estimators"": 150, ""num_leaves"": 15, ""objective"": ""tweedie"", ""random_state"": 20260731, ""reg_alpha"": 1.0, ""reg_lambda"": 5.0, ""subsample"": 0.85, ""subsample_freq"": 1, ""tweedie_variance_power"": 1.4, ""verbosity"": -1}"
4,recursive,1516,14,0.38180992007255554,"{""colsample_bytree"": 0.85, ""learning_rate"": 0.08, ""min_child_samples"": 10, ""n_estimators"": 150, ""num_leaves"": 127, ""objective"": ""tweedie"", ""random_state"": 20260732, ""reg_alpha"": 0.1, ""reg_lambda"": 0.0, ""subsample"": 0.85, ""subsample_freq"": 1, ""tweedie_variance_power"": 1.1, ""verbosity"": -1}"
5,recursive,1516,14,0.39846178889274597,"{""colsample_bytree"": 1.0, ""learning_rate"": 0.025, ""min_child_samples"": 50, ""n_estimators"": 150, ""num_leaves"": 63, ""objective"": ""tweedie"", ""random_state"": 20260733, ""reg_alpha"": 0.1, ""reg_lambda"": 0.1, ""subsample"": 1.0, ""subsample_freq"": 1, ""tweedie_variance_power"": 1.4, ""verbosity"": -1}"
6,recursive,1516,14,0.3931237459182739,"{""colsample_bytree"": 0.7, ""learning_rate"": 0.08, ""min_child_samples"": 50, ""n_estimators"": 300, ""num_leaves"": 127, ""objective"": ""tweedie"", ""random_state"": 20260734, ""reg_alpha"": 0.0, ""reg_lambda"": 1.0, ""subsample"": 0.7, ""subsample_freq"": 1, ""tweedie_variance_power"": 1.2, ""verbosity"": -1}"
7,recursive,1516,14,0.399594783782959,"{""colsample_bytree"": 0.85, ""learning_rate"": 0.04, ""min_child_samples"": 50, ""n_estimators"": 150, ""num_leaves"": 127, ""objective"": ""tweedie"", ""random_state"": 20260735, ""reg_alpha"": 0.1, ""reg_lambda"": 5.0, ""subsample"": 0.7, ""subsample_freq"": 1, ""tweedie_variance_power"": 1.05, ""verbosity"": -1}"
8,recursive,1516,14,0.3860974609851837,"{""colsample_bytree"": 1.0, ""learning_rate"": 0.015, ""min_child_samples"": 10, ""n_estimators"": 600, ""num_leaves"": 127, ""objective"": ""tweedie"", ""random_state"": 20260736, ""reg_alpha"": 0.1, ""reg_lambda"": 1.0, ""subsample"": 1.0, ""subsample_freq"": 1, ""tweedie_variance_power"": 1.2, ""verbosity"": -1}"
9,recursive,1516,14,0.3794180750846863,"{""colsample_bytree"": 1.0, ""learning_rate"": 0.06, ""min_child_samples"": 10, ""n_estimators"": 900, ""num_leaves"": 31, ""objective"": ""tweedie"", ""random_state"": 20260737, ""reg_alpha"": 0.0, ""reg_lambda"": 1.0, ""subsample"": 0.85, ""subsample_freq"": 1, ""tweedie_variance_power"": 1.2, ""verbosity"": -1}"
10,recursive,1516,14,0.4005257487297058,"{""colsample_bytree"": 0.85, ""learning_rate"": 0.08, ""min_child_samples"": 20, ""n_estimators"": 300, ""num_leaves"": 15, ""objective"": ""tweedie"", ""random_state"": 20260738, ""reg_alpha"": 1.0, ""reg_lambda"": 5.0, ""subsample"": 0.85, ""subsample_freq"": 1, ""tweedie_variance_power"": 1.05, ""verbosity"": -1}"
11,recursive,1516,14,0.3909423053264618,"{""colsample_bytree"": 0.7, ""learning_rate"": 0.025, ""min_child_samples"": 20, ""n_estimators"": 600, ""num_leaves"": 63, ""objective"": ""tweedie"", ""random_state"": 20260739, ""reg_alpha"": 1.0, ""reg_lambda"": 1.0, ""subsample"": 1.0, ""subsample_freq"": 1, ""tweedie_variance_power"": 1.1, ""verbosity"": -1}"
12,recursive,1516,14,0.39004451036453247,"{""colsample_bytree"": 1.0, ""learning_rate"": 0.06, ""min_child_samples"": 10, ""n_estimators"": 900, ""num_leaves"": 15, ""objective"": ""tweedie"", ""random_state"": 20260740, ""reg_alpha"": 0.0, ""reg_lambda"": 0.0, ""subsample"": 1.0, ""subsample_freq"": 1, ""tweedie_variance_power"": 1.2, ""verbosity"": -1}"
13,recursive,1516,14,0.40917983651161194,"{""colsample_bytree"": 1.0, ""learning_rate"": 0.06, ""min_child_samples"": 100, ""n_estimators"": 150, ""num_leaves"": 31, ""objective"": ""tweedie"", ""random_state"": 20260741, ""reg_alpha"": 0.1, ""reg_lambda"": 1.0, ""subsample"": 1.0, ""subsample_freq"": 1, ""tweedie_variance_power"": 1.05, ""verbosity"": -1}"
14,recursive,1516,14,0.3861387372016907,"{""colsample_bytree"": 0.85, ""learning_rate"": 0.04, ""min_child_samples"": 50, ""n_estimators"": 300, ""num_leaves"": 63, ""objective"": ""tweedie"", ""random_state"": 20260742, ""reg_alpha"": 1.0, ""reg_lambda"": 0.1, ""subsample"": 1.0, ""subsample_freq"": 1, ""tweedie_variance_power"": 1.4, ""verbosity"": -1}"
15,recursive,1516,14,0.40251854062080383,"{""colsample_bytree"": 1.0, ""learning_rate"": 0.08, ""min_child_samples"": 10, ""n_estimators"": 150, ""num_leaves"": 31, ""objective"": ""tweedie"", ""random_state"": 20260743, ""reg_alpha"": 0.1, ""reg_lambda"": 0.1, ""subsample"": 0.85, ""subsample_freq"": 1, ""tweedie_variance_power"": 1.1, ""verbosity"": -1}"
16,recursive,1516,14,0.38975411653518677,"{""colsample_bytree"": 0.85, ""learning_rate"": 0.08, ""min_child_samples"": 50, ""n_estimators"": 300, ""num_leaves"": 127, ""objective"": ""tweedie"", ""random_state"": 20260744, ""reg_alpha"": 0.1, ""reg_lambda"": 1.0, ""subsample"": 0.7, ""subsample_freq"": 1, ""tweedie_variance_power"": 1.1, ""verbosity"": -1}"
17,recursive,1516,14,0.3916860520839691,"{""colsample_bytree"": 1.0, ""learning_rate"": 0.04, ""min_child_samples"": 10, ""n_estimators"": 600, ""num_leaves"": 15, ""objective"": ""tweedie"", ""random_state"": 20260745, ""reg_alpha"": 0.0, ""reg_lambda"": 0.1, ""subsample"": 0.85, ""subsample_freq"": 1, ""tweedie_variance_power"": 1.4, ""verbosity"": -1}"
18,recursive,1516,14,0.3828321099281311,"{""colsample_bytree"": 0.7, ""learning_rate"": 0.015, ""min_child_samples"": 100, ""n_estimators"": 900, ""num_leaves"": 127, ""objective"": ""tweedie"", ""random_state"": 20260746, ""reg_alpha"": 0.0, ""reg_lambda"": 5.0, ""subsample"": 1.0, ""subsample_freq"": 1, ""tweedie_variance_power"": 1.4, ""verbosity"": -1}"
19,recursive,1516,14,0.38922661542892456,"{""colsample_bytree"": 1.0, ""learning_rate"": 0.06, ""min_child_samples"": 20, ""n_estimators"": 900, ""num_leaves"": 63, ""objective"": ""tweedie"", ""random_state"": 20260747, ""reg_alpha"": 1.0, ""reg_lambda"": 0.1, ""subsample"": 0.7, ""subsample_freq"": 1, ""tweedie_variance_power"": 1.05, ""verbosity"": -1}"
20,recursive,1516,14,0.4147053062915802,"{""colsample_bytree"": 0.85, ""learning_rate"": 0.06, ""min_child_samples"": 100, ""n_estimators"": 150, ""num_leaves"": 15, ""objective"": ""tweedie"", ""random_state"": 20260748, ""reg_alpha"": 1.0, ""reg_lambda"": 0.1, ""subsample"": 0.85, ""subsample_freq"": 1, ""tweedie_variance_power"": 1.1, ""verbosity"": -1}"
21,recursive,1516,14,0.41084447503089905,"{""colsample_bytree"": 0.85, ""learning_rate"": 0.025, ""min_child_samples"": 100, ""n_estimators"": 150, ""num_leaves"": 63, ""objective"": ""tweedie"", ""random_state"": 20260749, ""reg_alpha"": 0.0, ""reg_lambda"": 0.1, ""subsample"": 1.0, ""subsample_freq"": 1, ""tweedie_variance_power"": 1.05, ""verbosity"": -1}"
22,recursive,1516,14,0.4117020070552826,"{""colsample_bytree"": 0.85, ""learning_rate"": 0.06, ""min_child_samples"": 100, ""n_estimators"": 300, ""num_leaves"": 15, ""objective"": ""tweedie"", ""random_state"": 20260750, ""reg_alpha"": 0.1, ""reg_lambda"": 1.0, ""subsample"": 0.7, ""subsample_freq"": 1, ""tweedie_variance_power"": 1.05, ""verbosity"": -1}"
23,recursive,1516,14,0.38355737924575806,"{""colsample_bytree"": 0.7, ""learning_rate"": 0.06, ""min_child_samples"": 20, ""n_estimators"": 300, ""num_leaves"": 63, ""objective"": ""tweedie"", ""random_state"": 20260751, ""reg_alpha"": 0.1, ""reg_lambda"": 5.0, ""subsample"": 0.7, ""subsample_freq"": 1, ""tweedie_variance_power"": 1.2, ""verbosity"": -1}"
24,recursive,1516,14,0.39082103967666626,"{""colsample_bytree"": 1.0, ""learning_rate"": 0.025, ""min_child_samples"": 50, ""n_estimators"": 600, ""num_leaves"": 127, ""objective"": ""tweedie"", ""random_state"": 20260752, ""reg_alpha"": 1.0, ""reg_lambda"": 5.0, ""subsample"": 1.0, ""subsample_freq"": 1, ""tweedie_variance_power"": 1.05, ""verbosity"": -1}"
25,recursive,1516,14,0.4021109342575073,"{""colsample_bytree"": 0.85, ""learning_rate"": 0.015, ""min_child_samples"": 50, ""n_estimators"": 600, ""num_leaves"": 31, ""objective"": ""tweedie"", ""random_state"": 20260753, ""reg_alpha"": 1.0, ""reg_lambda"": 5.0, ""subsample"": 0.85, ""subsample_freq"": 1, ""tweedie_variance_power"": 1.05, ""verbosity"": -1}"
26,recursive,1516,14,0.39522677659988403,"{""colsample_bytree"": 0.7, ""learning_rate"": 0.015, ""min_child_samples"": 20, ""n_estimators"": 300, ""num_leaves"": 63, ""objective"": ""tweedie"", ""random_state"": 20260754, ""reg_alpha"": 1.0, ""reg_lambda"": 0.0, ""subsample"": 0.85, ""subsample_freq"": 1, ""tweedie_variance_power"": 1.4, ""verbosity"": -1}"
27,recursive,1516,14,0.38106289505958557,"{""colsample_bytree"": 0.7, ""learning_rate"": 0.08, ""min_child_samples"": 10, ""n_estimators"": 600, ""num_leaves"": 31, ""objective"": ""tweedie"", ""random_state"": 20260755, ""reg_alpha"": 0.1, ""reg_lambda"": 0.1, ""subsample"": 1.0, ""subsample_freq"": 1, ""tweedie_variance_power"": 1.2, ""verbosity"": -1}"
28,recursive,1516,14,0.3886338472366333,"{""colsample_bytree"": 0.85, ""learning_rate"": 0.08, ""min_child_samples"": 100, ""n_estimators"": 900, ""num_leaves"": 127, ""objective"": ""tweedie"", ""random_state"": 20260756, ""reg_alpha"": 0.01, ""reg_lambda"": 0.1, ""subsample"": 1.0, ""subsample_freq"": 1, ""tweedie_variance_power"": 1.2, ""verbosity"": -1}"
29,recursive,1516,14,0.39456266164779663,"{""colsample_bytree"": 1.0, ""learning_rate"": 0.08, ""min_child_samples"": 100, ""n_estimators"": 300, ""num_leaves"": 127, ""objective"": ""tweedie"", ""random_state"": 20260757, ""reg_alpha"": 1.0, ""reg_lambda"": 0.1, ""subsample"": 1.0, ""subsample_freq"": 1, ""tweedie_variance_power"": 1.05, ""verbosity"": -1}"
30,recursive,1516,14,0.3884906470775604,"{""colsample_bytree"": 0.85, ""learning_rate"": 0.08, ""min_child_samples"": 10, ""n_estimators"": 300, ""num_leaves"": 31, ""objective"": ""tweedie"", ""random_state"": 20260758, ""reg_alpha"": 1.0, ""reg_lambda"": 5.0, ""subsample"": 0.85, ""subsample_freq"": 1, ""tweedie_variance_power"": 1.2, ""verbosity"": -1}"
31,recursive,1516,14,0.4473857581615448,"{""colsample_bytree"": 0.85, ""learning_rate"": 0.015, ""min_child_samples"": 20, ""n_estimators"": 150, ""num_leaves"": 31, ""objective"": ""tweedie"", ""random_state"": 20260759, ""reg_alpha"": 1.0, ""reg_lambda"": 1.0, ""subsample"": 1.0, ""subsample_freq"": 1, ""tweedie_variance_power"": 1.05, ""verbosity"": -1}"
32,recursive,1516,14,0.40101394057273865,"{""colsample_bytree"": 0.7, ""learning_rate"": 0.08, ""min_child_samples"": 100, ""n_estimators"": 150, ""num_leaves"": 15, ""objective"": ""tweedie"", ""random_state"": 20260760, ""reg_alpha"": 0.0, ""reg_lambda"": 5.0, ""subsample"": 0.7, ""subsample_freq"": 1, ""tweedie_variance_power"": 1.4, ""verbosity"": -1}"
33,recursive,1516,14,0.38822656869888306,"{""colsample_bytree"": 0.85, ""learning_rate"": 0.015, ""min_child_samples"": 50, ""n_estimators"": 300, ""num_leaves"": 127, ""objective"": ""tweedie"", ""random_state"": 20260761, ""reg_alpha"": 0.1, ""reg_lambda"": 1.0, ""subsample"": 0.7, ""subsample_freq"": 1, ""tweedie_variance_power"": 1.4, ""verbosity"": -1}"
34,recursive,1516,14,0.40925195813179016,"{""colsample_bytree"": 0.7, ""learning_rate"": 0.025, ""min_child_samples"": 20, ""n_estimators"": 150, ""num_leaves"": 127, ""objective"": ""tweedie"", ""random_state"": 20260762, ""reg_alpha"": 0.01, ""reg_lambda"": 0.1, ""subsample"": 1.0, ""subsample_freq"": 1, ""tweedie_variance_power"": 1.05, ""verbosity"": -1}"
35,recursive,1516,14,0.4007175862789154,"{""colsample_bytree"": 0.7, ""learning_rate"": 0.08, ""min_child_samples"": 20, ""n_estimators"": 300, ""num_leaves"": 31, ""objective"": ""tweedie"", ""random_state"": 20260763, ""reg_alpha"": 1.0, ""reg_lambda"": 0.0, ""subsample"": 0.7, ""subsample_freq"": 1, ""tweedie_variance_power"": 1.1, ""verbosity"": -1}"
36,recursive,1516,14,0.40318650007247925,"{""colsample_bytree"": 1.0, ""learning_rate"": 0.08, ""min_child_samples"": 100, ""n_estimators"": 300, ""num_leaves"": 63, ""objective"": ""tweedie"", ""random_state"": 20260764, ""reg_alpha"": 1.0, ""reg_lambda"": 0.1, ""subsample"": 0.85, ""subsample_freq"": 1, ""tweedie_variance_power"": 1.05, ""verbosity"": -1}"
37,recursive,1516,14,0.4170786142349243,"{""colsample_bytree"": 0.7, ""learning_rate"": 0.04, ""min_child_samples"": 100, ""n_estimators"": 150, ""num_leaves"": 15, ""objective"": ""tweedie"", ""random_state"": 20260765, ""reg_alpha"": 0.01, ""reg_lambda"": 1.0, ""subsample"": 0.7, ""subsample_freq"": 1, ""tweedie_variance_power"": 1.2, ""verbosity"": -1}"
38,recursive,1516,14,0.3996696472167969,"{""colsample_bytree"": 1.0, ""learning_rate"": 0.04, ""min_child_samples"": 10, ""n_estimators"": 600, ""num_leaves"": 31, ""objective"": ""tweedie"", ""random_state"": 20260766, ""reg_alpha"": 1.0, ""reg_lambda"": 0.0, ""subsample"": 1.0, ""subsample_freq"": 1, ""tweedie_variance_power"": 1.05, ""verbosity"": -1}"
39,recursive,1516,14,0.389605313539505,"{""colsample_bytree"": 0.85, ""learning_rate"": 0.06, ""min_child_samples"": 50, ""n_estimators"": 600, ""num_leaves"": 127, ""objective"": ""tweedie"", ""random_state"": 20260767, ""reg_alpha"": 0.0, ""reg_lambda"": 0.1, ""subsample"": 0.85, ""subsample_freq"": 1, ""tweedie_variance_power"": 1.05, ""verbosity"": -1}"
40,recursive,1516,14,0.39582738280296326,"{""colsample_bytree"": 0.7, ""learning_rate"": 0.015, ""min_child_samples"": 20, ""n_estimators"": 600, ""num_leaves"": 31, ""objective"": ""tweedie"", ""random_state"": 20260768, ""reg_alpha"": 1.0, ""reg_lambda"": 5.0, ""subsample"": 0.7, ""subsample_freq"": 1, ""tweedie_variance_power"": 1.4, ""verbosity"": -1}"
41,recursive,1516,14,0.39163607358932495,"{""colsample_bytree"": 1.0, ""learning_rate"": 0.025, ""min_child_samples"": 50, ""n_estimators"": 300, ""num_leaves"": 63, ""objective"": ""tweedie"", ""random_state"": 20260769, ""reg_alpha"": 0.1, ""reg_lambda"": 0.0, ""subsample"": 0.85, ""subsample_freq"": 1, ""tweedie_variance_power"": 1.2, ""verbosity"": -1}"
42,recursive,1516,14,0.40142813324928284,"{""colsample_bytree"": 0.85, ""learning_rate"": 0.025, ""min_child_samples"": 50, ""n_estimators"": 150, ""num_leaves"": 127, ""objective"": ""tweedie"", ""random_state"": 20260770, ""reg_alpha"": 0.0, ""reg_lambda"": 0.1, ""subsample"": 0.7, ""subsample_freq"": 1, ""tweedie_variance_power"": 1.2, ""verbosity"": -1}"
43,recursive,1516,14,0.39612826704978943,"{""colsample_bytree"": 0.7, ""learning_rate"": 0.08, ""min_child_samples"": 50, ""n_estimators"": 600, ""num_leaves"": 31, ""objective"": ""tweedie"", ""random_state"": 20260771, ""reg_alpha"": 0.0, ""reg_lambda"": 1.0, ""subsample"": 1.0, ""subsample_freq"": 1, ""tweedie_variance_power"": 1.1, ""verbosity"": -1}"
44,recursive,1516,14,0.4040374159812927,"{""colsample_bytree"": 1.0, ""learning_rate"": 0.04, ""min_child_samples"": 20, ""n_estimators"": 300, ""num_leaves"": 31, ""objective"": ""tweedie"", ""random_state"": 20260772, ""reg_alpha"": 0.01, ""reg_lambda"": 1.0, ""subsample"": 1.0, ""subsample_freq"": 1, ""tweedie_variance_power"": 1.2, ""verbosity"": -1}"
45,recursive,1516,14,0.38603606820106506,"{""colsample_bytree"": 0.7, ""learning_rate"": 0.08, ""min_child_samples"": 50, ""n_estimators"": 900, ""num_leaves"": 63, ""objective"": ""tweedie"", ""random_state"": 20260773, ""reg_alpha"": 1.0, ""reg_lambda"": 0.1, ""subsample"": 1.0, ""subsample_freq"": 1, ""tweedie_variance_power"": 1.05, ""verbosity"": -1}"
46,recursive,1516,14,0.4224243462085724,"{""colsample_bytree"": 0.85, ""learning_rate"": 0.025, ""min_child_samples"": 10, ""n_estimators"": 150, ""num_leaves"": 15, ""objective"": ""tweedie"", ""random_state"": 20260774, ""reg_alpha"": 0.01, ""reg_lambda"": 1.0, ""subsample"": 1.0, ""subsample_freq"": 1, ""tweedie_variance_power"": 1.2, ""verbosity"": -1}"
47,recursive,1516,14,0.39601561427116394,"{""colsample_bytree"": 0.85, ""learning_rate"": 0.04, ""min_child_samples"": 50, ""n_estimators"": 600, ""num_leaves"": 15, ""objective"": ""tweedie"", ""random_state"": 20260775, ""reg_alpha"": 1.0, ""reg_lambda"": 5.0, ""subsample"": 0.85, ""subsample_freq"": 1, ""tweedie_variance_power"": 1.2, ""verbosity"": -1}"
48,recursive,1516,14,0.3896847069263458,"{""colsample_bytree"": 0.7, ""learning_rate"": 0.025, ""min_child_samples"": 50, ""n_estimators"": 900, ""num_leaves"": 63, ""objective"": ""tweedie"", ""random_state"": 20260776, ""reg_alpha"": 0.0, ""reg_lambda"": 5.0, ""subsample"": 0.85, ""subsample_freq"": 1, ""tweedie_variance_power"": 1.05, ""verbosity"": -1}"
49,recursive,1516,14,0.41369614005088806,"{""colsample_bytree"": 0.7, ""learning_rate"": 0.06, ""min_child_samples"": 100, ""n_estimators"": 900, ""num_leaves"": 15, ""objective"": ""tweedie"", ""random_state"": 20260777, ""reg_alpha"": 0.0, ""reg_lambda"": 5.0, ""subsample"": 1.0, ""subsample_freq"": 1, ""tweedie_variance_power"": 1.05, ""verbosity"": -1}"
50,recursive,1516,14,0.39410656690597534,"{""colsample_bytree"": 0.85, ""learning_rate"": 0.06, ""min_child_samples"": 10, ""n_estimators"": 150, ""num_leaves"": 31, ""objective"": ""tweedie"", ""random_state"": 20260778, ""reg_alpha"": 1.0, ""reg_lambda"": 1.0, ""subsample"": 0.7, ""subsample_freq"": 1, ""tweedie_variance_power"": 1.2, ""verbosity"": -1}"
51,recursive,1516,14,0.4064026474952698,"{""colsample_bytree"": 0.7, ""learning_rate"": 0.025, ""min_child_samples"": 20, ""n_estimators"": 150, ""num_leaves"": 63, ""objective"": ""tweedie"", ""random_state"": 20260779, ""reg_alpha"": 1.0, ""reg_lambda"": 0.1, ""subsample"": 1.0, ""subsample_freq"": 1, ""tweedie_variance_power"": 1.1, ""verbosity"": -1}"
52,recursive,1516,14,0.3997742831707001,"{""colsample_bytree"": 0.85, ""learning_rate"": 0.015, ""min_child_samples"": 50, ""n_estimators"": 900, ""num_leaves"": 31, ""objective"": ""tweedie"", ""random_state"": 20260780, ""reg_alpha"": 1.0, ""reg_lambda"": 0.0, ""subsample"": 1.0, ""subsample_freq"": 1, ""tweedie_variance_power"": 1.05, ""verbosity"": -1}"
53,recursive,1516,14,0.4141780436038971,"{""colsample_bytree"": 0.7, ""learning_rate"": 0.015, ""min_child_samples"": 10, ""n_estimators"": 300, ""num_leaves"": 31, ""objective"": ""tweedie"", ""random_state"": 20260781, ""reg_alpha"": 1.0, ""reg_lambda"": 1.0, ""subsample"": 0.85, ""subsample_freq"": 1, ""tweedie_variance_power"": 1.1, ""verbosity"": -1}"
54,recursive,1516,14,0.37756240367889404,"{""colsample_bytree"": 0.7, ""learning_rate"": 0.04, ""min_child_samples"": 10, ""n_estimators"": 900, ""num_leaves"": 63, ""objective"": ""tweedie"", ""random_state"": 20260782, ""reg_alpha"": 0.0, ""reg_lambda"": 5.0, ""subsample"": 0.85, ""subsample_freq"": 1, ""tweedie_variance_power"": 1.2, ""verbosity"": -1}"
55,recursive,1516,14,0.38231709599494934,"{""colsample_bytree"": 1.0, ""learning_rate"": 0.025, ""min_child_samples"": 50, ""n_estimators"": 300, ""num_leaves"": 127, ""objective"": ""tweedie"", ""random_state"": 20260783, ""reg_alpha"": 0.01, ""reg_lambda"": 0.0, ""subsample"": 0.7, ""subsample_freq"": 1, ""tweedie_variance_power"": 1.4, ""verbosity"": -1}"
56,recursive,1516,14,0.3998209536075592,"{""colsample_bytree"": 0.7, ""learning_rate"": 0.04, ""min_child_samples"": 20, ""n_estimators"": 150, ""num_leaves"": 127, ""objective"": ""tweedie"", ""random_state"": 20260784, ""reg_alpha"": 0.01, ""reg_lambda"": 1.0, ""subsample"": 1.0, ""subsample_freq"": 1, ""tweedie_variance_power"": 1.05, ""verbosity"": -1}"
57,recursive,1516,14,0.3966509997844696,"{""colsample_bytree"": 1.0, ""learning_rate"": 0.04, ""min_child_samples"": 20, ""n_estimators"": 150, ""num_leaves"": 31, ""objective"": ""tweedie"", ""random_state"": 20260785, ""reg_alpha"": 1.0, ""reg_lambda"": 5.0, ""subsample"": 1.0, ""subsample_freq"": 1, ""tweedie_variance_power"": 1.4, ""verbosity"": -1}"
58,recursive,1516,14,0.391232967376709,"{""colsample_bytree"": 0.7, ""learning_rate"": 0.025, ""min_child_samples"": 100, ""n_estimators"": 600, ""num_leaves"": 63, ""objective"": ""tweedie"", ""random_state"": 20260786, ""reg_alpha"": 1.0, ""reg_lambda"": 5.0, ""subsample"": 0.7, ""subsample_freq"": 1, ""tweedie_variance_power"": 1.4, ""verbosity"": -1}"
59,recursive,1516,14,0.3948569893836975,"{""colsample_bytree"": 0.85, ""learning_rate"": 0.06, ""min_child_samples"": 100, ""n_estimators"": 300, ""num_leaves"": 63, ""objective"": ""tweedie"", ""random_state"": 20260787, ""reg_alpha"": 1.0, ""reg_lambda"": 5.0, ""subsample"": 0.7, ""subsample_freq"": 1, ""tweedie_variance_power"": 1.05, ""verbosity"": -1}"
60,recursive,1516,14,0.39467722177505493,"{""colsample_bytree"": 1.0, ""learning_rate"": 0.04, ""min_child_samples"": 100, ""n_estimators"": 600, ""num_leaves"": 63, ""objective"": ""tweedie"", ""random_state"": 20260788, ""reg_alpha"": 0.01, ""reg_lambda"": 0.1, ""subsample"": 0.85, ""subsample_freq"": 1, ""tweedie_variance_power"": 1.05, ""verbosity"": -1}"
61,recursive,1516,14,0.40451788902282715,"{""colsample_bytree"": 1.0, ""learning_rate"": 0.025, ""min_child_samples"": 100, ""n_estimators"": 300, ""num_leaves"": 127, ""objective"": ""tweedie"", ""random_state"": 20260789, ""reg_alpha"": 1.0, ""reg_lambda"": 0.0, ""subsample"": 0.7, ""subsample_freq"": 1, ""tweedie_variance_power"": 1.05, ""verbosity"": -1}"
62,recursive,1516,14,0.42290252447128296,"{""colsample_bytree"": 1.0, ""learning_rate"": 0.025, ""min_child_samples"": 20, ""n_estimators"": 150, ""num_leaves"": 15, ""objective"": ""tweedie"", ""random_state"": 20260790, ""reg_alpha"": 0.1, ""reg_lambda"": 1.0, ""subsample"": 0.7, ""subsample_freq"": 1, ""tweedie_variance_power"": 1.4, ""verbosity"": -1}"
63,recursive,1516,14,0.3974591791629791,"{""colsample_bytree"": 1.0, ""learning_rate"": 0.04, ""min_child_samples"": 10, ""n_estimators"": 300, ""num_leaves"": 31, ""objective"": ""tweedie"", ""random_state"": 20260791, ""reg_alpha"": 0.01, ""reg_lambda"": 5.0, ""subsample"": 0.85, ""subsample_freq"": 1, ""tweedie_variance_power"": 1.2, ""verbosity"": -1}"
64,recursive,1516,14,0.3716203272342682,"{""colsample_bytree"": 0.7, ""learning_rate"": 0.06, ""min_child_samples"": 10, ""n_estimators"": 900, ""num_leaves"": 63, ""objective"": ""tweedie"", ""random_state"": 20260792, ""reg_alpha"": 0.1, ""reg_lambda"": 5.0, ""subsample"": 0.7, ""subsample_freq"": 1, ""tweedie_variance_power"": 1.4, ""verbosity"": -1}"
65,recursive,1516,14,0.39173027873039246,"{""colsample_bytree"": 0.7, ""learning_rate"": 0.08, ""min_child_samples"": 50, ""n_estimators"": 600, ""num_leaves"": 31, ""objective"": ""tweedie"", ""random_state"": 20260793, ""reg_alpha"": 0.1, ""reg_lambda"": 0.0, ""subsample"": 0.85, ""subsample_freq"": 1, ""tweedie_variance_power"": 1.1, ""verbosity"": -1}"
66,recursive,1516,14,0.3919573128223419,"{""colsample_bytree"": 1.0, ""learning_rate"": 0.08, ""min_child_samples"": 10, ""n_estimators"": 600, ""num_leaves"": 31, ""objective"": ""tweedie"", ""random_state"": 20260794, ""reg_alpha"": 0.1, ""reg_lambda"": 0.0, ""subsample"": 1.0, ""subsample_freq"": 1, ""tweedie_variance_power"": 1.05, ""verbosity"": -1}"
67,recursive,1516,14,0.39283519983291626,"{""colsample_bytree"": 0.85, ""learning_rate"": 0.015, ""min_child_samples"": 100, ""n_estimators"": 600, ""num_leaves"": 127, ""objective"": ""tweedie"", ""random_state"": 20260795, ""reg_alpha"": 1.0, ""reg_lambda"": 5.0, ""subsample"": 0.85, ""subsample_freq"": 1, ""tweedie_variance_power"": 1.1, ""verbosity"": -1}"
68,recursive,1516,14,0.4040561020374298,"{""colsample_bytree"": 1.0, ""learning_rate"": 0.015, ""min_child_samples"": 100, ""n_estimators"": 600, ""num_leaves"": 63, ""objective"": ""tweedie"", ""random_state"": 20260796, ""reg_alpha"": 1.0, ""reg_lambda"": 5.0, ""subsample"": 0.85, ""subsample_freq"": 1, ""tweedie_variance_power"": 1.05, ""verbosity"": -1}"
69,recursive,1516,14,0.38771557807922363,"{""colsample_bytree"": 0.85, ""learning_rate"": 0.06, ""min_child_samples"": 50, ""n_estimators"": 900, ""num_leaves"": 127, ""objective"": ""tweedie"", ""random_state"": 20260797, ""reg_alpha"": 1.0, ""reg_lambda"": 0.0, ""subsample"": 0.85, ""subsample_freq"": 1, ""tweedie_variance_power"": 1.05, ""verbosity"": -1}"
70,recursive,1516,14,0.3916451334953308,"{""colsample_bytree"": 1.0, ""learning_rate"": 0.08, ""min_child_samples"": 10, ""n_estimators"": 150, ""num_leaves"": 63, ""objective"": ""tweedie"", ""random_state"": 20260798, ""reg_alpha"": 0.0, ""reg_lambda"": 5.0, ""subsample"": 1.0, ""subsample_freq"": 1, ""tweedie_variance_power"": 1.05, ""verbosity"": -1}"
71,recursive,1516,14,0.38955748081207275,"{""colsample_bytree"": 0.7, ""learning_rate"": 0.06, ""min_child_samples"": 10, ""n_estimators"": 600, ""num_leaves"": 127, ""objective"": ""tweedie"", ""random_state"": 20260799, ""reg_alpha"": 0.01, ""reg_lambda"": 0.0, ""subsample"": 0.7, ""subsample_freq"": 1, ""tweedie_variance_power"": 1.05, ""verbosity"": -1}"
72,recursive,1516,14,0.39034751057624817,"{""colsample_bytree"": 0.85, ""learning_rate"": 0.04, ""min_child_samples"": 50, ""n_estimators"": 300, ""num_leaves"": 63, ""objective"": ""tweedie"", ""random_state"": 20260800, ""reg_alpha"": 0.0, ""reg_lambda"": 5.0, ""subsample"": 1.0, ""subsample_freq"": 1, ""tweedie_variance_power"": 1.4, ""verbosity"": -1}"
73,recursive,1516,14,0.39842700958251953,"{""colsample_bytree"": 0.85, ""learning_rate"": 0.04, ""min_child_samples"": 20, ""n_estimators"": 150, ""num_leaves"": 127, ""objective"": ""tweedie"", ""random_state"": 20260801, ""reg_alpha"": 1.0, ""reg_lambda"": 0.1, ""subsample"": 0.85, ""subsample_freq"": 1, ""tweedie_variance_power"": 1.05, ""verbosity"": -1}"
74,recursive,1516,14,0.4006096422672272,"{""colsample_bytree"": 1.0, ""learning_rate"": 0.04, ""min_child_samples"": 100, ""n_estimators"": 150, ""num_leaves"": 63, ""objective"": ""tweedie"", ""random_state"": 20260802, ""reg_alpha"": 0.0, ""reg_lambda"": 0.0, ""subsample"": 0.85, ""subsample_freq"": 1, ""tweedie_variance_power"": 1.2, ""verbosity"": -1}"
75,recursive,1516,14,0.41406551003456116,"{""colsample_bytree"": 0.7, ""learning_rate"": 0.025, ""min_child_samples"": 10, ""n_estimators"": 150, ""num_leaves"": 63, ""objective"": ""tweedie"", ""random_state"": 20260803, ""reg_alpha"": 0.0, ""reg_lambda"": 5.0, ""subsample"": 1.0, ""subsample_freq"": 1, ""tweedie_variance_power"": 1.1, ""verbosity"": -1}"
76,recursive,1516,14,0.4112609326839447,"{""colsample_bytree"": 0.85, ""learning_rate"": 0.08, ""min_child_samples"": 100, ""n_estimators"": 600, ""num_leaves"": 127, ""objective"": ""tweedie"", ""random_state"": 20260804, ""reg_alpha"": 0.01, ""reg_lambda"": 0.0, ""subsample"": 0.7, ""subsample_freq"": 1, ""tweedie_variance_power"": 1.1, ""verbosity"": -1}"
77,recursive,1516,14,0.3891870379447937,"{""colsample_bytree"": 1.0, ""learning_rate"": 0.08, ""min_child_samples"": 50, ""n_estimators"": 900, ""num_leaves"": 63, ""objective"": ""tweedie"", ""random_state"": 20260805, ""reg_alpha"": 0.1, ""reg_lambda"": 1.0, ""subsample"": 0.85, ""subsample_freq"": 1, ""tweedie_variance_power"": 1.2, ""verbosity"": -1}"
78,recursive,1516,14,0.38908037543296814,"{""colsample_bytree"": 0.85, ""learning_rate"": 0.04, ""min_child_samples"": 20, ""n_estimators"": 300, ""num_leaves"": 31, ""objective"": ""tweedie"", ""random_state"": 20260806, ""reg_alpha"": 0.1, ""reg_lambda"": 0.1, ""subsample"": 1.0, ""subsample_freq"": 1, ""tweedie_variance_power"": 1.4, ""verbosity"": -1}"
79,recursive,1516,14,0.3983883857727051,"{""colsample_bytree"": 0.7, ""learning_rate"": 0.06, ""min_child_samples"": 100, ""n_estimators"": 900, ""num_leaves"": 127, ""objective"": ""tweedie"", ""random_state"": 20260807, ""reg_alpha"": 0.01, ""reg_lambda"": 0.0, ""subsample"": 0.85, ""subsample_freq"": 1, ""tweedie_variance_power"": 1.2, ""verbosity"": -1}"
80,recursive,1516,14,0.4062724709510803,"{""colsample_bytree"": 0.7, ""learning_rate"": 0.015, ""min_child_samples"": 50, ""n_estimators"": 600, ""num_leaves"": 15, ""objective"": ""tweedie"", ""random_state"": 20260808, ""reg_alpha"": 0.01, ""reg_lambda"": 5.0, ""subsample"": 1.0, ""subsample_freq"": 1, ""tweedie_variance_power"": 1.4, ""verbosity"": -1}"
81,recursive,1516,14,0.39163002371788025,"{""colsample_bytree"": 1.0, ""learning_rate"": 0.04, ""min_child_samples"": 10, ""n_estimators"": 900, ""num_leaves"": 31, ""objective"": ""tweedie"", ""random_state"": 20260809, ""reg_alpha"": 0.0, ""reg_lambda"": 1.0, ""subsample"": 0.85, ""subsample_freq"": 1, ""tweedie_variance_power"": 1.05, ""verbosity"": -1}"
82,recursive,1516,14,0.3992988169193268,"{""colsample_bytree"": 0.85, ""learning_rate"": 0.08, ""min_child_samples"": 100, ""n_estimators"": 900, ""num_leaves"": 31, ""objective"": ""tweedie"", ""random_state"": 20260810, ""reg_alpha"": 0.0, ""reg_lambda"": 1.0, ""subsample"": 0.7, ""subsample_freq"": 1, ""tweedie_variance_power"": 1.1, ""verbosity"": -1}"
83,recursive,1516,14,0.41568341851234436,"{""colsample_bytree"": 0.7, ""learning_rate"": 0.04, ""min_child_samples"": 10, ""n_estimators"": 150, ""num_leaves"": 15, ""objective"": ""tweedie"", ""random_state"": 20260811, ""reg_alpha"": 0.0, ""reg_lambda"": 0.1, ""subsample"": 0.7, ""subsample_freq"": 1, ""tweedie_variance_power"": 1.05, ""verbosity"": -1}"
84,recursive,1516,14,0.41353219747543335,"{""colsample_bytree"": 1.0, ""learning_rate"": 0.04, ""min_child_samples"": 20, ""n_estimators"": 150, ""num_leaves"": 15, ""objective"": ""tweedie"", ""random_state"": 20260812, ""reg_alpha"": 0.0, ""reg_lambda"": 1.0, ""subsample"": 0.7, ""subsample_freq"": 1, ""tweedie_variance_power"": 1.2, ""verbosity"": -1}"
85,recursive,1516,14,0.37395188212394714,"{""colsample_bytree"": 0.7, ""learning_rate"": 0.04, ""min_child_samples"": 10, ""n_estimators"": 900, ""num_leaves"": 127, ""objective"": ""tweedie"", ""random_state"": 20260813, ""reg_alpha"": 1.0, ""reg_lambda"": 5.0, ""subsample"": 0.85, ""subsample_freq"": 1, ""tweedie_variance_power"": 1.4, ""verbosity"": -1}"
86,recursive,1516,14,0.39349761605262756,"{""colsample_bytree"": 0.7, ""learning_rate"": 0.08, ""min_child_samples"": 50, ""n_estimators"": 600, ""num_leaves"": 31, ""objective"": ""tweedie"", ""random_state"": 20260814, ""reg_alpha"": 0.1, ""reg_lambda"": 0.0, ""subsample"": 1.0, ""subsample_freq"": 1, ""tweedie_variance_power"": 1.05, ""verbosity"": -1}"
87,recursive,1516,14,0.4597407281398773,"{""colsample_bytree"": 0.85, ""learning_rate"": 0.015, ""min_child_samples"": 50, ""n_estimators"": 150, ""num_leaves"": 15, ""objective"": ""tweedie"", ""random_state"": 20260815, ""reg_alpha"": 0.01, ""reg_lambda"": 5.0, ""subsample"": 0.85, ""subsample_freq"": 1, ""tweedie_variance_power"": 1.1, ""verbosity"": -1}"
88,recursive,1516,14,0.408027321100235,"{""colsample_bytree"": 1.0, ""learning_rate"": 0.015, ""min_child_samples"": 10, ""n_estimators"": 300, ""num_leaves"": 31, ""objective"": ""tweedie"", ""random_state"": 20260816, ""reg_alpha"": 0.1, ""reg_lambda"": 0.0, ""subsample"": 1.0, ""subsample_freq"": 1, ""tweedie_variance_power"": 1.05, ""verbosity"": -1}"
89,recursive,1516,14,0.42329615354537964,"{""colsample_bytree"": 0.85, ""learning_rate"": 0.025, ""min_child_samples"": 50, ""n_estimators"": 150, ""num_leaves"": 15, ""objective"": ""tweedie"", ""random_state"": 20260817, ""reg_alpha"": 1.0, ""reg_lambda"": 5.0, ""subsample"": 1.0, ""subsample_freq"": 1, ""tweedie_variance_power"": 1.4, ""verbosity"": -1}"
90,recursive,1516,14,0.4171476662158966,"{""colsample_bytree"": 0.7, ""learning_rate"": 0.015, ""min_child_samples"": 20, ""n_estimators"": 300, ""num_leaves"": 15, ""objective"": ""tweedie"", ""random_state"": 20260818, ""reg_alpha"": 1.0, ""reg_lambda"": 0.1, ""subsample"": 0.7, ""subsample_freq"": 1, ""tweedie_variance_power"": 1.4, ""verbosity"": -1}"
91,recursive,1516,14,0.3869644105434418,"{""colsample_bytree"": 1.0, ""learning_rate"": 0.025, ""min_child_samples"": 50, ""n_estimators"": 900, ""num_leaves"": 127, ""objective"": ""tweedie"", ""random_state"": 20260819, ""reg_alpha"": 0.0, ""reg_lambda"": 5.0, ""subsample"": 0.7, ""subsample_freq"": 1, ""tweedie_variance_power"": 1.05, ""verbosity"": -1}"
92,recursive,1516,14,0.38895341753959656,"{""colsample_bytree"": 0.7, ""learning_rate"": 0.08, ""min_child_samples"": 50, ""n_estimators"": 300, ""num_leaves"": 15, ""objective"": ""tweedie"", ""random_state"": 20260820, ""reg_alpha"": 0.0, ""reg_lambda"": 0.0, ""subsample"": 0.85, ""subsample_freq"": 1, ""tweedie_variance_power"": 1.4, ""verbosity"": -1}"
93,recursive,1516,14,0.38787922263145447,"{""colsample_bytree"": 0.7, ""learning_rate"": 0.015, ""min_child_samples"": 50, ""n_estimators"": 900, ""num_leaves"": 127, ""objective"": ""tweedie"", ""random_state"": 20260821, ""reg_alpha"": 0.0, ""reg_lambda"": 0.0, ""subsample"": 0.7, ""subsample_freq"": 1, ""tweedie_variance_power"": 1.05, ""verbosity"": -1}"
94,recursive,1516,14,0.40081027150154114,"{""colsample_bytree"": 0.85, ""learning_rate"": 0.015, ""min_child_samples"": 10, ""n_estimators"": 300, ""num_leaves"": 31, ""objective"": ""tweedie"", ""random_state"": 20260822, ""reg_alpha"": 0.0, ""reg_lambda"": 0.1, ""subsample"": 0.7, ""subsample_freq"": 1, ""tweedie_variance_power"": 1.4, ""verbosity"": -1}"
95,recursive,1516,14,0.3756429851055145,"{""colsample_bytree"": 1.0, ""learning_rate"": 0.04, ""min_child_samples"": 10, ""n_estimators"": 900, ""num_leaves"": 63, ""objective"": ""tweedie"", ""random_state"": 20260823, ""reg_alpha"": 0.01, ""reg_lambda"": 5.0, ""subsample"": 0.85, ""subsample_freq"": 1, ""tweedie_variance_power"": 1.2, ""verbosity"": -1}"
96,recursive,1516,14,0.40022996068000793,"{""colsample_bytree"": 0.7, ""learning_rate"": 0.08, ""min_child_samples"": 50, ""n_estimators"": 150, ""num_leaves"": 31, ""objective"": ""tweedie"", ""random_state"": 20260824, ""reg_alpha"": 0.0, ""reg_lambda"": 5.0, ""subsample"": 1.0, ""subsample_freq"": 1, ""tweedie_variance_power"": 1.05, ""verbosity"": -1}"
97,recursive,1516,14,0.3873794674873352,"{""colsample_bytree"": 1.0, ""learning_rate"": 0.025, ""min_child_samples"": 20, ""n_estimators"": 900, ""num_leaves"": 31, ""objective"": ""tweedie"", ""random_state"": 20260825, ""reg_alpha"": 0.1, ""reg_lambda"": 5.0, ""subsample"": 0.85, ""subsample_freq"": 1, ""tweedie_variance_power"": 1.1, ""verbosity"": -1}"
98,recursive,1516,14,0.4185260534286499,"{""colsample_bytree"": 0.7, ""learning_rate"": 0.025, ""min_child_samples"": 100, ""n_estimators"": 300, ""num_leaves"": 15, ""objective"": ""tweedie"", ""random_state"": 20260826, ""reg_alpha"": 1.0, ""reg_lambda"": 1.0, ""subsample"": 0.85, ""subsample_freq"": 1, ""tweedie_variance_power"": 1.1, ""verbosity"": -1}"
99,recursive,1516,14,0.411347895860672,"{""colsample_bytree"": 1.0, ""learning_rate"": 0.025, ""min_child_samples"": 50, ""n_estimators"": 600, ""num_leaves"": 15, ""objective"": ""tweedie"", ""random_state"": 20260827, ""reg_alpha"": 0.0, ""reg_lambda"": 0.0, ""subsample"": 0.85, ""subsample_freq"": 1, ""tweedie_variance_power"": 1.05, ""verbosity"": -1}"
100,recursive,1516,14,0.4014665484428406,"{""colsample_bytree"": 0.85, ""learning_rate"": 0.08, ""min_child_samples"": 50, ""n_estimators"": 150, ""num_leaves"": 15, ""objective"": ""tweedie"", ""random_state"": 20260828, ""reg_alpha"": 0.01, ""reg_lambda"": 5.0, ""subsample"": 1.0, ""subsample_freq"": 1, ""tweedie_variance_power"": 1.4, ""verbosity"": -1}"
101,recursive,1516,14,0.38391080498695374,"{""colsample_bytree"": 0.7, ""learning_rate"": 0.04, ""min_child_samples"": 10, ""n_estimators"": 900, ""num_leaves"": 15, ""objective"": ""tweedie"", ""random_state"": 20260829, ""reg_alpha"": 0.01, ""reg_lambda"": 0.1, ""subsample"": 0.7, ""subsample_freq"": 1, ""tweedie_variance_power"": 1.4, ""verbosity"": -1}"
102,recursive,1516,14,0.38086891174316406,"{""colsample_bytree"": 0.7, ""learning_rate"": 0.06, ""min_child_samples"": 20, ""n_estimators"": 300, ""num_leaves"": 127, ""objective"": ""tweedie"", ""random_state"": 20260830, ""reg_alpha"": 0.1, ""reg_lambda"": 1.0, ""subsample"": 0.85, ""subsample_freq"": 1, ""tweedie_variance_power"": 1.05, ""verbosity"": -1}"
103,recursive,1516,14,0.4104190766811371,"{""colsample_bytree"": 0.7, ""learning_rate"": 0.06, ""min_child_samples"": 50, ""n_estimators"": 150, ""num_leaves"": 15, ""objective"": ""tweedie"", ""random_state"": 20260831, ""reg_alpha"": 0.0, ""reg_lambda"": 0.0, ""subsample"": 0.7, ""subsample_freq"": 1, ""tweedie_variance_power"": 1.4, ""verbosity"": -1}"
104,recursive,1516,14,0.4062535762786865,"{""colsample_bytree"": 0.85, ""learning_rate"": 0.015, ""min_child_samples"": 50, ""n_estimators"": 600, ""num_leaves"": 15, ""objective"": ""tweedie"", ""random_state"": 20260832, ""reg_alpha"": 0.0, ""reg_lambda"": 5.0, ""subsample"": 1.0, ""subsample_freq"": 1, ""tweedie_variance_power"": 1.4, ""verbosity"": -1}"
105,recursive,1516,14,0.40957748889923096,"{""colsample_bytree"": 1.0, ""learning_rate"": 0.08, ""min_child_samples"": 50, ""n_estimators"": 150, ""num_leaves"": 15, ""objective"": ""tweedie"", ""random_state"": 20260833, ""reg_alpha"": 0.01, ""reg_lambda"": 0.1, ""subsample"": 0.7, ""subsample_freq"": 1, ""tweedie_variance_power"": 1.2, ""verbosity"": -1}"
106,recursive,1516,14,0.402334064245224,"{""colsample_bytree"": 0.7, ""learning_rate"": 0.04, ""min_child_samples"": 100, ""n_estimators"": 300, ""num_leaves"": 63, ""objective"": ""tweedie"", ""random_state"": 20260834, ""reg_alpha"": 1.0, ""reg_lambda"": 0.0, ""subsample"": 0.7, ""subsample_freq"": 1, ""tweedie_variance_power"": 1.1, ""verbosity"": -1}"
107,recursive,1516,14,0.38058432936668396,"{""colsample_bytree"": 0.85, ""learning_rate"": 0.06, ""min_child_samples"": 100, ""n_estimators"": 600, ""num_leaves"": 31, ""objective"": ""tweedie"", ""random_state"": 20260835, ""reg_alpha"": 0.1, ""reg_lambda"": 5.0, ""subsample"": 1.0, ""subsample_freq"": 1, ""tweedie_variance_power"": 1.4, ""verbosity"": -1}"
108,recursive,1516,14,0.4027552306652069,"{""colsample_bytree"": 0.7, ""learning_rate"": 0.06, ""min_child_samples"": 20, ""n_estimators"": 150, ""num_leaves"": 63, ""objective"": ""tweedie"", ""random_state"": 20260836, ""reg_alpha"": 0.0, ""reg_lambda"": 1.0, ""subsample"": 0.85, ""subsample_freq"": 1, ""tweedie_variance_power"": 1.05, ""verbosity"": -1}"
109,recursive,1516,14,0.3869534134864807,"{""colsample_bytree"": 0.85, ""learning_rate"": 0.04, ""min_child_samples"": 50, ""n_estimators"": 600, ""num_leaves"": 63, ""objective"": ""tweedie"", ""random_state"": 20260837, ""reg_alpha"": 0.0, ""reg_lambda"": 1.0, ""subsample"": 0.85, ""subsample_freq"": 1, ""tweedie_variance_power"": 1.1, ""verbosity"": -1}"
110,recursive,1516,14,0.3824175000190735,"{""colsample_bytree"": 0.85, ""learning_rate"": 0.06, ""min_child_samples"": 50, ""n_estimators"": 600, ""num_leaves"": 31, ""objective"": ""tweedie"", ""random_state"": 20260838, ""reg_alpha"": 0.1, ""reg_lambda"": 5.0, ""subsample"": 0.7, ""subsample_freq"": 1, ""tweedie_variance_power"": 1.4, ""verbosity"": -1}"
111,recursive,1516,14,0.3929215967655182,"{""colsample_bytree"": 0.7, ""learning_rate"": 0.08, ""min_child_samples"": 10, ""n_estimators"": 150, ""num_leaves"": 31, ""objective"": ""tweedie"", ""random_state"": 20260839, ""reg_alpha"": 0.0, ""reg_lambda"": 1.0, ""subsample"": 0.7, ""subsample_freq"": 1, ""tweedie_variance_power"": 1.4, ""verbosity"": -1}"
112,recursive,1516,14,0.40150970220565796,"{""colsample_bytree"": 0.7, ""learning_rate"": 0.015, ""min_child_samples"": 20, ""n_estimators"": 600, ""num_leaves"": 31, ""objective"": ""tweedie"", ""random_state"": 20260840, ""reg_alpha"": 0.01, ""reg_lambda"": 0.1, ""subsample"": 1.0, ""subsample_freq"": 1, ""tweedie_variance_power"": 1.1, ""verbosity"": -1}"
113,recursive,1516,14,0.3901582956314087,"{""colsample_bytree"": 0.7, ""learning_rate"": 0.08, ""min_child_samples"": 10, ""n_estimators"": 300, ""num_leaves"": 15, ""objective"": ""tweedie"", ""random_state"": 20260841, ""reg_alpha"": 0.01, ""reg_lambda"": 0.0, ""subsample"": 0.7, ""subsample_freq"": 1, ""tweedie_variance_power"": 1.4, ""verbosity"": -1}"
114,recursive,1516,14,0.4172736406326294,"{""colsample_bytree"": 0.7, ""learning_rate"": 0.025, ""min_child_samples"": 20, ""n_estimators"": 150, ""num_leaves"": 31, ""objective"": ""tweedie"", ""random_state"": 20260842, ""reg_alpha"": 0.0, ""reg_lambda"": 5.0, ""subsample"": 0.85, ""subsample_freq"": 1, ""tweedie_variance_power"": 1.05, ""verbosity"": -1}"
115,recursive,1516,14,0.3866840600967407,"{""colsample_bytree"": 1.0, ""learning_rate"": 0.04, ""min_child_samples"": 10, ""n_estimators"": 900, ""num_leaves"": 63, ""objective"": ""tweedie"", ""random_state"": 20260843, ""reg_alpha"": 0.01, ""reg_lambda"": 0.0, ""subsample"": 0.7, ""subsample_freq"": 1, ""tweedie_variance_power"": 1.05, ""verbosity"": -1}"
116,recursive,1516,14,0.4073740243911743,"{""colsample_bytree"": 0.85, ""learning_rate"": 0.025, ""min_child_samples"": 100, ""n_estimators"": 300, ""num_leaves"": 15, ""objective"": ""tweedie"", ""random_state"": 20260844, ""reg_alpha"": 0.1, ""reg_lambda"": 1.0, ""subsample"": 1.0, ""subsample_freq"": 1, ""tweedie_variance_power"": 1.4, ""verbosity"": -1}"
117,recursive,1516,14,0.38668882846832275,"{""colsample_bytree"": 1.0, ""learning_rate"": 0.06, ""min_child_samples"": 10, ""n_estimators"": 600, ""num_leaves"": 127, ""objective"": ""tweedie"", ""random_state"": 20260845, ""reg_alpha"": 0.1, ""reg_lambda"": 0.1, ""subsample"": 0.7, ""subsample_freq"": 1, ""tweedie_variance_power"": 1.05, ""verbosity"": -1}"
118,recursive,1516,14,0.3977701663970947,"{""colsample_bytree"": 1.0, ""learning_rate"": 0.015, ""min_child_samples"": 50, ""n_estimators"": 900, ""num_leaves"": 63, ""objective"": ""tweedie"", ""random_state"": 20260846, ""reg_alpha"": 0.1, ""reg_lambda"": 0.1, ""subsample"": 1.0, ""subsample_freq"": 1, ""tweedie_variance_power"": 1.1, ""verbosity"": -1}"
119,recursive,1516,14,0.3958897888660431,"{""colsample_bytree"": 0.7, ""learning_rate"": 0.08, ""min_child_samples"": 10, ""n_estimators"": 150, ""num_leaves"": 31, ""objective"": ""tweedie"", ""random_state"": 20260847, ""reg_alpha"": 0.0, ""reg_lambda"": 0.0, ""subsample"": 0.7, ""subsample_freq"": 1, ""tweedie_variance_power"": 1.4, ""verbosity"": -1}"
120,recursive,1516,14,0.3926503658294678,"{""colsample_bytree"": 0.85, ""learning_rate"": 0.025, ""min_child_samples"": 50, ""n_estimators"": 300, ""num_leaves"": 63, ""objective"": ""tweedie"", ""random_state"": 20260848, ""reg_alpha"": 1.0, ""reg_lambda"": 1.0, ""subsample"": 0.85, ""subsample_freq"": 1, ""tweedie_variance_power"": 1.05, ""verbosity"": -1}"
121,recursive,1516,14,0.4212440848350525,"{""colsample_bytree"": 0.85, ""learning_rate"": 0.015, ""min_child_samples"": 20, ""n_estimators"": 300, ""num_leaves"": 15, ""objective"": ""tweedie"", ""random_state"": 20260849, ""reg_alpha"": 0.1, ""reg_lambda"": 0.1, ""subsample"": 0.7, ""subsample_freq"": 1, ""tweedie_variance_power"": 1.1, ""verbosity"": -1}"
122,recursive,1516,14,0.39602789282798767,"{""colsample_bytree"": 1.0, ""learning_rate"": 0.025, ""min_child_samples"": 100, ""n_estimators"": 600, ""num_leaves"": 127, ""objective"": ""tweedie"", ""random_state"": 20260850, ""reg_alpha"": 1.0, ""reg_lambda"": 5.0, ""subsample"": 1.0, ""subsample_freq"": 1, ""tweedie_variance_power"": 1.2, ""verbosity"": -1}"
123,recursive,1516,14,0.38229629397392273,"{""colsample_bytree"": 0.7, ""learning_rate"": 0.08, ""min_child_samples"": 20, ""n_estimators"": 300, ""num_leaves"": 63, ""objective"": ""tweedie"", ""random_state"": 20260851, ""reg_alpha"": 0.01, ""reg_lambda"": 0.1, ""subsample"": 0.85, ""subsample_freq"": 1, ""tweedie_variance_power"": 1.2, ""verbosity"": -1}"
124,recursive,1516,14,0.45531177520751953,"{""colsample_bytree"": 0.7, ""learning_rate"": 0.015, ""min_child_samples"": 100, ""n_estimators"": 150, ""num_leaves"": 15, ""objective"": ""tweedie"", ""random_state"": 20260852, ""reg_alpha"": 0.0, ""reg_lambda"": 1.0, ""subsample"": 0.85, ""subsample_freq"": 1, ""tweedie_variance_power"": 1.4, ""verbosity"": -1}"
125,recursive,1516,14,0.4014800190925598,"{""colsample_bytree"": 0.85, ""learning_rate"": 0.015, ""min_child_samples"": 50, ""n_estimators"": 300, ""num_leaves"": 63, ""objective"": ""tweedie"", ""random_state"": 20260853, ""reg_alpha"": 1.0, ""reg_lambda"": 5.0, ""subsample"": 0.7, ""subsample_freq"": 1, ""tweedie_variance_power"": 1.2, ""verbosity"": -1}"
126,recursive,1516,14,0.38852113485336304,"{""colsample_bytree"": 0.85, ""learning_rate"": 0.04, ""min_child_samples"": 50, ""n_estimators"": 900, ""num_leaves"": 63, ""objective"": ""tweedie"", ""random_state"": 20260854, ""reg_alpha"": 1.0, ""reg_lambda"": 0.0, ""subsample"": 0.85, ""subsample_freq"": 1, ""tweedie_variance_power"": 1.05, ""verbosity"": -1}"
127,recursive,1516,14,0.4166029393672943,"{""colsample_bytree"": 0.85, ""learning_rate"": 0.015, ""min_child_samples"": 50, ""n_estimators"": 900, ""num_leaves"": 15, ""objective"": ""tweedie"", ""random_state"": 20260855, ""reg_alpha"": 0.01, ""reg_lambda"": 0.0, ""subsample"": 1.0, ""subsample_freq"": 1, ""tweedie_variance_power"": 1.05, ""verbosity"": -1}"
128,recursive,1516,14,0.4229559898376465,"{""colsample_bytree"": 0.7, ""learning_rate"": 0.025, ""min_child_samples"": 100, ""n_estimators"": 150, ""num_leaves"": 15, ""objective"": ""tweedie"", ""random_state"": 20260856, ""reg_alpha"": 0.0, ""reg_lambda"": 1.0, ""subsample"": 0.7, ""subsample_freq"": 1, ""tweedie_variance_power"": 1.4, ""verbosity"": -1}"
129,recursive,1516,14,0.38863009214401245,"{""colsample_bytree"": 0.85, ""learning_rate"": 0.06, ""min_child_samples"": 50, ""n_estimators"": 600, ""num_leaves"": 127, ""objective"": ""tweedie"", ""random_state"": 20260857, ""reg_alpha"": 0.1, ""reg_lambda"": 1.0, ""subsample"": 0.85, ""subsample_freq"": 1, ""tweedie_variance_power"": 1.2, ""verbosity"": -1}"
130,recursive,1516,14,0.4151620864868164,"{""colsample_bytree"": 0.7, ""learning_rate"": 0.025, ""min_child_samples"": 20, ""n_estimators"": 300, ""num_leaves"": 15, ""objective"": ""tweedie"", ""random_state"": 20260858, ""reg_alpha"": 0.0, ""reg_lambda"": 0.0, ""subsample"": 0.7, ""subsample_freq"": 1, ""tweedie_variance_power"": 1.05, ""verbosity"": -1}"
131,recursive,1516,14,0.39967191219329834,"{""colsample_bytree"": 0.7, ""learning_rate"": 0.08, ""min_child_samples"": 10, ""n_estimators"": 150, ""num_leaves"": 31, ""objective"": ""tweedie"", ""random_state"": 20260859, ""reg_alpha"": 0.0, ""reg_lambda"": 5.0, ""subsample"": 0.85, ""subsample_freq"": 1, ""tweedie_variance_power"": 1.4, ""verbosity"": -1}"
132,recursive,1516,14,0.39160969853401184,"{""colsample_bytree"": 0.85, ""learning_rate"": 0.015, ""min_child_samples"": 10, ""n_estimators"": 600, ""num_leaves"": 63, ""objective"": ""tweedie"", ""random_state"": 20260860, ""reg_alpha"": 0.1, ""reg_lambda"": 0.1, ""subsample"": 0.7, ""subsample_freq"": 1, ""tweedie_variance_power"": 1.2, ""verbosity"": -1}"
133,recursive,1516,14,0.3775463104248047,"{""colsample_bytree"": 1.0, ""learning_rate"": 0.04, ""min_child_samples"": 10, ""n_estimators"": 900, ""num_leaves"": 127, ""objective"": ""tweedie"", ""random_state"": 20260861, ""reg_alpha"": 1.0, ""reg_lambda"": 5.0, ""subsample"": 1.0, ""subsample_freq"": 1, ""tweedie_variance_power"": 1.2, ""verbosity"": -1}"
134,recursive,1516,14,0.37885040044784546,"{""colsample_bytree"": 0.7, ""learning_rate"": 0.06, ""min_child_samples"": 20, ""n_estimators"": 600, ""num_leaves"": 31, ""objective"": ""tweedie"", ""random_state"": 20260862, ""reg_alpha"": 0.1, ""reg_lambda"": 5.0, ""subsample"": 0.7, ""subsample_freq"": 1, ""tweedie_variance_power"": 1.2, ""verbosity"": -1}"
135,recursive,1516,14,0.3938637673854828,"{""colsample_bytree"": 0.85, ""learning_rate"": 0.08, ""min_child_samples"": 20, ""n_estimators"": 600, ""num_leaves"": 127, ""objective"": ""tweedie"", ""random_state"": 20260863, ""reg_alpha"": 1.0, ""reg_lambda"": 0.1, ""subsample"": 0.7, ""subsample_freq"": 1, ""tweedie_variance_power"": 1.4, ""verbosity"": -1}"
136,recursive,1516,14,0.3977283239364624,"{""colsample_bytree"": 1.0, ""learning_rate"": 0.08, ""min_child_samples"": 50, ""n_estimators"": 600, ""num_leaves"": 63, ""objective"": ""tweedie"", ""random_state"": 20260864, ""reg_alpha"": 1.0, ""reg_lambda"": 0.1, ""subsample"": 0.7, ""subsample_freq"": 1, ""tweedie_variance_power"": 1.05, ""verbosity"": -1}"
137,recursive,1516,14,0.40646418929100037,"{""colsample_bytree"": 0.85, ""learning_rate"": 0.015, ""min_child_samples"": 20, ""n_estimators"": 600, ""num_leaves"": 31, ""objective"": ""tweedie"", ""random_state"": 20260865, ""reg_alpha"": 0.0, ""reg_lambda"": 0.1, ""subsample"": 1.0, ""subsample_freq"": 1, ""tweedie_variance_power"": 1.05, ""verbosity"": -1}"
138,recursive,1516,14,0.39454397559165955,"{""colsample_bytree"": 1.0, ""learning_rate"": 0.015, ""min_child_samples"": 20, ""n_estimators"": 600, ""num_leaves"": 63, ""objective"": ""tweedie"", ""random_state"": 20260866, ""reg_alpha"": 0.0, ""reg_lambda"": 1.0, ""subsample"": 0.85, ""subsample_freq"": 1, ""tweedie_variance_power"": 1.05, ""verbosity"": -1}"
139,recursive,1516,14,0.3952825367450714,"{""colsample_bytree"": 1.0, ""learning_rate"": 0.06, ""min_child_samples"": 50, ""n_estimators"": 300, ""num_leaves"": 31, ""objective"": ""tweedie"", ""random_state"": 20260867, ""reg_alpha"": 0.0, ""reg_lambda"": 1.0, ""subsample"": 1.0, ""subsample_freq"": 1, ""tweedie_variance_power"": 1.1, ""verbosity"": -1}"
140,recursive,1516,14,0.3863634765148163,"{""colsample_bytree"": 0.85, ""learning_rate"": 0.015, ""min_child_samples"": 50, ""n_estimators"": 900, ""num_leaves"": 63, ""objective"": ""tweedie"", ""random_state"": 20260868, ""reg_alpha"": 0.01, ""reg_lambda"": 0.1, ""subsample"": 1.0, ""subsample_freq"": 1, ""tweedie_variance_power"": 1.4, ""verbosity"": -1}"
141,recursive,1516,14,0.38120803236961365,"{""colsample_bytree"": 1.0, ""learning_rate"": 0.08, ""min_child_samples"": 10, ""n_estimators"": 600, ""num_leaves"": 15, ""objective"": ""tweedie"", ""random_state"": 20260869, ""reg_alpha"": 0.01, ""reg_lambda"": 5.0, ""subsample"": 0.7, ""subsample_freq"": 1, ""tweedie_variance_power"": 1.4, ""verbosity"": -1}"
142,recursive,1516,14,0.4034126400947571,"{""colsample_bytree"": 1.0, ""learning_rate"": 0.06, ""min_child_samples"": 100, ""n_estimators"": 150, ""num_leaves"": 63, ""objective"": ""tweedie"", ""random_state"": 20260870, ""reg_alpha"": 0.0, ""reg_lambda"": 5.0, ""subsample"": 1.0, ""subsample_freq"": 1, ""tweedie_variance_power"": 1.1, ""verbosity"": -1}"
143,recursive,1516,14,0.3733764886856079,"{""colsample_bytree"": 0.85, ""learning_rate"": 0.08, ""min_child_samples"": 10, ""n_estimators"": 600, ""num_leaves"": 127, ""objective"": ""tweedie"", ""random_state"": 20260871, ""reg_alpha"": 1.0, ""reg_lambda"": 1.0, ""subsample"": 1.0, ""subsample_freq"": 1, ""tweedie_variance_power"": 1.2, ""verbosity"": -1}"
144,recursive,1516,14,0.40068987011909485,"{""colsample_bytree"": 0.85, ""learning_rate"": 0.06, ""min_child_samples"": 100, ""n_estimators"": 300, ""num_leaves"": 15, ""objective"": ""tweedie"", ""random_state"": 20260872, ""reg_alpha"": 0.01, ""reg_lambda"": 0.0, ""subsample"": 0.85, ""subsample_freq"": 1, ""tweedie_variance_power"": 1.1, ""verbosity"": -1}"
145,recursive,1516,14,0.40354833006858826,"{""colsample_bytree"": 0.7, ""learning_rate"": 0.025, ""min_child_samples"": 20, ""n_estimators"": 300, ""num_leaves"": 31, ""objective"": ""tweedie"", ""random_state"": 20260873, ""reg_alpha"": 0.01, ""reg_lambda"": 1.0, ""subsample"": 1.0, ""subsample_freq"": 1, ""tweedie_variance_power"": 1.2, ""verbosity"": -1}"
146,recursive,1516,14,0.39996078610420227,"{""colsample_bytree"": 1.0, ""learning_rate"": 0.04, ""min_child_samples"": 20, ""n_estimators"": 900, ""num_leaves"": 31, ""objective"": ""tweedie"", ""random_state"": 20260874, ""reg_alpha"": 1.0, ""reg_lambda"": 0.0, ""subsample"": 1.0, ""subsample_freq"": 1, ""tweedie_variance_power"": 1.05, ""verbosity"": -1}"
147,recursive,1516,14,0.453258216381073,"{""colsample_bytree"": 0.7, ""learning_rate"": 0.015, ""min_child_samples"": 10, ""n_estimators"": 150, ""num_leaves"": 31, ""objective"": ""tweedie"", ""random_state"": 20260875, ""reg_alpha"": 0.0, ""reg_lambda"": 5.0, ""subsample"": 0.85, ""subsample_freq"": 1, ""tweedie_variance_power"": 1.1, ""verbosity"": -1}"
148,recursive,1516,14,0.39072343707084656,"{""colsample_bytree"": 0.85, ""learning_rate"": 0.04, ""min_child_samples"": 10, ""n_estimators"": 600, ""num_leaves"": 15, ""objective"": ""tweedie"", ""random_state"": 20260876, ""reg_alpha"": 0.0, ""reg_lambda"": 0.0, ""subsample"": 0.85, ""subsample_freq"": 1, ""tweedie_variance_power"": 1.4, ""verbosity"": -1}"
149,recursive,1516,14,0.37744659185409546,"{""colsample_bytree"": 0.7, ""learning_rate"": 0.06, ""min_child_samples"": 10, ""n_estimators"": 900, ""num_leaves"": 31, ""objective"": ""tweedie"", ""random_state"": 20260877, ""reg_alpha"": 0.01, ""reg_lambda"": 0.1, ""subsample"": 0.7, ""subsample_freq"": 1, ""tweedie_variance_power"": 1.4, ""verbosity"": -1}"
150,recursive,1516,14,0.3912619948387146,"{""colsample_bytree"": 1.0, ""learning_rate"": 0.08, ""min_child_samples"": 10, ""n_estimators"": 150, ""num_leaves"": 31, ""objective"": ""tweedie"", ""random_state"": 20260878, ""reg_alpha"": 0.01, ""reg_lambda"": 0.0, ""subsample"": 0.85, ""subsample_freq"": 1, ""tweedie_variance_power"": 1.4, ""verbosity"": -1}"
151,recursive,1516,14,0.3995182514190674,"{""colsample_bytree"": 1.0, ""learning_rate"": 0.025, ""min_child_samples"": 100, ""n_estimators"": 300, ""num_leaves"": 127, ""objective"": ""tweedie"", ""random_state"": 20260879, ""reg_alpha"": 0.01, ""reg_lambda"": 0.0, ""subsample"": 0.7, ""subsample_freq"": 1, ""tweedie_variance_power"": 1.05, ""verbosity"": -1}"
152,recursive,1516,14,0.3775828182697296,"{""colsample_bytree"": 0.85, ""learning_rate"": 0.08, ""min_child_samples"": 10, ""n_estimators"": 150, ""num_leaves"": 127, ""objective"": ""tweedie"", ""random_state"": 20260880, ""reg_alpha"": 0.01, ""reg_lambda"": 0.0, ""subsample"": 0.7, ""subsample_freq"": 1, ""tweedie_variance_power"": 1.2, ""verbosity"": -1}"
153,recursive,1516,14,0.40266913175582886,"{""colsample_bytree"": 1.0, ""learning_rate"": 0.025, ""min_child_samples"": 10, ""n_estimators"": 150, ""num_leaves"": 127, ""objective"": ""tweedie"", ""random_state"": 20260881, ""reg_alpha"": 0.0, ""reg_lambda"": 0.0, ""subsample"": 0.85, ""subsample_freq"": 1, ""tweedie_variance_power"": 1.05, ""verbosity"": -1}"
154,recursive,1516,14,0.4100205898284912,"{""colsample_bytree"": 1.0, ""learning_rate"": 0.025, ""min_child_samples"": 50, ""n_estimators"": 150, ""num_leaves"": 127, ""objective"": ""tweedie"", ""random_state"": 20260882, ""reg_alpha"": 0.0, ""reg_lambda"": 0.1, ""subsample"": 0.85, ""subsample_freq"": 1, ""tweedie_variance_power"": 1.05, ""verbosity"": -1}"
155,recursive,1516,14,0.3895110785961151,"{""colsample_bytree"": 0.85, ""learning_rate"": 0.015, ""min_child_samples"": 50, ""n_estimators"": 600, ""num_leaves"": 127, ""objective"": ""tweedie"", ""random_state"": 20260883, ""reg_alpha"": 1.0, ""reg_lambda"": 0.0, ""subsample"": 0.7, ""subsample_freq"": 1, ""tweedie_variance_power"": 1.2, ""verbosity"": -1}"
156,recursive,1516,14,0.39126044511795044,"{""colsample_bytree"": 0.7, ""learning_rate"": 0.08, ""min_child_samples"": 10, ""n_estimators"": 300, ""num_leaves"": 31, ""objective"": ""tweedie"", ""random_state"": 20260884, ""reg_alpha"": 0.0, ""reg_lambda"": 0.0, ""subsample"": 1.0, ""subsample_freq"": 1, ""tweedie_variance_power"": 1.05, ""verbosity"": -1}"
157,recursive,1516,14,0.4041331708431244,"{""colsample_bytree"": 0.7, ""learning_rate"": 0.025, ""min_child_samples"": 10, ""n_estimators"": 300, ""num_leaves"": 63, ""objective"": ""tweedie"", ""random_state"": 20260885, ""reg_alpha"": 0.1, ""reg_lambda"": 0.1, ""subsample"": 1.0, ""subsample_freq"": 1, ""tweedie_variance_power"": 1.05, ""verbosity"": -1}"
158,recursive,1516,14,0.40337875485420227,"{""colsample_bytree"": 1.0, ""learning_rate"": 0.06, ""min_child_samples"": 100, ""n_estimators"": 600, ""num_leaves"": 127, ""objective"": ""tweedie"", ""random_state"": 20260886, ""reg_alpha"": 0.01, ""reg_lambda"": 0.1, ""subsample"": 0.85, ""subsample_freq"": 1, ""tweedie_variance_power"": 1.05, ""verbosity"": -1}"
159,recursive,1516,14,0.41328054666519165,"{""colsample_bytree"": 0.85, ""learning_rate"": 0.06, ""min_child_samples"": 50, ""n_estimators"": 300, ""num_leaves"": 15, ""objective"": ""tweedie"", ""random_state"": 20260887, ""reg_alpha"": 0.0, ""reg_lambda"": 1.0, ""subsample"": 1.0, ""subsample_freq"": 1, ""tweedie_variance_power"": 1.05, ""verbosity"": -1}"
160,recursive,1516,14,0.37929001450538635,"{""colsample_bytree"": 1.0, ""learning_rate"": 0.08, ""min_child_samples"": 50, ""n_estimators"": 600, ""num_leaves"": 31, ""objective"": ""tweedie"", ""random_state"": 20260888, ""reg_alpha"": 0.01, ""reg_lambda"": 0.0, ""subsample"": 0.85, ""subsample_freq"": 1, ""tweedie_variance_power"": 1.4, ""verbosity"": -1}"
161,recursive,1516,14,0.38252976536750793,"{""colsample_bytree"": 0.7, ""learning_rate"": 0.04, ""min_child_samples"": 20, ""n_estimators"": 900, ""num_leaves"": 127, ""objective"": ""tweedie"", ""random_state"": 20260889, ""reg_alpha"": 1.0, ""reg_lambda"": 0.0, ""subsample"": 0.85, ""subsample_freq"": 1, ""tweedie_variance_power"": 1.1, ""verbosity"": -1}"
162,recursive,1516,14,0.42139893770217896,"{""colsample_bytree"": 0.7, ""learning_rate"": 0.025, ""min_child_samples"": 50, ""n_estimators"": 150, ""num_leaves"": 15, ""objective"": ""tweedie"", ""random_state"": 20260890, ""reg_alpha"": 0.01, ""reg_lambda"": 0.0, ""subsample"": 0.85, ""subsample_freq"": 1, ""tweedie_variance_power"": 1.1, ""verbosity"": -1}"
163,recursive,1516,14,0.4004766047000885,"{""colsample_bytree"": 0.85, ""learning_rate"": 0.08, ""min_child_samples"": 50, ""n_estimators"": 900, ""num_leaves"": 127, ""objective"": ""tweedie"", ""random_state"": 20260891, ""reg_alpha"": 0.0, ""reg_lambda"": 0.0, ""subsample"": 0.7, ""subsample_freq"": 1, ""tweedie_variance_power"": 1.05, ""verbosity"": -1}"
164,recursive,1516,14,0.4051934778690338,"{""colsample_bytree"": 0.7, ""learning_rate"": 0.025, ""min_child_samples"": 100, ""n_estimators"": 300, ""num_leaves"": 31, ""objective"": ""tweedie"", ""random_state"": 20260892, ""reg_alpha"": 0.01, ""reg_lambda"": 0.0, ""subsample"": 0.7, ""subsample_freq"": 1, ""tweedie_variance_power"": 1.2, ""verbosity"": -1}"
165,recursive,1516,14,0.38394707441329956,"{""colsample_bytree"": 0.85, ""learning_rate"": 0.06, ""min_child_samples"": 50, ""n_estimators"": 900, ""num_leaves"": 15, ""objective"": ""tweedie"", ""random_state"": 20260893, ""reg_alpha"": 0.0, ""reg_lambda"": 1.0, ""subsample"": 1.0, ""subsample_freq"": 1, ""tweedie_variance_power"": 1.4, ""verbosity"": -1}"
166,recursive,1516,14,0.3953135311603546,"{""colsample_bytree"": 0.85, ""learning_rate"": 0.08, ""min_child_samples"": 20, ""n_estimators"": 900, ""num_leaves"": 15, ""objective"": ""tweedie"", ""random_state"": 20260894, ""reg_alpha"": 0.0, ""reg_lambda"": 5.0, ""subsample"": 0.7, ""subsample_freq"": 1, ""tweedie_variance_power"": 1.05, ""verbosity"": -1}"
167,recursive,1516,14,0.3895159661769867,"{""colsample_bytree"": 0.85, ""learning_rate"": 0.08, ""min_child_samples"": 10, ""n_estimators"": 300, ""num_leaves"": 31, ""objective"": ""tweedie"", ""random_state"": 20260895, ""reg_alpha"": 1.0, ""reg_lambda"": 1.0, ""subsample"": 0.7, ""subsample_freq"": 1, ""tweedie_variance_power"": 1.1, ""verbosity"": -1}"
168,recursive,1516,14,0.38393139839172363,"{""colsample_bytree"": 0.85, ""learning_rate"": 0.06, ""min_child_samples"": 20, ""n_estimators"": 300, ""num_leaves"": 63, ""objective"": ""tweedie"", ""random_state"": 20260896, ""reg_alpha"": 0.01, ""reg_lambda"": 0.1, ""subsample"": 0.85, ""subsample_freq"": 1, ""tweedie_variance_power"": 1.2, ""verbosity"": -1}"
169,recursive,1516,14,0.3782687187194824,"{""colsample_bytree"": 0.85, ""learning_rate"": 0.06, ""min_child_samples"": 20, ""n_estimators"": 600, ""num_leaves"": 31, ""objective"": ""tweedie"", ""random_state"": 20260897, ""reg_alpha"": 0.0, ""reg_lambda"": 0.0, ""subsample"": 0.7, ""subsample_freq"": 1, ""tweedie_variance_power"": 1.4, ""verbosity"": -1}"
170,recursive,1516,14,0.41953226923942566,"{""colsample_bytree"": 1.0, ""learning_rate"": 0.025, ""min_child_samples"": 10, ""n_estimators"": 300, ""num_leaves"": 15, ""objective"": ""tweedie"", ""random_state"": 20260898, ""reg_alpha"": 0.0, ""reg_lambda"": 1.0, ""subsample"": 1.0, ""subsample_freq"": 1, ""tweedie_variance_power"": 1.1, ""verbosity"": -1}"
171,recursive,1516,14,0.39078161120414734,"{""colsample_bytree"": 0.85, ""learning_rate"": 0.06, ""min_child_samples"": 50, ""n_estimators"": 600, ""num_leaves"": 127, ""objective"": ""tweedie"", ""random_state"": 20260899, ""reg_alpha"": 0.0, ""reg_lambda"": 1.0, ""subsample"": 1.0, ""subsample_freq"": 1, ""tweedie_variance_power"": 1.4, ""verbosity"": -1}"
172,recursive,1516,14,0.3851807713508606,"{""colsample_bytree"": 0.85, ""learning_rate"": 0.025, ""min_child_samples"": 50, ""n_estimators"": 900, ""num_leaves"": 31, ""objective"": ""tweedie"", ""random_state"": 20260900, ""reg_alpha"": 0.0, ""reg_lambda"": 5.0, ""subsample"": 1.0, ""subsample_freq"": 1, ""tweedie_variance_power"": 1.4, ""verbosity"": -1}"
173,recursive,1516,14,0.41335025429725647,"{""colsample_bytree"": 0.7, ""learning_rate"": 0.025, ""min_child_samples"": 100, ""n_estimators"": 150, ""num_leaves"": 31, ""objective"": ""tweedie"", ""random_state"": 20260901, ""reg_alpha"": 0.0, ""reg_lambda"": 1.0, ""subsample"": 1.0, ""subsample_freq"": 1, ""tweedie_variance_power"": 1.2, ""verbosity"": -1}"
174,recursive,1516,14,0.3759244680404663,"{""colsample_bytree"": 1.0, ""learning_rate"": 0.015, ""min_child_samples"": 10, ""n_estimators"": 600, ""num_leaves"": 127, ""objective"": ""tweedie"", ""random_state"": 20260902, ""reg_alpha"": 0.01, ""reg_lambda"": 0.1, ""subsample"": 1.0, ""subsample_freq"": 1, ""tweedie_variance_power"": 1.4, ""verbosity"": -1}"
175,recursive,1516,14,0.4102157652378082,"{""colsample_bytree"": 0.7, ""learning_rate"": 0.08, ""min_child_samples"": 10, ""n_estimators"": 150, ""num_leaves"": 15, ""objective"": ""tweedie"", ""random_state"": 20260903, ""reg_alpha"": 0.01, ""reg_lambda"": 0.1, ""subsample"": 1.0, ""subsample_freq"": 1, ""tweedie_variance_power"": 1.1, ""verbosity"": -1}"
176,recursive,1516,14,0.4229860305786133,"{""colsample_bytree"": 0.7, ""learning_rate"": 0.025, ""min_child_samples"": 50, ""n_estimators"": 150, ""num_leaves"": 15, ""objective"": ""tweedie"", ""random_state"": 20260904, ""reg_alpha"": 0.1, ""reg_lambda"": 0.1, ""subsample"": 0.85, ""subsample_freq"": 1, ""tweedie_variance_power"": 1.1, ""verbosity"": -1}"
177,recursive,1516,14,0.3994145095348358,"{""colsample_bytree"": 1.0, ""learning_rate"": 0.015, ""min_child_samples"": 100, ""n_estimators"": 600, ""num_leaves"": 63, ""objective"": ""tweedie"", ""random_state"": 20260905, ""reg_alpha"": 0.0, ""reg_lambda"": 0.0, ""subsample"": 1.0, ""subsample_freq"": 1, ""tweedie_variance_power"": 1.1, ""verbosity"": -1}"
178,recursive,1516,14,0.4036686420440674,"{""colsample_bytree"": 1.0, ""learning_rate"": 0.015, ""min_child_samples"": 100, ""n_estimators"": 900, ""num_leaves"": 63, ""objective"": ""tweedie"", ""random_state"": 20260906, ""reg_alpha"": 1.0, ""reg_lambda"": 0.1, ""subsample"": 1.0, ""subsample_freq"": 1, ""tweedie_variance_power"": 1.05, ""verbosity"": -1}"
179,recursive,1516,14,0.39128002524375916,"{""colsample_bytree"": 0.7, ""learning_rate"": 0.04, ""min_child_samples"": 50, ""n_estimators"": 300, ""num_leaves"": 127, ""objective"": ""tweedie"", ""random_state"": 20260907, ""reg_alpha"": 0.01, ""reg_lambda"": 0.0, ""subsample"": 0.85, ""subsample_freq"": 1, ""tweedie_variance_power"": 1.05, ""verbosity"": -1}"
180,recursive,1516,14,0.39911800622940063,"{""colsample_bytree"": 0.7, ""learning_rate"": 0.08, ""min_child_samples"": 100, ""n_estimators"": 150, ""num_leaves"": 31, ""objective"": ""tweedie"", ""random_state"": 20260908, ""reg_alpha"": 1.0, ""reg_lambda"": 5.0, ""subsample"": 0.7, ""subsample_freq"": 1, ""tweedie_variance_power"": 1.2, ""verbosity"": -1}"
181,recursive,1516,14,0.4025856554508209,"{""colsample_bytree"": 1.0, ""learning_rate"": 0.015, ""min_child_samples"": 100, ""n_estimators"": 300, ""num_leaves"": 127, ""objective"": ""tweedie"", ""random_state"": 20260909, ""reg_alpha"": 0.01, ""reg_lambda"": 0.1, ""subsample"": 0.85, ""subsample_freq"": 1, ""tweedie_variance_power"": 1.1, ""verbosity"": -1}"
182,recursive,1516,14,0.3881257176399231,"{""colsample_bytree"": 0.7, ""learning_rate"": 0.015, ""min_child_samples"": 10, ""n_estimators"": 900, ""num_leaves"": 63, ""objective"": ""tweedie"", ""random_state"": 20260910, ""reg_alpha"": 0.0, ""reg_lambda"": 5.0, ""subsample"": 0.7, ""subsample_freq"": 1, ""tweedie_variance_power"": 1.05, ""verbosity"": -1}"
183,recursive,1516,14,0.4014759659767151,"{""colsample_bytree"": 1.0, ""learning_rate"": 0.04, ""min_child_samples"": 50, ""n_estimators"": 900, ""num_leaves"": 15, ""objective"": ""tweedie"", ""random_state"": 20260911, ""reg_alpha"": 0.0, ""reg_lambda"": 0.0, ""subsample"": 0.85, ""subsample_freq"": 1, ""tweedie_variance_power"": 1.05, ""verbosity"": -1}"
184,recursive,1516,14,0.4091956913471222,"{""colsample_bytree"": 0.7, ""learning_rate"": 0.04, ""min_child_samples"": 20, ""n_estimators"": 150, ""num_leaves"": 31, ""objective"": ""tweedie"", ""random_state"": 20260912, ""reg_alpha"": 0.0, ""reg_lambda"": 1.0, ""subsample"": 1.0, ""subsample_freq"": 1, ""tweedie_variance_power"": 1.1, ""verbosity"": -1}"
185,recursive,1516,14,0.3974112272262573,"{""colsample_bytree"": 0.85, ""learning_rate"": 0.08, ""min_child_samples"": 100, ""n_estimators"": 150, ""num_leaves"": 127, ""objective"": ""tweedie"", ""random_state"": 20260913, ""reg_alpha"": 0.0, ""reg_lambda"": 0.1, ""subsample"": 1.0, ""subsample_freq"": 1, ""tweedie_variance_power"": 1.05, ""verbosity"": -1}"
186,recursive,1516,14,0.39604777097702026,"{""colsample_bytree"": 1.0, ""learning_rate"": 0.06, ""min_child_samples"": 100, ""n_estimators"": 900, ""num_leaves"": 15, ""objective"": ""tweedie"", ""random_state"": 20260914, ""reg_alpha"": 0.01, ""reg_lambda"": 0.1, ""subsample"": 0.85, ""subsample_freq"": 1, ""tweedie_variance_power"": 1.1, ""verbosity"": -1}"
187,recursive,1516,14,0.3894056975841522,"{""colsample_bytree"": 1.0, ""learning_rate"": 0.025, ""min_child_samples"": 20, ""n_estimators"": 600, ""num_leaves"": 31, ""objective"": ""tweedie"", ""random_state"": 20260915, ""reg_alpha"": 0.0, ""reg_lambda"": 5.0, ""subsample"": 0.85, ""subsample_freq"": 1, ""tweedie_variance_power"": 1.4, ""verbosity"": -1}"
188,recursive,1516,14,0.4165516793727875,"{""colsample_bytree"": 0.85, ""learning_rate"": 0.08, ""min_child_samples"": 10, ""n_estimators"": 150, ""num_leaves"": 15, ""objective"": ""tweedie"", ""random_state"": 20260916, ""reg_alpha"": 0.0, ""reg_lambda"": 5.0, ""subsample"": 1.0, ""subsample_freq"": 1, ""tweedie_variance_power"": 1.05, ""verbosity"": -1}"
189,recursive,1516,14,0.4601101875305176,"{""colsample_bytree"": 0.85, ""learning_rate"": 0.015, ""min_child_samples"": 50, ""n_estimators"": 150, ""num_leaves"": 15, ""objective"": ""tweedie"", ""random_state"": 20260917, ""reg_alpha"": 0.01, ""reg_lambda"": 0.0, ""subsample"": 0.7, ""subsample_freq"": 1, ""tweedie_variance_power"": 1.1, ""verbosity"": -1}"
190,recursive,1516,14,0.3825835585594177,"{""colsample_bytree"": 0.85, ""learning_rate"": 0.06, ""min_child_samples"": 20, ""n_estimators"": 600, ""num_leaves"": 63, ""objective"": ""tweedie"", ""random_state"": 20260918, ""reg_alpha"": 1.0, ""reg_lambda"": 5.0, ""subsample"": 0.85, ""subsample_freq"": 1, ""tweedie_variance_power"": 1.05, ""verbosity"": -1}"
191,recursive,1516,14,0.41106367111206055,"{""colsample_bytree"": 0.7, ""learning_rate"": 0.025, ""min_child_samples"": 10, ""n_estimators"": 150, ""num_leaves"": 127, ""objective"": ""tweedie"", ""random_state"": 20260919, ""reg_alpha"": 0.1, ""reg_lambda"": 0.1, ""subsample"": 0.7, ""subsample_freq"": 1, ""tweedie_variance_power"": 1.1, ""verbosity"": -1}"
192,recursive,1516,14,0.37607139348983765,"{""colsample_bytree"": 0.85, ""learning_rate"": 0.04, ""min_child_samples"": 10, ""n_estimators"": 300, ""num_leaves"": 127, ""objective"": ""tweedie"", ""random_state"": 20260920, ""reg_alpha"": 1.0, ""reg_lambda"": 1.0, ""subsample"": 0.85, ""subsample_freq"": 1, ""tweedie_variance_power"": 1.4, ""verbosity"": -1}"
193,recursive,1516,14,0.4110294580459595,"{""colsample_bytree"": 1.0, ""learning_rate"": 0.025, ""min_child_samples"": 50, ""n_estimators"": 300, ""num_leaves"": 15, ""objective"": ""tweedie"", ""random_state"": 20260921, ""reg_alpha"": 0.0, ""reg_lambda"": 5.0, ""subsample"": 1.0, ""subsample_freq"": 1, ""tweedie_variance_power"": 1.2, ""verbosity"": -1}"
194,recursive,1516,14,0.40584373474121094,"{""colsample_bytree"": 0.85, ""learning_rate"": 0.015, ""min_child_samples"": 50, ""n_estimators"": 300, ""num_leaves"": 63, ""objective"": ""tweedie"", ""random_state"": 20260922, ""reg_alpha"": 0.1, ""reg_lambda"": 0.0, ""subsample"": 0.7, ""subsample_freq"": 1, ""tweedie_variance_power"": 1.05, ""verbosity"": -1}"
195,recursive,1516,14,0.39543646574020386,"{""colsample_bytree"": 0.7, ""learning_rate"": 0.08, ""min_child_samples"": 20, ""n_estimators"": 150, ""num_leaves"": 31, ""objective"": ""tweedie"", ""random_state"": 20260923, ""reg_alpha"": 1.0, ""reg_lambda"": 0.1, ""subsample"": 0.85, ""subsample_freq"": 1, ""tweedie_variance_power"": 1.4, ""verbosity"": -1}"
196,recursive,1516,14,0.38321900367736816,"{""colsample_bytree"": 0.85, ""learning_rate"": 0.04, ""min_child_samples"": 20, ""n_estimators"": 600, ""num_leaves"": 63, ""objective"": ""tweedie"", ""random_state"": 20260924, ""reg_alpha"": 0.0, ""reg_lambda"": 1.0, ""subsample"": 1.0, ""subsample_freq"": 1, ""tweedie_variance_power"": 1.2, ""verbosity"": -1}"
197,recursive,1516,14,0.39122718572616577,"{""colsample_bytree"": 1.0, ""learning_rate"": 0.08, ""min_child_samples"": 10, ""n_estimators"": 600, ""num_leaves"": 127, ""objective"": ""tweedie"", ""random_state"": 20260925, ""reg_alpha"": 1.0, ""reg_lambda"": 5.0, ""subsample"": 0.7, ""subsample_freq"": 1, ""tweedie_variance_power"": 1.4, ""verbosity"": -1}"
198,recursive,1516,14,0.39649978280067444,"{""colsample_bytree"": 0.7, ""learning_rate"": 0.015, ""min_child_samples"": 100, ""n_estimators"": 300, ""num_leaves"": 127, ""objective"": ""tweedie"", ""random_state"": 20260926, ""reg_alpha"": 0.1, ""reg_lambda"": 0.0, ""subsample"": 1.0, ""subsample_freq"": 1, ""tweedie_variance_power"": 1.2, ""verbosity"": -1}"
199,recursive,1516,14,0.4054301083087921,"{""colsample_bytree"": 1.0, ""learning_rate"": 0.04, ""min_child_samples"": 20, ""n_estimators"": 600, ""num_leaves"": 15, ""objective"": ""tweedie"", ""random_state"": 20260927, ""reg_alpha"": 0.01, ""reg_lambda"": 5.0, ""subsample"": 0.85, ""subsample_freq"": 1, ""tweedie_variance_power"": 1.05, ""verbosity"": -1}"
