run_id,panel_id,dataset,horizon,model_name,trial,protocol,validation_start_idx,validation_horizon,validation_WAPE_aggregate,params_json
source_b_v1_15_m5_h14_lightgbm_tuned_direct_200trial,m5_top_volume_100_20260714,M5,14,lightgbm_tuned_direct,0,direct,1516,14,0.4312441051006317,"{""colsample_bytree"": 1.0, ""learning_rate"": 0.05, ""min_child_samples"": 20, ""n_estimators"": 300, ""num_leaves"": 63, ""objective"": ""tweedie"", ""random_state"": 20261728, ""reg_alpha"": 0.0, ""reg_lambda"": 0.0, ""subsample"": 1.0, ""tweedie_variance_power"": 1.1, ""verbosity"": -1}"
source_b_v1_15_m5_h14_lightgbm_tuned_direct_200trial,m5_top_volume_100_20260714,M5,14,lightgbm_tuned_direct,1,direct,1516,14,0.4284355938434601,"{""colsample_bytree"": 0.85, ""learning_rate"": 0.08, ""min_child_samples"": 20, ""n_estimators"": 900, ""num_leaves"": 63, ""objective"": ""tweedie"", ""random_state"": 20261729, ""reg_alpha"": 0.01, ""reg_lambda"": 5.0, ""subsample"": 1.0, ""subsample_freq"": 1, ""tweedie_variance_power"": 1.1, ""verbosity"": -1}"
source_b_v1_15_m5_h14_lightgbm_tuned_direct_200trial,m5_top_volume_100_20260714,M5,14,lightgbm_tuned_direct,2,direct,1516,14,0.4209888279438019,"{""colsample_bytree"": 0.7, ""learning_rate"": 0.08, ""min_child_samples"": 10, ""n_estimators"": 150, ""num_leaves"": 63, ""objective"": ""tweedie"", ""random_state"": 20261730, ""reg_alpha"": 0.01, ""reg_lambda"": 0.1, ""subsample"": 0.7, ""subsample_freq"": 1, ""tweedie_variance_power"": 1.4, ""verbosity"": -1}"
source_b_v1_15_m5_h14_lightgbm_tuned_direct_200trial,m5_top_volume_100_20260714,M5,14,lightgbm_tuned_direct,3,direct,1516,14,0.4250211119651794,"{""colsample_bytree"": 0.85, ""learning_rate"": 0.04, ""min_child_samples"": 20, ""n_estimators"": 150, ""num_leaves"": 31, ""objective"": ""tweedie"", ""random_state"": 20261731, ""reg_alpha"": 1.0, ""reg_lambda"": 0.0, ""subsample"": 0.85, ""subsample_freq"": 1, ""tweedie_variance_power"": 1.1, ""verbosity"": -1}"
source_b_v1_15_m5_h14_lightgbm_tuned_direct_200trial,m5_top_volume_100_20260714,M5,14,lightgbm_tuned_direct,4,direct,1516,14,0.4404523372650146,"{""colsample_bytree"": 0.7, ""learning_rate"": 0.08, ""min_child_samples"": 50, ""n_estimators"": 600, ""num_leaves"": 15, ""objective"": ""tweedie"", ""random_state"": 20261732, ""reg_alpha"": 0.1, ""reg_lambda"": 0.1, ""subsample"": 0.85, ""subsample_freq"": 1, ""tweedie_variance_power"": 1.05, ""verbosity"": -1}"
source_b_v1_15_m5_h14_lightgbm_tuned_direct_200trial,m5_top_volume_100_20260714,M5,14,lightgbm_tuned_direct,5,direct,1516,14,0.4232527613639831,"{""colsample_bytree"": 0.85, ""learning_rate"": 0.025, ""min_child_samples"": 20, ""n_estimators"": 150, ""num_leaves"": 127, ""objective"": ""tweedie"", ""random_state"": 20261733, ""reg_alpha"": 0.0, ""reg_lambda"": 0.1, ""subsample"": 0.85, ""subsample_freq"": 1, ""tweedie_variance_power"": 1.2, ""verbosity"": -1}"
source_b_v1_15_m5_h14_lightgbm_tuned_direct_200trial,m5_top_volume_100_20260714,M5,14,lightgbm_tuned_direct,6,direct,1516,14,0.445650577545166,"{""colsample_bytree"": 0.7, ""learning_rate"": 0.08, ""min_child_samples"": 50, ""n_estimators"": 900, ""num_leaves"": 127, ""objective"": ""tweedie"", ""random_state"": 20261734, ""reg_alpha"": 0.0, ""reg_lambda"": 1.0, ""subsample"": 0.7, ""subsample_freq"": 1, ""tweedie_variance_power"": 1.2, ""verbosity"": -1}"
source_b_v1_15_m5_h14_lightgbm_tuned_direct_200trial,m5_top_volume_100_20260714,M5,14,lightgbm_tuned_direct,7,direct,1516,14,0.4336659908294678,"{""colsample_bytree"": 0.85, ""learning_rate"": 0.04, ""min_child_samples"": 50, ""n_estimators"": 900, ""num_leaves"": 127, ""objective"": ""tweedie"", ""random_state"": 20261735, ""reg_alpha"": 0.1, ""reg_lambda"": 5.0, ""subsample"": 0.7, ""subsample_freq"": 1, ""tweedie_variance_power"": 1.05, ""verbosity"": -1}"
source_b_v1_15_m5_h14_lightgbm_tuned_direct_200trial,m5_top_volume_100_20260714,M5,14,lightgbm_tuned_direct,8,direct,1516,14,0.439837098121643,"{""colsample_bytree"": 1.0, ""learning_rate"": 0.04, ""min_child_samples"": 100, ""n_estimators"": 600, ""num_leaves"": 15, ""objective"": ""tweedie"", ""random_state"": 20261736, ""reg_alpha"": 0.0, ""reg_lambda"": 5.0, ""subsample"": 0.85, ""subsample_freq"": 1, ""tweedie_variance_power"": 1.1, ""verbosity"": -1}"
source_b_v1_15_m5_h14_lightgbm_tuned_direct_200trial,m5_top_volume_100_20260714,M5,14,lightgbm_tuned_direct,9,direct,1516,14,0.4258899390697479,"{""colsample_bytree"": 0.7, ""learning_rate"": 0.04, ""min_child_samples"": 10, ""n_estimators"": 150, ""num_leaves"": 127, ""objective"": ""tweedie"", ""random_state"": 20261737, ""reg_alpha"": 1.0, ""reg_lambda"": 5.0, ""subsample"": 0.7, ""subsample_freq"": 1, ""tweedie_variance_power"": 1.05, ""verbosity"": -1}"
source_b_v1_15_m5_h14_lightgbm_tuned_direct_200trial,m5_top_volume_100_20260714,M5,14,lightgbm_tuned_direct,10,direct,1516,14,0.4244428277015686,"{""colsample_bytree"": 0.85, ""learning_rate"": 0.06, ""min_child_samples"": 10, ""n_estimators"": 900, ""num_leaves"": 63, ""objective"": ""tweedie"", ""random_state"": 20261738, ""reg_alpha"": 1.0, ""reg_lambda"": 0.0, ""subsample"": 1.0, ""subsample_freq"": 1, ""tweedie_variance_power"": 1.05, ""verbosity"": -1}"
source_b_v1_15_m5_h14_lightgbm_tuned_direct_200trial,m5_top_volume_100_20260714,M5,14,lightgbm_tuned_direct,11,direct,1516,14,0.4412804245948791,"{""colsample_bytree"": 0.85, ""learning_rate"": 0.025, ""min_child_samples"": 100, ""n_estimators"": 300, ""num_leaves"": 63, ""objective"": ""tweedie"", ""random_state"": 20261739, ""reg_alpha"": 1.0, ""reg_lambda"": 1.0, ""subsample"": 1.0, ""subsample_freq"": 1, ""tweedie_variance_power"": 1.2, ""verbosity"": -1}"
source_b_v1_15_m5_h14_lightgbm_tuned_direct_200trial,m5_top_volume_100_20260714,M5,14,lightgbm_tuned_direct,12,direct,1516,14,0.4264454543590545,"{""colsample_bytree"": 0.7, ""learning_rate"": 0.025, ""min_child_samples"": 50, ""n_estimators"": 150, ""num_leaves"": 63, ""objective"": ""tweedie"", ""random_state"": 20261740, ""reg_alpha"": 1.0, ""reg_lambda"": 5.0, ""subsample"": 0.85, ""subsample_freq"": 1, ""tweedie_variance_power"": 1.1, ""verbosity"": -1}"
source_b_v1_15_m5_h14_lightgbm_tuned_direct_200trial,m5_top_volume_100_20260714,M5,14,lightgbm_tuned_direct,13,direct,1516,14,0.4251178801059723,"{""colsample_bytree"": 1.0, ""learning_rate"": 0.025, ""min_child_samples"": 10, ""n_estimators"": 150, ""num_leaves"": 127, ""objective"": ""tweedie"", ""random_state"": 20261741, ""reg_alpha"": 0.01, ""reg_lambda"": 0.0, ""subsample"": 0.85, ""subsample_freq"": 1, ""tweedie_variance_power"": 1.2, ""verbosity"": -1}"
source_b_v1_15_m5_h14_lightgbm_tuned_direct_200trial,m5_top_volume_100_20260714,M5,14,lightgbm_tuned_direct,14,direct,1516,14,0.4318105280399322,"{""colsample_bytree"": 1.0, ""learning_rate"": 0.04, ""min_child_samples"": 10, ""n_estimators"": 900, ""num_leaves"": 15, ""objective"": ""tweedie"", ""random_state"": 20261742, ""reg_alpha"": 0.1, ""reg_lambda"": 0.1, ""subsample"": 0.85, ""subsample_freq"": 1, ""tweedie_variance_power"": 1.1, ""verbosity"": -1}"
source_b_v1_15_m5_h14_lightgbm_tuned_direct_200trial,m5_top_volume_100_20260714,M5,14,lightgbm_tuned_direct,15,direct,1516,14,0.4370516836643219,"{""colsample_bytree"": 0.7, ""learning_rate"": 0.06, ""min_child_samples"": 50, ""n_estimators"": 150, ""num_leaves"": 31, ""objective"": ""tweedie"", ""random_state"": 20261743, ""reg_alpha"": 1.0, ""reg_lambda"": 0.1, ""subsample"": 0.7, ""subsample_freq"": 1, ""tweedie_variance_power"": 1.05, ""verbosity"": -1}"
source_b_v1_15_m5_h14_lightgbm_tuned_direct_200trial,m5_top_volume_100_20260714,M5,14,lightgbm_tuned_direct,16,direct,1516,14,0.4279845356941223,"{""colsample_bytree"": 0.85, ""learning_rate"": 0.015, ""min_child_samples"": 50, ""n_estimators"": 600, ""num_leaves"": 31, ""objective"": ""tweedie"", ""random_state"": 20261744, ""reg_alpha"": 1.0, ""reg_lambda"": 1.0, ""subsample"": 1.0, ""subsample_freq"": 1, ""tweedie_variance_power"": 1.4, ""verbosity"": -1}"
source_b_v1_15_m5_h14_lightgbm_tuned_direct_200trial,m5_top_volume_100_20260714,M5,14,lightgbm_tuned_direct,17,direct,1516,14,0.4428640902042389,"{""colsample_bytree"": 0.85, ""learning_rate"": 0.015, ""min_child_samples"": 10, ""n_estimators"": 150, ""num_leaves"": 15, ""objective"": ""tweedie"", ""random_state"": 20261745, ""reg_alpha"": 0.0, ""reg_lambda"": 0.0, ""subsample"": 1.0, ""subsample_freq"": 1, ""tweedie_variance_power"": 1.2, ""verbosity"": -1}"
source_b_v1_15_m5_h14_lightgbm_tuned_direct_200trial,m5_top_volume_100_20260714,M5,14,lightgbm_tuned_direct,18,direct,1516,14,0.4413142800331116,"{""colsample_bytree"": 1.0, ""learning_rate"": 0.06, ""min_child_samples"": 100, ""n_estimators"": 900, ""num_leaves"": 127, ""objective"": ""tweedie"", ""random_state"": 20261746, ""reg_alpha"": 0.01, ""reg_lambda"": 0.1, ""subsample"": 0.85, ""subsample_freq"": 1, ""tweedie_variance_power"": 1.2, ""verbosity"": -1}"
source_b_v1_15_m5_h14_lightgbm_tuned_direct_200trial,m5_top_volume_100_20260714,M5,14,lightgbm_tuned_direct,19,direct,1516,14,0.4286742210388183,"{""colsample_bytree"": 0.7, ""learning_rate"": 0.025, ""min_child_samples"": 20, ""n_estimators"": 300, ""num_leaves"": 15, ""objective"": ""tweedie"", ""random_state"": 20261747, ""reg_alpha"": 1.0, ""reg_lambda"": 5.0, ""subsample"": 0.7, ""subsample_freq"": 1, ""tweedie_variance_power"": 1.2, ""verbosity"": -1}"
source_b_v1_15_m5_h14_lightgbm_tuned_direct_200trial,m5_top_volume_100_20260714,M5,14,lightgbm_tuned_direct,20,direct,1516,14,0.4380213320255279,"{""colsample_bytree"": 0.85, ""learning_rate"": 0.06, ""min_child_samples"": 100, ""n_estimators"": 600, ""num_leaves"": 63, ""objective"": ""tweedie"", ""random_state"": 20261748, ""reg_alpha"": 1.0, ""reg_lambda"": 0.0, ""subsample"": 0.7, ""subsample_freq"": 1, ""tweedie_variance_power"": 1.1, ""verbosity"": -1}"
source_b_v1_15_m5_h14_lightgbm_tuned_direct_200trial,m5_top_volume_100_20260714,M5,14,lightgbm_tuned_direct,21,direct,1516,14,0.4413892924785614,"{""colsample_bytree"": 0.85, ""learning_rate"": 0.025, ""min_child_samples"": 100, ""n_estimators"": 600, ""num_leaves"": 31, ""objective"": ""tweedie"", ""random_state"": 20261749, ""reg_alpha"": 0.01, ""reg_lambda"": 0.0, ""subsample"": 1.0, ""subsample_freq"": 1, ""tweedie_variance_power"": 1.1, ""verbosity"": -1}"
source_b_v1_15_m5_h14_lightgbm_tuned_direct_200trial,m5_top_volume_100_20260714,M5,14,lightgbm_tuned_direct,22,direct,1516,14,0.4346435368061065,"{""colsample_bytree"": 0.85, ""learning_rate"": 0.08, ""min_child_samples"": 20, ""n_estimators"": 900, ""num_leaves"": 127, ""objective"": ""tweedie"", ""random_state"": 20261750, ""reg_alpha"": 1.0, ""reg_lambda"": 0.0, ""subsample"": 0.7, ""subsample_freq"": 1, ""tweedie_variance_power"": 1.4, ""verbosity"": -1}"
source_b_v1_15_m5_h14_lightgbm_tuned_direct_200trial,m5_top_volume_100_20260714,M5,14,lightgbm_tuned_direct,23,direct,1516,14,0.4299641251564026,"{""colsample_bytree"": 0.85, ""learning_rate"": 0.08, ""min_child_samples"": 10, ""n_estimators"": 150, ""num_leaves"": 31, ""objective"": ""tweedie"", ""random_state"": 20261751, ""reg_alpha"": 0.0, ""reg_lambda"": 1.0, ""subsample"": 0.7, ""subsample_freq"": 1, ""tweedie_variance_power"": 1.1, ""verbosity"": -1}"
source_b_v1_15_m5_h14_lightgbm_tuned_direct_200trial,m5_top_volume_100_20260714,M5,14,lightgbm_tuned_direct,24,direct,1516,14,0.4293388128280639,"{""colsample_bytree"": 1.0, ""learning_rate"": 0.08, ""min_child_samples"": 10, ""n_estimators"": 600, ""num_leaves"": 15, ""objective"": ""tweedie"", ""random_state"": 20261752, ""reg_alpha"": 1.0, ""reg_lambda"": 1.0, ""subsample"": 0.85, ""subsample_freq"": 1, ""tweedie_variance_power"": 1.4, ""verbosity"": -1}"
source_b_v1_15_m5_h14_lightgbm_tuned_direct_200trial,m5_top_volume_100_20260714,M5,14,lightgbm_tuned_direct,25,direct,1516,14,0.4317450225353241,"{""colsample_bytree"": 0.85, ""learning_rate"": 0.015, ""min_child_samples"": 10, ""n_estimators"": 900, ""num_leaves"": 15, ""objective"": ""tweedie"", ""random_state"": 20261753, ""reg_alpha"": 1.0, ""reg_lambda"": 0.1, ""subsample"": 0.85, ""subsample_freq"": 1, ""tweedie_variance_power"": 1.05, ""verbosity"": -1}"
source_b_v1_15_m5_h14_lightgbm_tuned_direct_200trial,m5_top_volume_100_20260714,M5,14,lightgbm_tuned_direct,26,direct,1516,14,0.4295761287212372,"{""colsample_bytree"": 0.85, ""learning_rate"": 0.04, ""min_child_samples"": 10, ""n_estimators"": 300, ""num_leaves"": 15, ""objective"": ""tweedie"", ""random_state"": 20261754, ""reg_alpha"": 0.0, ""reg_lambda"": 5.0, ""subsample"": 0.85, ""subsample_freq"": 1, ""tweedie_variance_power"": 1.05, ""verbosity"": -1}"
source_b_v1_15_m5_h14_lightgbm_tuned_direct_200trial,m5_top_volume_100_20260714,M5,14,lightgbm_tuned_direct,27,direct,1516,14,0.4431628286838531,"{""colsample_bytree"": 0.85, ""learning_rate"": 0.04, ""min_child_samples"": 100, ""n_estimators"": 900, ""num_leaves"": 127, ""objective"": ""tweedie"", ""random_state"": 20261755, ""reg_alpha"": 0.1, ""reg_lambda"": 0.1, ""subsample"": 1.0, ""subsample_freq"": 1, ""tweedie_variance_power"": 1.1, ""verbosity"": -1}"
source_b_v1_15_m5_h14_lightgbm_tuned_direct_200trial,m5_top_volume_100_20260714,M5,14,lightgbm_tuned_direct,28,direct,1516,14,0.4205000698566437,"{""colsample_bytree"": 0.85, ""learning_rate"": 0.04, ""min_child_samples"": 10, ""n_estimators"": 150, ""num_leaves"": 31, ""objective"": ""tweedie"", ""random_state"": 20261756, ""reg_alpha"": 0.01, ""reg_lambda"": 5.0, ""subsample"": 0.85, ""subsample_freq"": 1, ""tweedie_variance_power"": 1.4, ""verbosity"": -1}"
source_b_v1_15_m5_h14_lightgbm_tuned_direct_200trial,m5_top_volume_100_20260714,M5,14,lightgbm_tuned_direct,29,direct,1516,14,0.4362805485725403,"{""colsample_bytree"": 0.7, ""learning_rate"": 0.04, ""min_child_samples"": 50, ""n_estimators"": 600, ""num_leaves"": 63, ""objective"": ""tweedie"", ""random_state"": 20261757, ""reg_alpha"": 0.0, ""reg_lambda"": 0.1, ""subsample"": 1.0, ""subsample_freq"": 1, ""tweedie_variance_power"": 1.1, ""verbosity"": -1}"
source_b_v1_15_m5_h14_lightgbm_tuned_direct_200trial,m5_top_volume_100_20260714,M5,14,lightgbm_tuned_direct,30,direct,1516,14,0.4170776307582855,"{""colsample_bytree"": 0.7, ""learning_rate"": 0.025, ""min_child_samples"": 20, ""n_estimators"": 150, ""num_leaves"": 63, ""objective"": ""tweedie"", ""random_state"": 20261758, ""reg_alpha"": 0.0, ""reg_lambda"": 5.0, ""subsample"": 1.0, ""subsample_freq"": 1, ""tweedie_variance_power"": 1.4, ""verbosity"": -1}"
source_b_v1_15_m5_h14_lightgbm_tuned_direct_200trial,m5_top_volume_100_20260714,M5,14,lightgbm_tuned_direct,31,direct,1516,14,0.4291520118713379,"{""colsample_bytree"": 0.7, ""learning_rate"": 0.025, ""min_child_samples"": 20, ""n_estimators"": 600, ""num_leaves"": 63, ""objective"": ""tweedie"", ""random_state"": 20261759, ""reg_alpha"": 1.0, ""reg_lambda"": 5.0, ""subsample"": 1.0, ""subsample_freq"": 1, ""tweedie_variance_power"": 1.1, ""verbosity"": -1}"
source_b_v1_15_m5_h14_lightgbm_tuned_direct_200trial,m5_top_volume_100_20260714,M5,14,lightgbm_tuned_direct,32,direct,1516,14,0.4363625347614288,"{""colsample_bytree"": 1.0, ""learning_rate"": 0.06, ""min_child_samples"": 100, ""n_estimators"": 150, ""num_leaves"": 127, ""objective"": ""tweedie"", ""random_state"": 20261760, ""reg_alpha"": 0.1, ""reg_lambda"": 0.0, ""subsample"": 0.85, ""subsample_freq"": 1, ""tweedie_variance_power"": 1.05, ""verbosity"": -1}"
source_b_v1_15_m5_h14_lightgbm_tuned_direct_200trial,m5_top_volume_100_20260714,M5,14,lightgbm_tuned_direct,33,direct,1516,14,0.4265721142292022,"{""colsample_bytree"": 0.7, ""learning_rate"": 0.015, ""min_child_samples"": 10, ""n_estimators"": 150, ""num_leaves"": 127, ""objective"": ""tweedie"", ""random_state"": 20261761, ""reg_alpha"": 1.0, ""reg_lambda"": 0.0, ""subsample"": 0.85, ""subsample_freq"": 1, ""tweedie_variance_power"": 1.4, ""verbosity"": -1}"
source_b_v1_15_m5_h14_lightgbm_tuned_direct_200trial,m5_top_volume_100_20260714,M5,14,lightgbm_tuned_direct,34,direct,1516,14,0.4343733191490173,"{""colsample_bytree"": 0.7, ""learning_rate"": 0.04, ""min_child_samples"": 10, ""n_estimators"": 900, ""num_leaves"": 31, ""objective"": ""tweedie"", ""random_state"": 20261762, ""reg_alpha"": 0.1, ""reg_lambda"": 5.0, ""subsample"": 1.0, ""subsample_freq"": 1, ""tweedie_variance_power"": 1.05, ""verbosity"": -1}"
source_b_v1_15_m5_h14_lightgbm_tuned_direct_200trial,m5_top_volume_100_20260714,M5,14,lightgbm_tuned_direct,35,direct,1516,14,0.4289498627185821,"{""colsample_bytree"": 0.85, ""learning_rate"": 0.08, ""min_child_samples"": 50, ""n_estimators"": 150, ""num_leaves"": 127, ""objective"": ""tweedie"", ""random_state"": 20261763, ""reg_alpha"": 0.1, ""reg_lambda"": 0.1, ""subsample"": 0.85, ""subsample_freq"": 1, ""tweedie_variance_power"": 1.2, ""verbosity"": -1}"
source_b_v1_15_m5_h14_lightgbm_tuned_direct_200trial,m5_top_volume_100_20260714,M5,14,lightgbm_tuned_direct,36,direct,1516,14,0.4182124733924866,"{""colsample_bytree"": 0.85, ""learning_rate"": 0.015, ""min_child_samples"": 10, ""n_estimators"": 300, ""num_leaves"": 127, ""objective"": ""tweedie"", ""random_state"": 20261764, ""reg_alpha"": 0.01, ""reg_lambda"": 0.1, ""subsample"": 0.7, ""subsample_freq"": 1, ""tweedie_variance_power"": 1.4, ""verbosity"": -1}"
source_b_v1_15_m5_h14_lightgbm_tuned_direct_200trial,m5_top_volume_100_20260714,M5,14,lightgbm_tuned_direct,37,direct,1516,14,0.4218722283840179,"{""colsample_bytree"": 1.0, ""learning_rate"": 0.025, ""min_child_samples"": 20, ""n_estimators"": 600, ""num_leaves"": 127, ""objective"": ""tweedie"", ""random_state"": 20261765, ""reg_alpha"": 0.01, ""reg_lambda"": 0.1, ""subsample"": 0.85, ""subsample_freq"": 1, ""tweedie_variance_power"": 1.2, ""verbosity"": -1}"
source_b_v1_15_m5_h14_lightgbm_tuned_direct_200trial,m5_top_volume_100_20260714,M5,14,lightgbm_tuned_direct,38,direct,1516,14,0.4273998141288757,"{""colsample_bytree"": 0.7, ""learning_rate"": 0.08, ""min_child_samples"": 10, ""n_estimators"": 600, ""num_leaves"": 127, ""objective"": ""tweedie"", ""random_state"": 20261766, ""reg_alpha"": 0.1, ""reg_lambda"": 0.0, ""subsample"": 0.7, ""subsample_freq"": 1, ""tweedie_variance_power"": 1.2, ""verbosity"": -1}"
source_b_v1_15_m5_h14_lightgbm_tuned_direct_200trial,m5_top_volume_100_20260714,M5,14,lightgbm_tuned_direct,39,direct,1516,14,0.422637015581131,"{""colsample_bytree"": 0.7, ""learning_rate"": 0.025, ""min_child_samples"": 10, ""n_estimators"": 300, ""num_leaves"": 127, ""objective"": ""tweedie"", ""random_state"": 20261767, ""reg_alpha"": 1.0, ""reg_lambda"": 5.0, ""subsample"": 0.85, ""subsample_freq"": 1, ""tweedie_variance_power"": 1.05, ""verbosity"": -1}"
source_b_v1_15_m5_h14_lightgbm_tuned_direct_200trial,m5_top_volume_100_20260714,M5,14,lightgbm_tuned_direct,40,direct,1516,14,0.4287677705287933,"{""colsample_bytree"": 0.85, ""learning_rate"": 0.025, ""min_child_samples"": 20, ""n_estimators"": 150, ""num_leaves"": 127, ""objective"": ""tweedie"", ""random_state"": 20261768, ""reg_alpha"": 0.1, ""reg_lambda"": 5.0, ""subsample"": 0.7, ""subsample_freq"": 1, ""tweedie_variance_power"": 1.05, ""verbosity"": -1}"
source_b_v1_15_m5_h14_lightgbm_tuned_direct_200trial,m5_top_volume_100_20260714,M5,14,lightgbm_tuned_direct,41,direct,1516,14,0.4433962106704712,"{""colsample_bytree"": 0.85, ""learning_rate"": 0.015, ""min_child_samples"": 50, ""n_estimators"": 150, ""num_leaves"": 15, ""objective"": ""tweedie"", ""random_state"": 20261769, ""reg_alpha"": 0.01, ""reg_lambda"": 0.0, ""subsample"": 1.0, ""subsample_freq"": 1, ""tweedie_variance_power"": 1.1, ""verbosity"": -1}"
source_b_v1_15_m5_h14_lightgbm_tuned_direct_200trial,m5_top_volume_100_20260714,M5,14,lightgbm_tuned_direct,42,direct,1516,14,0.4310698807239532,"{""colsample_bytree"": 0.85, ""learning_rate"": 0.04, ""min_child_samples"": 50, ""n_estimators"": 150, ""num_leaves"": 15, ""objective"": ""tweedie"", ""random_state"": 20261770, ""reg_alpha"": 0.01, ""reg_lambda"": 0.0, ""subsample"": 1.0, ""subsample_freq"": 1, ""tweedie_variance_power"": 1.2, ""verbosity"": -1}"
source_b_v1_15_m5_h14_lightgbm_tuned_direct_200trial,m5_top_volume_100_20260714,M5,14,lightgbm_tuned_direct,43,direct,1516,14,0.4340150356292724,"{""colsample_bytree"": 0.85, ""learning_rate"": 0.06, ""min_child_samples"": 50, ""n_estimators"": 150, ""num_leaves"": 63, ""objective"": ""tweedie"", ""random_state"": 20261771, ""reg_alpha"": 0.01, ""reg_lambda"": 1.0, ""subsample"": 0.85, ""subsample_freq"": 1, ""tweedie_variance_power"": 1.05, ""verbosity"": -1}"
source_b_v1_15_m5_h14_lightgbm_tuned_direct_200trial,m5_top_volume_100_20260714,M5,14,lightgbm_tuned_direct,44,direct,1516,14,0.4428969323635101,"{""colsample_bytree"": 0.85, ""learning_rate"": 0.08, ""min_child_samples"": 100, ""n_estimators"": 600, ""num_leaves"": 63, ""objective"": ""tweedie"", ""random_state"": 20261772, ""reg_alpha"": 1.0, ""reg_lambda"": 0.0, ""subsample"": 0.7, ""subsample_freq"": 1, ""tweedie_variance_power"": 1.2, ""verbosity"": -1}"
source_b_v1_15_m5_h14_lightgbm_tuned_direct_200trial,m5_top_volume_100_20260714,M5,14,lightgbm_tuned_direct,45,direct,1516,14,0.4289079308509826,"{""colsample_bytree"": 0.85, ""learning_rate"": 0.06, ""min_child_samples"": 20, ""n_estimators"": 600, ""num_leaves"": 63, ""objective"": ""tweedie"", ""random_state"": 20261773, ""reg_alpha"": 1.0, ""reg_lambda"": 5.0, ""subsample"": 0.7, ""subsample_freq"": 1, ""tweedie_variance_power"": 1.1, ""verbosity"": -1}"
source_b_v1_15_m5_h14_lightgbm_tuned_direct_200trial,m5_top_volume_100_20260714,M5,14,lightgbm_tuned_direct,46,direct,1516,14,0.4200761914253235,"{""colsample_bytree"": 0.7, ""learning_rate"": 0.025, ""min_child_samples"": 10, ""n_estimators"": 600, ""num_leaves"": 63, ""objective"": ""tweedie"", ""random_state"": 20261774, ""reg_alpha"": 1.0, ""reg_lambda"": 0.1, ""subsample"": 0.7, ""subsample_freq"": 1, ""tweedie_variance_power"": 1.2, ""verbosity"": -1}"
source_b_v1_15_m5_h14_lightgbm_tuned_direct_200trial,m5_top_volume_100_20260714,M5,14,lightgbm_tuned_direct,47,direct,1516,14,0.4285774827003479,"{""colsample_bytree"": 0.85, ""learning_rate"": 0.06, ""min_child_samples"": 10, ""n_estimators"": 150, ""num_leaves"": 15, ""objective"": ""tweedie"", ""random_state"": 20261775, ""reg_alpha"": 1.0, ""reg_lambda"": 0.1, ""subsample"": 0.85, ""subsample_freq"": 1, ""tweedie_variance_power"": 1.1, ""verbosity"": -1}"
source_b_v1_15_m5_h14_lightgbm_tuned_direct_200trial,m5_top_volume_100_20260714,M5,14,lightgbm_tuned_direct,48,direct,1516,14,0.4198382198810577,"{""colsample_bytree"": 0.7, ""learning_rate"": 0.06, ""min_child_samples"": 20, ""n_estimators"": 300, ""num_leaves"": 127, ""objective"": ""tweedie"", ""random_state"": 20261776, ""reg_alpha"": 0.01, ""reg_lambda"": 0.1, ""subsample"": 0.85, ""subsample_freq"": 1, ""tweedie_variance_power"": 1.05, ""verbosity"": -1}"
source_b_v1_15_m5_h14_lightgbm_tuned_direct_200trial,m5_top_volume_100_20260714,M5,14,lightgbm_tuned_direct,49,direct,1516,14,0.4264691770076751,"{""colsample_bytree"": 0.85, ""learning_rate"": 0.04, ""min_child_samples"": 20, ""n_estimators"": 600, ""num_leaves"": 31, ""objective"": ""tweedie"", ""random_state"": 20261777, ""reg_alpha"": 0.01, ""reg_lambda"": 0.1, ""subsample"": 0.7, ""subsample_freq"": 1, ""tweedie_variance_power"": 1.2, ""verbosity"": -1}"
source_b_v1_15_m5_h14_lightgbm_tuned_direct_200trial,m5_top_volume_100_20260714,M5,14,lightgbm_tuned_direct,50,direct,1516,14,0.4238309264183044,"{""colsample_bytree"": 0.7, ""learning_rate"": 0.025, ""min_child_samples"": 50, ""n_estimators"": 600, ""num_leaves"": 63, ""objective"": ""tweedie"", ""random_state"": 20261778, ""reg_alpha"": 0.01, ""reg_lambda"": 5.0, ""subsample"": 1.0, ""subsample_freq"": 1, ""tweedie_variance_power"": 1.4, ""verbosity"": -1}"
source_b_v1_15_m5_h14_lightgbm_tuned_direct_200trial,m5_top_volume_100_20260714,M5,14,lightgbm_tuned_direct,51,direct,1516,14,0.4418668150901794,"{""colsample_bytree"": 0.7, ""learning_rate"": 0.06, ""min_child_samples"": 100, ""n_estimators"": 900, ""num_leaves"": 63, ""objective"": ""tweedie"", ""random_state"": 20261779, ""reg_alpha"": 0.01, ""reg_lambda"": 0.0, ""subsample"": 1.0, ""subsample_freq"": 1, ""tweedie_variance_power"": 1.05, ""verbosity"": -1}"
source_b_v1_15_m5_h14_lightgbm_tuned_direct_200trial,m5_top_volume_100_20260714,M5,14,lightgbm_tuned_direct,52,direct,1516,14,0.4237603545188904,"{""colsample_bytree"": 0.85, ""learning_rate"": 0.04, ""min_child_samples"": 20, ""n_estimators"": 900, ""num_leaves"": 63, ""objective"": ""tweedie"", ""random_state"": 20261780, ""reg_alpha"": 1.0, ""reg_lambda"": 0.1, ""subsample"": 0.85, ""subsample_freq"": 1, ""tweedie_variance_power"": 1.4, ""verbosity"": -1}"
source_b_v1_15_m5_h14_lightgbm_tuned_direct_200trial,m5_top_volume_100_20260714,M5,14,lightgbm_tuned_direct,53,direct,1516,14,0.4234863221645355,"{""colsample_bytree"": 1.0, ""learning_rate"": 0.025, ""min_child_samples"": 20, ""n_estimators"": 300, ""num_leaves"": 127, ""objective"": ""tweedie"", ""random_state"": 20261781, ""reg_alpha"": 0.1, ""reg_lambda"": 0.1, ""subsample"": 0.7, ""subsample_freq"": 1, ""tweedie_variance_power"": 1.4, ""verbosity"": -1}"
source_b_v1_15_m5_h14_lightgbm_tuned_direct_200trial,m5_top_volume_100_20260714,M5,14,lightgbm_tuned_direct,54,direct,1516,14,0.4394835531711578,"{""colsample_bytree"": 0.85, ""learning_rate"": 0.08, ""min_child_samples"": 100, ""n_estimators"": 150, ""num_leaves"": 15, ""objective"": ""tweedie"", ""random_state"": 20261782, ""reg_alpha"": 1.0, ""reg_lambda"": 1.0, ""subsample"": 1.0, ""subsample_freq"": 1, ""tweedie_variance_power"": 1.1, ""verbosity"": -1}"
source_b_v1_15_m5_h14_lightgbm_tuned_direct_200trial,m5_top_volume_100_20260714,M5,14,lightgbm_tuned_direct,55,direct,1516,14,0.4249676465988159,"{""colsample_bytree"": 0.85, ""learning_rate"": 0.015, ""min_child_samples"": 20, ""n_estimators"": 300, ""num_leaves"": 31, ""objective"": ""tweedie"", ""random_state"": 20261783, ""reg_alpha"": 0.01, ""reg_lambda"": 0.0, ""subsample"": 0.7, ""subsample_freq"": 1, ""tweedie_variance_power"": 1.2, ""verbosity"": -1}"
source_b_v1_15_m5_h14_lightgbm_tuned_direct_200trial,m5_top_volume_100_20260714,M5,14,lightgbm_tuned_direct,56,direct,1516,14,0.4172894954681396,"{""colsample_bytree"": 1.0, ""learning_rate"": 0.025, ""min_child_samples"": 20, ""n_estimators"": 150, ""num_leaves"": 127, ""objective"": ""tweedie"", ""random_state"": 20261784, ""reg_alpha"": 0.1, ""reg_lambda"": 0.0, ""subsample"": 1.0, ""subsample_freq"": 1, ""tweedie_variance_power"": 1.4, ""verbosity"": -1}"
source_b_v1_15_m5_h14_lightgbm_tuned_direct_200trial,m5_top_volume_100_20260714,M5,14,lightgbm_tuned_direct,57,direct,1516,14,0.4281546175479889,"{""colsample_bytree"": 0.85, ""learning_rate"": 0.025, ""min_child_samples"": 50, ""n_estimators"": 150, ""num_leaves"": 15, ""objective"": ""tweedie"", ""random_state"": 20261785, ""reg_alpha"": 1.0, ""reg_lambda"": 1.0, ""subsample"": 0.85, ""subsample_freq"": 1, ""tweedie_variance_power"": 1.4, ""verbosity"": -1}"
source_b_v1_15_m5_h14_lightgbm_tuned_direct_200trial,m5_top_volume_100_20260714,M5,14,lightgbm_tuned_direct,58,direct,1516,14,0.4312780499458313,"{""colsample_bytree"": 1.0, ""learning_rate"": 0.04, ""min_child_samples"": 50, ""n_estimators"": 600, ""num_leaves"": 63, ""objective"": ""tweedie"", ""random_state"": 20261786, ""reg_alpha"": 0.01, ""reg_lambda"": 0.0, ""subsample"": 0.85, ""subsample_freq"": 1, ""tweedie_variance_power"": 1.05, ""verbosity"": -1}"
source_b_v1_15_m5_h14_lightgbm_tuned_direct_200trial,m5_top_volume_100_20260714,M5,14,lightgbm_tuned_direct,59,direct,1516,14,0.4363341331481933,"{""colsample_bytree"": 0.7, ""learning_rate"": 0.015, ""min_child_samples"": 100, ""n_estimators"": 600, ""num_leaves"": 31, ""objective"": ""tweedie"", ""random_state"": 20261787, ""reg_alpha"": 0.1, ""reg_lambda"": 1.0, ""subsample"": 0.85, ""subsample_freq"": 1, ""tweedie_variance_power"": 1.05, ""verbosity"": -1}"
source_b_v1_15_m5_h14_lightgbm_tuned_direct_200trial,m5_top_volume_100_20260714,M5,14,lightgbm_tuned_direct,60,direct,1516,14,0.4352478086948395,"{""colsample_bytree"": 1.0, ""learning_rate"": 0.06, ""min_child_samples"": 20, ""n_estimators"": 600, ""num_leaves"": 31, ""objective"": ""tweedie"", ""random_state"": 20261788, ""reg_alpha"": 0.1, ""reg_lambda"": 0.1, ""subsample"": 1.0, ""subsample_freq"": 1, ""tweedie_variance_power"": 1.1, ""verbosity"": -1}"
source_b_v1_15_m5_h14_lightgbm_tuned_direct_200trial,m5_top_volume_100_20260714,M5,14,lightgbm_tuned_direct,61,direct,1516,14,0.4238237738609314,"{""colsample_bytree"": 0.85, ""learning_rate"": 0.08, ""min_child_samples"": 20, ""n_estimators"": 600, ""num_leaves"": 63, ""objective"": ""tweedie"", ""random_state"": 20261789, ""reg_alpha"": 1.0, ""reg_lambda"": 5.0, ""subsample"": 1.0, ""subsample_freq"": 1, ""tweedie_variance_power"": 1.4, ""verbosity"": -1}"
source_b_v1_15_m5_h14_lightgbm_tuned_direct_200trial,m5_top_volume_100_20260714,M5,14,lightgbm_tuned_direct,62,direct,1516,14,0.4407467544078827,"{""colsample_bytree"": 1.0, ""learning_rate"": 0.015, ""min_child_samples"": 50, ""n_estimators"": 150, ""num_leaves"": 15, ""objective"": ""tweedie"", ""random_state"": 20261790, ""reg_alpha"": 1.0, ""reg_lambda"": 0.1, ""subsample"": 0.7, ""subsample_freq"": 1, ""tweedie_variance_power"": 1.1, ""verbosity"": -1}"
source_b_v1_15_m5_h14_lightgbm_tuned_direct_200trial,m5_top_volume_100_20260714,M5,14,lightgbm_tuned_direct,63,direct,1516,14,0.4220263063907623,"{""colsample_bytree"": 1.0, ""learning_rate"": 0.025, ""min_child_samples"": 50, ""n_estimators"": 150, ""num_leaves"": 63, ""objective"": ""tweedie"", ""random_state"": 20261791, ""reg_alpha"": 0.1, ""reg_lambda"": 0.0, ""subsample"": 0.85, ""subsample_freq"": 1, ""tweedie_variance_power"": 1.2, ""verbosity"": -1}"
source_b_v1_15_m5_h14_lightgbm_tuned_direct_200trial,m5_top_volume_100_20260714,M5,14,lightgbm_tuned_direct,64,direct,1516,14,0.4351706504821777,"{""colsample_bytree"": 1.0, ""learning_rate"": 0.015, ""min_child_samples"": 100, ""n_estimators"": 900, ""num_leaves"": 15, ""objective"": ""tweedie"", ""random_state"": 20261792, ""reg_alpha"": 0.01, ""reg_lambda"": 0.0, ""subsample"": 0.85, ""subsample_freq"": 1, ""tweedie_variance_power"": 1.05, ""verbosity"": -1}"
source_b_v1_15_m5_h14_lightgbm_tuned_direct_200trial,m5_top_volume_100_20260714,M5,14,lightgbm_tuned_direct,65,direct,1516,14,0.4304555058479309,"{""colsample_bytree"": 0.7, ""learning_rate"": 0.025, ""min_child_samples"": 50, ""n_estimators"": 300, ""num_leaves"": 127, ""objective"": ""tweedie"", ""random_state"": 20261793, ""reg_alpha"": 0.0, ""reg_lambda"": 0.1, ""subsample"": 0.85, ""subsample_freq"": 1, ""tweedie_variance_power"": 1.1, ""verbosity"": -1}"
source_b_v1_15_m5_h14_lightgbm_tuned_direct_200trial,m5_top_volume_100_20260714,M5,14,lightgbm_tuned_direct,66,direct,1516,14,0.4241621494293213,"{""colsample_bytree"": 1.0, ""learning_rate"": 0.06, ""min_child_samples"": 10, ""n_estimators"": 300, ""num_leaves"": 31, ""objective"": ""tweedie"", ""random_state"": 20261794, ""reg_alpha"": 0.0, ""reg_lambda"": 0.1, ""subsample"": 0.7, ""subsample_freq"": 1, ""tweedie_variance_power"": 1.05, ""verbosity"": -1}"
source_b_v1_15_m5_h14_lightgbm_tuned_direct_200trial,m5_top_volume_100_20260714,M5,14,lightgbm_tuned_direct,67,direct,1516,14,0.4254296123981476,"{""colsample_bytree"": 0.7, ""learning_rate"": 0.015, ""min_child_samples"": 100, ""n_estimators"": 900, ""num_leaves"": 63, ""objective"": ""tweedie"", ""random_state"": 20261795, ""reg_alpha"": 0.1, ""reg_lambda"": 0.0, ""subsample"": 0.7, ""subsample_freq"": 1, ""tweedie_variance_power"": 1.4, ""verbosity"": -1}"
source_b_v1_15_m5_h14_lightgbm_tuned_direct_200trial,m5_top_volume_100_20260714,M5,14,lightgbm_tuned_direct,68,direct,1516,14,0.4259811341762543,"{""colsample_bytree"": 0.85, ""learning_rate"": 0.015, ""min_child_samples"": 50, ""n_estimators"": 300, ""num_leaves"": 31, ""objective"": ""tweedie"", ""random_state"": 20261796, ""reg_alpha"": 1.0, ""reg_lambda"": 1.0, ""subsample"": 1.0, ""subsample_freq"": 1, ""tweedie_variance_power"": 1.1, ""verbosity"": -1}"
source_b_v1_15_m5_h14_lightgbm_tuned_direct_200trial,m5_top_volume_100_20260714,M5,14,lightgbm_tuned_direct,69,direct,1516,14,0.4294719099998474,"{""colsample_bytree"": 0.7, ""learning_rate"": 0.025, ""min_child_samples"": 50, ""n_estimators"": 150, ""num_leaves"": 15, ""objective"": ""tweedie"", ""random_state"": 20261797, ""reg_alpha"": 0.01, ""reg_lambda"": 0.1, ""subsample"": 1.0, ""subsample_freq"": 1, ""tweedie_variance_power"": 1.1, ""verbosity"": -1}"
source_b_v1_15_m5_h14_lightgbm_tuned_direct_200trial,m5_top_volume_100_20260714,M5,14,lightgbm_tuned_direct,70,direct,1516,14,0.4315876364707947,"{""colsample_bytree"": 1.0, ""learning_rate"": 0.08, ""min_child_samples"": 20, ""n_estimators"": 300, ""num_leaves"": 15, ""objective"": ""tweedie"", ""random_state"": 20261798, ""reg_alpha"": 0.0, ""reg_lambda"": 1.0, ""subsample"": 0.85, ""subsample_freq"": 1, ""tweedie_variance_power"": 1.4, ""verbosity"": -1}"
source_b_v1_15_m5_h14_lightgbm_tuned_direct_200trial,m5_top_volume_100_20260714,M5,14,lightgbm_tuned_direct,71,direct,1516,14,0.4317106902599334,"{""colsample_bytree"": 0.85, ""learning_rate"": 0.025, ""min_child_samples"": 50, ""n_estimators"": 300, ""num_leaves"": 15, ""objective"": ""tweedie"", ""random_state"": 20261799, ""reg_alpha"": 0.1, ""reg_lambda"": 0.1, ""subsample"": 0.85, ""subsample_freq"": 1, ""tweedie_variance_power"": 1.05, ""verbosity"": -1}"
source_b_v1_15_m5_h14_lightgbm_tuned_direct_200trial,m5_top_volume_100_20260714,M5,14,lightgbm_tuned_direct,72,direct,1516,14,0.4409570097923279,"{""colsample_bytree"": 1.0, ""learning_rate"": 0.08, ""min_child_samples"": 100, ""n_estimators"": 600, ""num_leaves"": 127, ""objective"": ""tweedie"", ""random_state"": 20261800, ""reg_alpha"": 0.01, ""reg_lambda"": 0.0, ""subsample"": 0.7, ""subsample_freq"": 1, ""tweedie_variance_power"": 1.2, ""verbosity"": -1}"
source_b_v1_15_m5_h14_lightgbm_tuned_direct_200trial,m5_top_volume_100_20260714,M5,14,lightgbm_tuned_direct,73,direct,1516,14,0.4338536858558655,"{""colsample_bytree"": 0.7, ""learning_rate"": 0.04, ""min_child_samples"": 20, ""n_estimators"": 900, ""num_leaves"": 15, ""objective"": ""tweedie"", ""random_state"": 20261801, ""reg_alpha"": 0.1, ""reg_lambda"": 5.0, ""subsample"": 1.0, ""subsample_freq"": 1, ""tweedie_variance_power"": 1.1, ""verbosity"": -1}"
source_b_v1_15_m5_h14_lightgbm_tuned_direct_200trial,m5_top_volume_100_20260714,M5,14,lightgbm_tuned_direct,74,direct,1516,14,0.4337021708488464,"{""colsample_bytree"": 1.0, ""learning_rate"": 0.04, ""min_child_samples"": 20, ""n_estimators"": 900, ""num_leaves"": 15, ""objective"": ""tweedie"", ""random_state"": 20261802, ""reg_alpha"": 0.01, ""reg_lambda"": 5.0, ""subsample"": 0.85, ""subsample_freq"": 1, ""tweedie_variance_power"": 1.05, ""verbosity"": -1}"
source_b_v1_15_m5_h14_lightgbm_tuned_direct_200trial,m5_top_volume_100_20260714,M5,14,lightgbm_tuned_direct,75,direct,1516,14,0.4266811609268188,"{""colsample_bytree"": 0.7, ""learning_rate"": 0.025, ""min_child_samples"": 20, ""n_estimators"": 900, ""num_leaves"": 63, ""objective"": ""tweedie"", ""random_state"": 20261803, ""reg_alpha"": 1.0, ""reg_lambda"": 5.0, ""subsample"": 0.85, ""subsample_freq"": 1, ""tweedie_variance_power"": 1.05, ""verbosity"": -1}"
source_b_v1_15_m5_h14_lightgbm_tuned_direct_200trial,m5_top_volume_100_20260714,M5,14,lightgbm_tuned_direct,76,direct,1516,14,0.4344110190868377,"{""colsample_bytree"": 0.7, ""learning_rate"": 0.015, ""min_child_samples"": 50, ""n_estimators"": 150, ""num_leaves"": 63, ""objective"": ""tweedie"", ""random_state"": 20261804, ""reg_alpha"": 0.1, ""reg_lambda"": 5.0, ""subsample"": 1.0, ""subsample_freq"": 1, ""tweedie_variance_power"": 1.05, ""verbosity"": -1}"
source_b_v1_15_m5_h14_lightgbm_tuned_direct_200trial,m5_top_volume_100_20260714,M5,14,lightgbm_tuned_direct,77,direct,1516,14,0.433584064245224,"{""colsample_bytree"": 0.7, ""learning_rate"": 0.06, ""min_child_samples"": 50, ""n_estimators"": 900, ""num_leaves"": 63, ""objective"": ""tweedie"", ""random_state"": 20261805, ""reg_alpha"": 0.0, ""reg_lambda"": 5.0, ""subsample"": 1.0, ""subsample_freq"": 1, ""tweedie_variance_power"": 1.05, ""verbosity"": -1}"
source_b_v1_15_m5_h14_lightgbm_tuned_direct_200trial,m5_top_volume_100_20260714,M5,14,lightgbm_tuned_direct,78,direct,1516,14,0.4300937056541443,"{""colsample_bytree"": 0.7, ""learning_rate"": 0.04, ""min_child_samples"": 50, ""n_estimators"": 150, ""num_leaves"": 127, ""objective"": ""tweedie"", ""random_state"": 20261806, ""reg_alpha"": 1.0, ""reg_lambda"": 5.0, ""subsample"": 0.85, ""subsample_freq"": 1, ""tweedie_variance_power"": 1.05, ""verbosity"": -1}"
source_b_v1_15_m5_h14_lightgbm_tuned_direct_200trial,m5_top_volume_100_20260714,M5,14,lightgbm_tuned_direct,79,direct,1516,14,0.4276197552680969,"{""colsample_bytree"": 0.85, ""learning_rate"": 0.025, ""min_child_samples"": 20, ""n_estimators"": 300, ""num_leaves"": 63, ""objective"": ""tweedie"", ""random_state"": 20261807, ""reg_alpha"": 1.0, ""reg_lambda"": 5.0, ""subsample"": 1.0, ""subsample_freq"": 1, ""tweedie_variance_power"": 1.05, ""verbosity"": -1}"
source_b_v1_15_m5_h14_lightgbm_tuned_direct_200trial,m5_top_volume_100_20260714,M5,14,lightgbm_tuned_direct,80,direct,1516,14,0.4374722838401794,"{""colsample_bytree"": 0.85, ""learning_rate"": 0.025, ""min_child_samples"": 100, ""n_estimators"": 300, ""num_leaves"": 127, ""objective"": ""tweedie"", ""random_state"": 20261808, ""reg_alpha"": 0.01, ""reg_lambda"": 0.0, ""subsample"": 1.0, ""subsample_freq"": 1, ""tweedie_variance_power"": 1.1, ""verbosity"": -1}"
source_b_v1_15_m5_h14_lightgbm_tuned_direct_200trial,m5_top_volume_100_20260714,M5,14,lightgbm_tuned_direct,81,direct,1516,14,0.4364467263221741,"{""colsample_bytree"": 1.0, ""learning_rate"": 0.015, ""min_child_samples"": 20, ""n_estimators"": 150, ""num_leaves"": 31, ""objective"": ""tweedie"", ""random_state"": 20261809, ""reg_alpha"": 0.0, ""reg_lambda"": 5.0, ""subsample"": 0.85, ""subsample_freq"": 1, ""tweedie_variance_power"": 1.1, ""verbosity"": -1}"
source_b_v1_15_m5_h14_lightgbm_tuned_direct_200trial,m5_top_volume_100_20260714,M5,14,lightgbm_tuned_direct,82,direct,1516,14,0.429744005203247,"{""colsample_bytree"": 1.0, ""learning_rate"": 0.06, ""min_child_samples"": 10, ""n_estimators"": 150, ""num_leaves"": 15, ""objective"": ""tweedie"", ""random_state"": 20261810, ""reg_alpha"": 0.0, ""reg_lambda"": 0.1, ""subsample"": 0.85, ""subsample_freq"": 1, ""tweedie_variance_power"": 1.2, ""verbosity"": -1}"
source_b_v1_15_m5_h14_lightgbm_tuned_direct_200trial,m5_top_volume_100_20260714,M5,14,lightgbm_tuned_direct,83,direct,1516,14,0.4194670021533966,"{""colsample_bytree"": 0.7, ""learning_rate"": 0.08, ""min_child_samples"": 20, ""n_estimators"": 600, ""num_leaves"": 63, ""objective"": ""tweedie"", ""random_state"": 20261811, ""reg_alpha"": 0.1, ""reg_lambda"": 5.0, ""subsample"": 1.0, ""subsample_freq"": 1, ""tweedie_variance_power"": 1.4, ""verbosity"": -1}"
source_b_v1_15_m5_h14_lightgbm_tuned_direct_200trial,m5_top_volume_100_20260714,M5,14,lightgbm_tuned_direct,84,direct,1516,14,0.430191159248352,"{""colsample_bytree"": 1.0, ""learning_rate"": 0.08, ""min_child_samples"": 10, ""n_estimators"": 300, ""num_leaves"": 15, ""objective"": ""tweedie"", ""random_state"": 20261812, ""reg_alpha"": 0.01, ""reg_lambda"": 5.0, ""subsample"": 0.85, ""subsample_freq"": 1, ""tweedie_variance_power"": 1.2, ""verbosity"": -1}"
source_b_v1_15_m5_h14_lightgbm_tuned_direct_200trial,m5_top_volume_100_20260714,M5,14,lightgbm_tuned_direct,85,direct,1516,14,0.4399058818817138,"{""colsample_bytree"": 1.0, ""learning_rate"": 0.08, ""min_child_samples"": 50, ""n_estimators"": 600, ""num_leaves"": 15, ""objective"": ""tweedie"", ""random_state"": 20261813, ""reg_alpha"": 0.1, ""reg_lambda"": 5.0, ""subsample"": 0.85, ""subsample_freq"": 1, ""tweedie_variance_power"": 1.2, ""verbosity"": -1}"
source_b_v1_15_m5_h14_lightgbm_tuned_direct_200trial,m5_top_volume_100_20260714,M5,14,lightgbm_tuned_direct,86,direct,1516,14,0.4281548261642456,"{""colsample_bytree"": 0.85, ""learning_rate"": 0.015, ""min_child_samples"": 100, ""n_estimators"": 600, ""num_leaves"": 15, ""objective"": ""tweedie"", ""random_state"": 20261814, ""reg_alpha"": 0.01, ""reg_lambda"": 1.0, ""subsample"": 0.85, ""subsample_freq"": 1, ""tweedie_variance_power"": 1.4, ""verbosity"": -1}"
source_b_v1_15_m5_h14_lightgbm_tuned_direct_200trial,m5_top_volume_100_20260714,M5,14,lightgbm_tuned_direct,87,direct,1516,14,0.4358380436897278,"{""colsample_bytree"": 1.0, ""learning_rate"": 0.08, ""min_child_samples"": 100, ""n_estimators"": 300, ""num_leaves"": 63, ""objective"": ""tweedie"", ""random_state"": 20261815, ""reg_alpha"": 0.0, ""reg_lambda"": 1.0, ""subsample"": 1.0, ""subsample_freq"": 1, ""tweedie_variance_power"": 1.2, ""verbosity"": -1}"
source_b_v1_15_m5_h14_lightgbm_tuned_direct_200trial,m5_top_volume_100_20260714,M5,14,lightgbm_tuned_direct,88,direct,1516,14,0.433074802160263,"{""colsample_bytree"": 0.7, ""learning_rate"": 0.08, ""min_child_samples"": 50, ""n_estimators"": 300, ""num_leaves"": 15, ""objective"": ""tweedie"", ""random_state"": 20261816, ""reg_alpha"": 1.0, ""reg_lambda"": 0.1, ""subsample"": 1.0, ""subsample_freq"": 1, ""tweedie_variance_power"": 1.2, ""verbosity"": -1}"
source_b_v1_15_m5_h14_lightgbm_tuned_direct_200trial,m5_top_volume_100_20260714,M5,14,lightgbm_tuned_direct,89,direct,1516,14,0.4249983429908752,"{""colsample_bytree"": 0.85, ""learning_rate"": 0.08, ""min_child_samples"": 20, ""n_estimators"": 300, ""num_leaves"": 31, ""objective"": ""tweedie"", ""random_state"": 20261817, ""reg_alpha"": 0.0, ""reg_lambda"": 0.0, ""subsample"": 0.85, ""subsample_freq"": 1, ""tweedie_variance_power"": 1.05, ""verbosity"": -1}"
source_b_v1_15_m5_h14_lightgbm_tuned_direct_200trial,m5_top_volume_100_20260714,M5,14,lightgbm_tuned_direct,90,direct,1516,14,0.42106693983078,"{""colsample_bytree"": 0.85, ""learning_rate"": 0.015, ""min_child_samples"": 20, ""n_estimators"": 900, ""num_leaves"": 127, ""objective"": ""tweedie"", ""random_state"": 20261818, ""reg_alpha"": 1.0, ""reg_lambda"": 0.1, ""subsample"": 0.7, ""subsample_freq"": 1, ""tweedie_variance_power"": 1.2, ""verbosity"": -1}"
source_b_v1_15_m5_h14_lightgbm_tuned_direct_200trial,m5_top_volume_100_20260714,M5,14,lightgbm_tuned_direct,91,direct,1516,14,0.4190356135368347,"{""colsample_bytree"": 1.0, ""learning_rate"": 0.025, ""min_child_samples"": 20, ""n_estimators"": 900, ""num_leaves"": 127, ""objective"": ""tweedie"", ""random_state"": 20261819, ""reg_alpha"": 0.1, ""reg_lambda"": 1.0, ""subsample"": 0.85, ""subsample_freq"": 1, ""tweedie_variance_power"": 1.2, ""verbosity"": -1}"
source_b_v1_15_m5_h14_lightgbm_tuned_direct_200trial,m5_top_volume_100_20260714,M5,14,lightgbm_tuned_direct,92,direct,1516,14,0.4305637776851654,"{""colsample_bytree"": 0.7, ""learning_rate"": 0.04, ""min_child_samples"": 20, ""n_estimators"": 150, ""num_leaves"": 63, ""objective"": ""tweedie"", ""random_state"": 20261820, ""reg_alpha"": 0.0, ""reg_lambda"": 5.0, ""subsample"": 1.0, ""subsample_freq"": 1, ""tweedie_variance_power"": 1.05, ""verbosity"": -1}"
source_b_v1_15_m5_h14_lightgbm_tuned_direct_200trial,m5_top_volume_100_20260714,M5,14,lightgbm_tuned_direct,93,direct,1516,14,0.426969826221466,"{""colsample_bytree"": 0.7, ""learning_rate"": 0.06, ""min_child_samples"": 20, ""n_estimators"": 150, ""num_leaves"": 31, ""objective"": ""tweedie"", ""random_state"": 20261821, ""reg_alpha"": 0.01, ""reg_lambda"": 5.0, ""subsample"": 1.0, ""subsample_freq"": 1, ""tweedie_variance_power"": 1.4, ""verbosity"": -1}"
source_b_v1_15_m5_h14_lightgbm_tuned_direct_200trial,m5_top_volume_100_20260714,M5,14,lightgbm_tuned_direct,94,direct,1516,14,0.4370965957641601,"{""colsample_bytree"": 0.7, ""learning_rate"": 0.015, ""min_child_samples"": 10, ""n_estimators"": 150, ""num_leaves"": 31, ""objective"": ""tweedie"", ""random_state"": 20261822, ""reg_alpha"": 1.0, ""reg_lambda"": 0.1, ""subsample"": 0.85, ""subsample_freq"": 1, ""tweedie_variance_power"": 1.1, ""verbosity"": -1}"
source_b_v1_15_m5_h14_lightgbm_tuned_direct_200trial,m5_top_volume_100_20260714,M5,14,lightgbm_tuned_direct,95,direct,1516,14,0.4127042591571808,"{""colsample_bytree"": 0.7, ""learning_rate"": 0.025, ""min_child_samples"": 10, ""n_estimators"": 900, ""num_leaves"": 63, ""objective"": ""tweedie"", ""random_state"": 20261823, ""reg_alpha"": 0.1, ""reg_lambda"": 5.0, ""subsample"": 0.85, ""subsample_freq"": 1, ""tweedie_variance_power"": 1.4, ""verbosity"": -1}"
source_b_v1_15_m5_h14_lightgbm_tuned_direct_200trial,m5_top_volume_100_20260714,M5,14,lightgbm_tuned_direct,96,direct,1516,14,0.445654034614563,"{""colsample_bytree"": 0.7, ""learning_rate"": 0.06, ""min_child_samples"": 100, ""n_estimators"": 600, ""num_leaves"": 63, ""objective"": ""tweedie"", ""random_state"": 20261824, ""reg_alpha"": 0.1, ""reg_lambda"": 0.0, ""subsample"": 0.7, ""subsample_freq"": 1, ""tweedie_variance_power"": 1.1, ""verbosity"": -1}"
source_b_v1_15_m5_h14_lightgbm_tuned_direct_200trial,m5_top_volume_100_20260714,M5,14,lightgbm_tuned_direct,97,direct,1516,14,0.4195336997509002,"{""colsample_bytree"": 1.0, ""learning_rate"": 0.015, ""min_child_samples"": 50, ""n_estimators"": 300, ""num_leaves"": 63, ""objective"": ""tweedie"", ""random_state"": 20261825, ""reg_alpha"": 0.1, ""reg_lambda"": 0.0, ""subsample"": 0.7, ""subsample_freq"": 1, ""tweedie_variance_power"": 1.4, ""verbosity"": -1}"
source_b_v1_15_m5_h14_lightgbm_tuned_direct_200trial,m5_top_volume_100_20260714,M5,14,lightgbm_tuned_direct,98,direct,1516,14,0.441474050283432,"{""colsample_bytree"": 0.85, ""learning_rate"": 0.04, ""min_child_samples"": 100, ""n_estimators"": 900, ""num_leaves"": 31, ""objective"": ""tweedie"", ""random_state"": 20261826, ""reg_alpha"": 0.1, ""reg_lambda"": 0.1, ""subsample"": 0.85, ""subsample_freq"": 1, ""tweedie_variance_power"": 1.2, ""verbosity"": -1}"
source_b_v1_15_m5_h14_lightgbm_tuned_direct_200trial,m5_top_volume_100_20260714,M5,14,lightgbm_tuned_direct,99,direct,1516,14,0.4268696010112762,"{""colsample_bytree"": 0.7, ""learning_rate"": 0.04, ""min_child_samples"": 10, ""n_estimators"": 150, ""num_leaves"": 31, ""objective"": ""tweedie"", ""random_state"": 20261827, ""reg_alpha"": 1.0, ""reg_lambda"": 1.0, ""subsample"": 0.85, ""subsample_freq"": 1, ""tweedie_variance_power"": 1.05, ""verbosity"": -1}"
source_b_v1_15_m5_h14_lightgbm_tuned_direct_200trial,m5_top_volume_100_20260714,M5,14,lightgbm_tuned_direct,100,direct,1516,14,0.4304377734661102,"{""colsample_bytree"": 0.7, ""learning_rate"": 0.025, ""min_child_samples"": 20, ""n_estimators"": 300, ""num_leaves"": 63, ""objective"": ""tweedie"", ""random_state"": 20261828, ""reg_alpha"": 0.0, ""reg_lambda"": 0.1, ""subsample"": 1.0, ""subsample_freq"": 1, ""tweedie_variance_power"": 1.05, ""verbosity"": -1}"
source_b_v1_15_m5_h14_lightgbm_tuned_direct_200trial,m5_top_volume_100_20260714,M5,14,lightgbm_tuned_direct,101,direct,1516,14,0.4258057177066803,"{""colsample_bytree"": 1.0, ""learning_rate"": 0.04, ""min_child_samples"": 10, ""n_estimators"": 300, ""num_leaves"": 127, ""objective"": ""tweedie"", ""random_state"": 20261829, ""reg_alpha"": 0.1, ""reg_lambda"": 5.0, ""subsample"": 1.0, ""subsample_freq"": 1, ""tweedie_variance_power"": 1.2, ""verbosity"": -1}"
source_b_v1_15_m5_h14_lightgbm_tuned_direct_200trial,m5_top_volume_100_20260714,M5,14,lightgbm_tuned_direct,102,direct,1516,14,0.4197596609592438,"{""colsample_bytree"": 1.0, ""learning_rate"": 0.025, ""min_child_samples"": 20, ""n_estimators"": 300, ""num_leaves"": 63, ""objective"": ""tweedie"", ""random_state"": 20261830, ""reg_alpha"": 0.01, ""reg_lambda"": 5.0, ""subsample"": 0.7, ""subsample_freq"": 1, ""tweedie_variance_power"": 1.4, ""verbosity"": -1}"
source_b_v1_15_m5_h14_lightgbm_tuned_direct_200trial,m5_top_volume_100_20260714,M5,14,lightgbm_tuned_direct,103,direct,1516,14,0.4201308190822601,"{""colsample_bytree"": 0.7, ""learning_rate"": 0.015, ""min_child_samples"": 100, ""n_estimators"": 300, ""num_leaves"": 63, ""objective"": ""tweedie"", ""random_state"": 20261831, ""reg_alpha"": 0.1, ""reg_lambda"": 0.1, ""subsample"": 0.85, ""subsample_freq"": 1, ""tweedie_variance_power"": 1.2, ""verbosity"": -1}"
source_b_v1_15_m5_h14_lightgbm_tuned_direct_200trial,m5_top_volume_100_20260714,M5,14,lightgbm_tuned_direct,104,direct,1516,14,0.4248621165752411,"{""colsample_bytree"": 1.0, ""learning_rate"": 0.015, ""min_child_samples"": 10, ""n_estimators"": 600, ""num_leaves"": 127, ""objective"": ""tweedie"", ""random_state"": 20261832, ""reg_alpha"": 0.01, ""reg_lambda"": 1.0, ""subsample"": 1.0, ""subsample_freq"": 1, ""tweedie_variance_power"": 1.2, ""verbosity"": -1}"
source_b_v1_15_m5_h14_lightgbm_tuned_direct_200trial,m5_top_volume_100_20260714,M5,14,lightgbm_tuned_direct,105,direct,1516,14,0.4345773160457611,"{""colsample_bytree"": 0.7, ""learning_rate"": 0.06, ""min_child_samples"": 50, ""n_estimators"": 150, ""num_leaves"": 15, ""objective"": ""tweedie"", ""random_state"": 20261833, ""reg_alpha"": 1.0, ""reg_lambda"": 5.0, ""subsample"": 0.85, ""subsample_freq"": 1, ""tweedie_variance_power"": 1.2, ""verbosity"": -1}"
source_b_v1_15_m5_h14_lightgbm_tuned_direct_200trial,m5_top_volume_100_20260714,M5,14,lightgbm_tuned_direct,106,direct,1516,14,0.4393799006938934,"{""colsample_bytree"": 0.7, ""learning_rate"": 0.04, ""min_child_samples"": 100, ""n_estimators"": 900, ""num_leaves"": 127, ""objective"": ""tweedie"", ""random_state"": 20261834, ""reg_alpha"": 1.0, ""reg_lambda"": 1.0, ""subsample"": 0.7, ""subsample_freq"": 1, ""tweedie_variance_power"": 1.05, ""verbosity"": -1}"
source_b_v1_15_m5_h14_lightgbm_tuned_direct_200trial,m5_top_volume_100_20260714,M5,14,lightgbm_tuned_direct,107,direct,1516,14,0.4282995164394378,"{""colsample_bytree"": 0.85, ""learning_rate"": 0.06, ""min_child_samples"": 50, ""n_estimators"": 900, ""num_leaves"": 63, ""objective"": ""tweedie"", ""random_state"": 20261835, ""reg_alpha"": 0.01, ""reg_lambda"": 1.0, ""subsample"": 0.7, ""subsample_freq"": 1, ""tweedie_variance_power"": 1.2, ""verbosity"": -1}"
source_b_v1_15_m5_h14_lightgbm_tuned_direct_200trial,m5_top_volume_100_20260714,M5,14,lightgbm_tuned_direct,108,direct,1516,14,0.4235610067844391,"{""colsample_bytree"": 0.85, ""learning_rate"": 0.025, ""min_child_samples"": 10, ""n_estimators"": 150, ""num_leaves"": 63, ""objective"": ""tweedie"", ""random_state"": 20261836, ""reg_alpha"": 0.0, ""reg_lambda"": 0.0, ""subsample"": 1.0, ""subsample_freq"": 1, ""tweedie_variance_power"": 1.05, ""verbosity"": -1}"
source_b_v1_15_m5_h14_lightgbm_tuned_direct_200trial,m5_top_volume_100_20260714,M5,14,lightgbm_tuned_direct,109,direct,1516,14,0.4226439893245697,"{""colsample_bytree"": 0.85, ""learning_rate"": 0.06, ""min_child_samples"": 10, ""n_estimators"": 300, ""num_leaves"": 127, ""objective"": ""tweedie"", ""random_state"": 20261837, ""reg_alpha"": 0.0, ""reg_lambda"": 1.0, ""subsample"": 0.85, ""subsample_freq"": 1, ""tweedie_variance_power"": 1.2, ""verbosity"": -1}"
source_b_v1_15_m5_h14_lightgbm_tuned_direct_200trial,m5_top_volume_100_20260714,M5,14,lightgbm_tuned_direct,110,direct,1516,14,0.4401071071624756,"{""colsample_bytree"": 0.85, ""learning_rate"": 0.06, ""min_child_samples"": 100, ""n_estimators"": 900, ""num_leaves"": 31, ""objective"": ""tweedie"", ""random_state"": 20261838, ""reg_alpha"": 0.01, ""reg_lambda"": 5.0, ""subsample"": 0.7, ""subsample_freq"": 1, ""tweedie_variance_power"": 1.2, ""verbosity"": -1}"
source_b_v1_15_m5_h14_lightgbm_tuned_direct_200trial,m5_top_volume_100_20260714,M5,14,lightgbm_tuned_direct,111,direct,1516,14,0.4204291701316833,"{""colsample_bytree"": 0.85, ""learning_rate"": 0.025, ""min_child_samples"": 100, ""n_estimators"": 150, ""num_leaves"": 127, ""objective"": ""tweedie"", ""random_state"": 20261839, ""reg_alpha"": 0.1, ""reg_lambda"": 1.0, ""subsample"": 0.7, ""subsample_freq"": 1, ""tweedie_variance_power"": 1.05, ""verbosity"": -1}"
source_b_v1_15_m5_h14_lightgbm_tuned_direct_200trial,m5_top_volume_100_20260714,M5,14,lightgbm_tuned_direct,112,direct,1516,14,0.4374031126499176,"{""colsample_bytree"": 0.7, ""learning_rate"": 0.08, ""min_child_samples"": 50, ""n_estimators"": 600, ""num_leaves"": 15, ""objective"": ""tweedie"", ""random_state"": 20261840, ""reg_alpha"": 0.1, ""reg_lambda"": 0.1, ""subsample"": 0.7, ""subsample_freq"": 1, ""tweedie_variance_power"": 1.05, ""verbosity"": -1}"
source_b_v1_15_m5_h14_lightgbm_tuned_direct_200trial,m5_top_volume_100_20260714,M5,14,lightgbm_tuned_direct,113,direct,1516,14,0.4243489801883697,"{""colsample_bytree"": 0.7, ""learning_rate"": 0.025, ""min_child_samples"": 10, ""n_estimators"": 900, ""num_leaves"": 63, ""objective"": ""tweedie"", ""random_state"": 20261841, ""reg_alpha"": 0.0, ""reg_lambda"": 0.0, ""subsample"": 0.7, ""subsample_freq"": 1, ""tweedie_variance_power"": 1.2, ""verbosity"": -1}"
source_b_v1_15_m5_h14_lightgbm_tuned_direct_200trial,m5_top_volume_100_20260714,M5,14,lightgbm_tuned_direct,114,direct,1516,14,0.4291783571243286,"{""colsample_bytree"": 0.7, ""learning_rate"": 0.06, ""min_child_samples"": 50, ""n_estimators"": 300, ""num_leaves"": 15, ""objective"": ""tweedie"", ""random_state"": 20261842, ""reg_alpha"": 0.1, ""reg_lambda"": 0.0, ""subsample"": 1.0, ""subsample_freq"": 1, ""tweedie_variance_power"": 1.4, ""verbosity"": -1}"
source_b_v1_15_m5_h14_lightgbm_tuned_direct_200trial,m5_top_volume_100_20260714,M5,14,lightgbm_tuned_direct,115,direct,1516,14,0.4413308501243591,"{""colsample_bytree"": 0.85, ""learning_rate"": 0.08, ""min_child_samples"": 100, ""n_estimators"": 600, ""num_leaves"": 15, ""objective"": ""tweedie"", ""random_state"": 20261843, ""reg_alpha"": 0.1, ""reg_lambda"": 5.0, ""subsample"": 1.0, ""subsample_freq"": 1, ""tweedie_variance_power"": 1.4, ""verbosity"": -1}"
source_b_v1_15_m5_h14_lightgbm_tuned_direct_200trial,m5_top_volume_100_20260714,M5,14,lightgbm_tuned_direct,116,direct,1516,14,0.430355817079544,"{""colsample_bytree"": 0.7, ""learning_rate"": 0.06, ""min_child_samples"": 100, ""n_estimators"": 150, ""num_leaves"": 15, ""objective"": ""tweedie"", ""random_state"": 20261844, ""reg_alpha"": 0.0, ""reg_lambda"": 0.0, ""subsample"": 0.7, ""subsample_freq"": 1, ""tweedie_variance_power"": 1.05, ""verbosity"": -1}"
source_b_v1_15_m5_h14_lightgbm_tuned_direct_200trial,m5_top_volume_100_20260714,M5,14,lightgbm_tuned_direct,117,direct,1516,14,0.4297376871109009,"{""colsample_bytree"": 0.85, ""learning_rate"": 0.04, ""min_child_samples"": 50, ""n_estimators"": 900, ""num_leaves"": 127, ""objective"": ""tweedie"", ""random_state"": 20261845, ""reg_alpha"": 0.1, ""reg_lambda"": 1.0, ""subsample"": 0.7, ""subsample_freq"": 1, ""tweedie_variance_power"": 1.1, ""verbosity"": -1}"
source_b_v1_15_m5_h14_lightgbm_tuned_direct_200trial,m5_top_volume_100_20260714,M5,14,lightgbm_tuned_direct,118,direct,1516,14,0.4342719912528991,"{""colsample_bytree"": 0.85, ""learning_rate"": 0.015, ""min_child_samples"": 20, ""n_estimators"": 900, ""num_leaves"": 15, ""objective"": ""tweedie"", ""random_state"": 20261846, ""reg_alpha"": 1.0, ""reg_lambda"": 0.0, ""subsample"": 1.0, ""subsample_freq"": 1, ""tweedie_variance_power"": 1.1, ""verbosity"": -1}"
source_b_v1_15_m5_h14_lightgbm_tuned_direct_200trial,m5_top_volume_100_20260714,M5,14,lightgbm_tuned_direct,119,direct,1516,14,0.4368221163749695,"{""colsample_bytree"": 1.0, ""learning_rate"": 0.04, ""min_child_samples"": 10, ""n_estimators"": 300, ""num_leaves"": 31, ""objective"": ""tweedie"", ""random_state"": 20261847, ""reg_alpha"": 0.1, ""reg_lambda"": 1.0, ""subsample"": 1.0, ""subsample_freq"": 1, ""tweedie_variance_power"": 1.2, ""verbosity"": -1}"
source_b_v1_15_m5_h14_lightgbm_tuned_direct_200trial,m5_top_volume_100_20260714,M5,14,lightgbm_tuned_direct,120,direct,1516,14,0.4368040263652801,"{""colsample_bytree"": 0.85, ""learning_rate"": 0.015, ""min_child_samples"": 20, ""n_estimators"": 150, ""num_leaves"": 31, ""objective"": ""tweedie"", ""random_state"": 20261848, ""reg_alpha"": 0.1, ""reg_lambda"": 1.0, ""subsample"": 0.85, ""subsample_freq"": 1, ""tweedie_variance_power"": 1.05, ""verbosity"": -1}"
source_b_v1_15_m5_h14_lightgbm_tuned_direct_200trial,m5_top_volume_100_20260714,M5,14,lightgbm_tuned_direct,121,direct,1516,14,0.4349940121173858,"{""colsample_bytree"": 0.7, ""learning_rate"": 0.06, ""min_child_samples"": 100, ""n_estimators"": 300, ""num_leaves"": 127, ""objective"": ""tweedie"", ""random_state"": 20261849, ""reg_alpha"": 0.0, ""reg_lambda"": 1.0, ""subsample"": 0.7, ""subsample_freq"": 1, ""tweedie_variance_power"": 1.4, ""verbosity"": -1}"
source_b_v1_15_m5_h14_lightgbm_tuned_direct_200trial,m5_top_volume_100_20260714,M5,14,lightgbm_tuned_direct,122,direct,1516,14,0.4279434084892273,"{""colsample_bytree"": 0.85, ""learning_rate"": 0.06, ""min_child_samples"": 50, ""n_estimators"": 300, ""num_leaves"": 31, ""objective"": ""tweedie"", ""random_state"": 20261850, ""reg_alpha"": 0.0, ""reg_lambda"": 0.0, ""subsample"": 0.85, ""subsample_freq"": 1, ""tweedie_variance_power"": 1.4, ""verbosity"": -1}"
source_b_v1_15_m5_h14_lightgbm_tuned_direct_200trial,m5_top_volume_100_20260714,M5,14,lightgbm_tuned_direct,123,direct,1516,14,0.4241723418235779,"{""colsample_bytree"": 0.85, ""learning_rate"": 0.025, ""min_child_samples"": 20, ""n_estimators"": 900, ""num_leaves"": 63, ""objective"": ""tweedie"", ""random_state"": 20261851, ""reg_alpha"": 1.0, ""reg_lambda"": 0.0, ""subsample"": 0.85, ""subsample_freq"": 1, ""tweedie_variance_power"": 1.1, ""verbosity"": -1}"
source_b_v1_15_m5_h14_lightgbm_tuned_direct_200trial,m5_top_volume_100_20260714,M5,14,lightgbm_tuned_direct,124,direct,1516,14,0.4299337863922119,"{""colsample_bytree"": 1.0, ""learning_rate"": 0.015, ""min_child_samples"": 50, ""n_estimators"": 150, ""num_leaves"": 31, ""objective"": ""tweedie"", ""random_state"": 20261852, ""reg_alpha"": 0.0, ""reg_lambda"": 1.0, ""subsample"": 1.0, ""subsample_freq"": 1, ""tweedie_variance_power"": 1.4, ""verbosity"": -1}"
source_b_v1_15_m5_h14_lightgbm_tuned_direct_200trial,m5_top_volume_100_20260714,M5,14,lightgbm_tuned_direct,125,direct,1516,14,0.4340584278106689,"{""colsample_bytree"": 1.0, ""learning_rate"": 0.04, ""min_child_samples"": 50, ""n_estimators"": 600, ""num_leaves"": 15, ""objective"": ""tweedie"", ""random_state"": 20261853, ""reg_alpha"": 0.01, ""reg_lambda"": 0.1, ""subsample"": 1.0, ""subsample_freq"": 1, ""tweedie_variance_power"": 1.05, ""verbosity"": -1}"
source_b_v1_15_m5_h14_lightgbm_tuned_direct_200trial,m5_top_volume_100_20260714,M5,14,lightgbm_tuned_direct,126,direct,1516,14,0.4439341425895691,"{""colsample_bytree"": 0.85, ""learning_rate"": 0.06, ""min_child_samples"": 100, ""n_estimators"": 300, ""num_leaves"": 63, ""objective"": ""tweedie"", ""random_state"": 20261854, ""reg_alpha"": 0.0, ""reg_lambda"": 1.0, ""subsample"": 1.0, ""subsample_freq"": 1, ""tweedie_variance_power"": 1.05, ""verbosity"": -1}"
source_b_v1_15_m5_h14_lightgbm_tuned_direct_200trial,m5_top_volume_100_20260714,M5,14,lightgbm_tuned_direct,127,direct,1516,14,0.4350759387016296,"{""colsample_bytree"": 0.85, ""learning_rate"": 0.015, ""min_child_samples"": 50, ""n_estimators"": 600, ""num_leaves"": 31, ""objective"": ""tweedie"", ""random_state"": 20261855, ""reg_alpha"": 0.0, ""reg_lambda"": 1.0, ""subsample"": 1.0, ""subsample_freq"": 1, ""tweedie_variance_power"": 1.4, ""verbosity"": -1}"
source_b_v1_15_m5_h14_lightgbm_tuned_direct_200trial,m5_top_volume_100_20260714,M5,14,lightgbm_tuned_direct,128,direct,1516,14,0.4217453002929687,"{""colsample_bytree"": 1.0, ""learning_rate"": 0.04, ""min_child_samples"": 10, ""n_estimators"": 300, ""num_leaves"": 127, ""objective"": ""tweedie"", ""random_state"": 20261856, ""reg_alpha"": 1.0, ""reg_lambda"": 0.0, ""subsample"": 1.0, ""subsample_freq"": 1, ""tweedie_variance_power"": 1.1, ""verbosity"": -1}"
source_b_v1_15_m5_h14_lightgbm_tuned_direct_200trial,m5_top_volume_100_20260714,M5,14,lightgbm_tuned_direct,129,direct,1516,14,0.4417072534561157,"{""colsample_bytree"": 1.0, ""learning_rate"": 0.015, ""min_child_samples"": 20, ""n_estimators"": 150, ""num_leaves"": 15, ""objective"": ""tweedie"", ""random_state"": 20261857, ""reg_alpha"": 0.1, ""reg_lambda"": 0.1, ""subsample"": 0.85, ""subsample_freq"": 1, ""tweedie_variance_power"": 1.05, ""verbosity"": -1}"
source_b_v1_15_m5_h14_lightgbm_tuned_direct_200trial,m5_top_volume_100_20260714,M5,14,lightgbm_tuned_direct,130,direct,1516,14,0.4395180940628052,"{""colsample_bytree"": 0.7, ""learning_rate"": 0.08, ""min_child_samples"": 100, ""n_estimators"": 300, ""num_leaves"": 63, ""objective"": ""tweedie"", ""random_state"": 20261858, ""reg_alpha"": 0.0, ""reg_lambda"": 1.0, ""subsample"": 0.7, ""subsample_freq"": 1, ""tweedie_variance_power"": 1.2, ""verbosity"": -1}"
source_b_v1_15_m5_h14_lightgbm_tuned_direct_200trial,m5_top_volume_100_20260714,M5,14,lightgbm_tuned_direct,131,direct,1516,14,0.4406444132328033,"{""colsample_bytree"": 1.0, ""learning_rate"": 0.015, ""min_child_samples"": 100, ""n_estimators"": 900, ""num_leaves"": 15, ""objective"": ""tweedie"", ""random_state"": 20261859, ""reg_alpha"": 1.0, ""reg_lambda"": 1.0, ""subsample"": 1.0, ""subsample_freq"": 1, ""tweedie_variance_power"": 1.2, ""verbosity"": -1}"
source_b_v1_15_m5_h14_lightgbm_tuned_direct_200trial,m5_top_volume_100_20260714,M5,14,lightgbm_tuned_direct,132,direct,1516,14,0.4455455243587494,"{""colsample_bytree"": 0.85, ""learning_rate"": 0.08, ""min_child_samples"": 100, ""n_estimators"": 300, ""num_leaves"": 31, ""objective"": ""tweedie"", ""random_state"": 20261860, ""reg_alpha"": 0.01, ""reg_lambda"": 0.0, ""subsample"": 1.0, ""subsample_freq"": 1, ""tweedie_variance_power"": 1.05, ""verbosity"": -1}"
source_b_v1_15_m5_h14_lightgbm_tuned_direct_200trial,m5_top_volume_100_20260714,M5,14,lightgbm_tuned_direct,133,direct,1516,14,0.4357008934020996,"{""colsample_bytree"": 0.7, ""learning_rate"": 0.025, ""min_child_samples"": 100, ""n_estimators"": 300, ""num_leaves"": 31, ""objective"": ""tweedie"", ""random_state"": 20261861, ""reg_alpha"": 0.0, ""reg_lambda"": 0.0, ""subsample"": 1.0, ""subsample_freq"": 1, ""tweedie_variance_power"": 1.2, ""verbosity"": -1}"
source_b_v1_15_m5_h14_lightgbm_tuned_direct_200trial,m5_top_volume_100_20260714,M5,14,lightgbm_tuned_direct,134,direct,1516,14,0.4303756952285766,"{""colsample_bytree"": 1.0, ""learning_rate"": 0.08, ""min_child_samples"": 20, ""n_estimators"": 300, ""num_leaves"": 15, ""objective"": ""tweedie"", ""random_state"": 20261862, ""reg_alpha"": 0.0, ""reg_lambda"": 5.0, ""subsample"": 0.85, ""subsample_freq"": 1, ""tweedie_variance_power"": 1.4, ""verbosity"": -1}"
source_b_v1_15_m5_h14_lightgbm_tuned_direct_200trial,m5_top_volume_100_20260714,M5,14,lightgbm_tuned_direct,135,direct,1516,14,0.4215553402900696,"{""colsample_bytree"": 1.0, ""learning_rate"": 0.04, ""min_child_samples"": 20, ""n_estimators"": 300, ""num_leaves"": 127, ""objective"": ""tweedie"", ""random_state"": 20261863, ""reg_alpha"": 0.01, ""reg_lambda"": 0.1, ""subsample"": 0.7, ""subsample_freq"": 1, ""tweedie_variance_power"": 1.2, ""verbosity"": -1}"
source_b_v1_15_m5_h14_lightgbm_tuned_direct_200trial,m5_top_volume_100_20260714,M5,14,lightgbm_tuned_direct,136,direct,1516,14,0.4284632503986358,"{""colsample_bytree"": 0.7, ""learning_rate"": 0.08, ""min_child_samples"": 10, ""n_estimators"": 150, ""num_leaves"": 15, ""objective"": ""tweedie"", ""random_state"": 20261864, ""reg_alpha"": 1.0, ""reg_lambda"": 0.0, ""subsample"": 0.7, ""subsample_freq"": 1, ""tweedie_variance_power"": 1.2, ""verbosity"": -1}"
source_b_v1_15_m5_h14_lightgbm_tuned_direct_200trial,m5_top_volume_100_20260714,M5,14,lightgbm_tuned_direct,137,direct,1516,14,0.4200438261032104,"{""colsample_bytree"": 0.85, ""learning_rate"": 0.06, ""min_child_samples"": 20, ""n_estimators"": 600, ""num_leaves"": 63, ""objective"": ""tweedie"", ""random_state"": 20261865, ""reg_alpha"": 0.01, ""reg_lambda"": 5.0, ""subsample"": 1.0, ""subsample_freq"": 1, ""tweedie_variance_power"": 1.4, ""verbosity"": -1}"
source_b_v1_15_m5_h14_lightgbm_tuned_direct_200trial,m5_top_volume_100_20260714,M5,14,lightgbm_tuned_direct,138,direct,1516,14,0.433077722787857,"{""colsample_bytree"": 0.85, ""learning_rate"": 0.015, ""min_child_samples"": 10, ""n_estimators"": 900, ""num_leaves"": 15, ""objective"": ""tweedie"", ""random_state"": 20261866, ""reg_alpha"": 0.1, ""reg_lambda"": 0.0, ""subsample"": 0.7, ""subsample_freq"": 1, ""tweedie_variance_power"": 1.05, ""verbosity"": -1}"
source_b_v1_15_m5_h14_lightgbm_tuned_direct_200trial,m5_top_volume_100_20260714,M5,14,lightgbm_tuned_direct,139,direct,1516,14,0.4323149621486664,"{""colsample_bytree"": 0.85, ""learning_rate"": 0.06, ""min_child_samples"": 100, ""n_estimators"": 150, ""num_leaves"": 31, ""objective"": ""tweedie"", ""random_state"": 20261867, ""reg_alpha"": 0.01, ""reg_lambda"": 5.0, ""subsample"": 0.7, ""subsample_freq"": 1, ""tweedie_variance_power"": 1.4, ""verbosity"": -1}"
source_b_v1_15_m5_h14_lightgbm_tuned_direct_200trial,m5_top_volume_100_20260714,M5,14,lightgbm_tuned_direct,140,direct,1516,14,0.4300101399421692,"{""colsample_bytree"": 0.85, ""learning_rate"": 0.06, ""min_child_samples"": 10, ""n_estimators"": 300, ""num_leaves"": 15, ""objective"": ""tweedie"", ""random_state"": 20261868, ""reg_alpha"": 0.01, ""reg_lambda"": 5.0, ""subsample"": 0.85, ""subsample_freq"": 1, ""tweedie_variance_power"": 1.1, ""verbosity"": -1}"
source_b_v1_15_m5_h14_lightgbm_tuned_direct_200trial,m5_top_volume_100_20260714,M5,14,lightgbm_tuned_direct,141,direct,1516,14,0.4437587559223175,"{""colsample_bytree"": 0.7, ""learning_rate"": 0.08, ""min_child_samples"": 100, ""n_estimators"": 600, ""num_leaves"": 31, ""objective"": ""tweedie"", ""random_state"": 20261869, ""reg_alpha"": 1.0, ""reg_lambda"": 0.1, ""subsample"": 0.85, ""subsample_freq"": 1, ""tweedie_variance_power"": 1.1, ""verbosity"": -1}"
source_b_v1_15_m5_h14_lightgbm_tuned_direct_200trial,m5_top_volume_100_20260714,M5,14,lightgbm_tuned_direct,142,direct,1516,14,0.4246320724487304,"{""colsample_bytree"": 0.85, ""learning_rate"": 0.04, ""min_child_samples"": 20, ""n_estimators"": 900, ""num_leaves"": 15, ""objective"": ""tweedie"", ""random_state"": 20261870, ""reg_alpha"": 1.0, ""reg_lambda"": 1.0, ""subsample"": 0.7, ""subsample_freq"": 1, ""tweedie_variance_power"": 1.4, ""verbosity"": -1}"
source_b_v1_15_m5_h14_lightgbm_tuned_direct_200trial,m5_top_volume_100_20260714,M5,14,lightgbm_tuned_direct,143,direct,1516,14,0.4308511018753052,"{""colsample_bytree"": 0.7, ""learning_rate"": 0.08, ""min_child_samples"": 50, ""n_estimators"": 600, ""num_leaves"": 63, ""objective"": ""tweedie"", ""random_state"": 20261871, ""reg_alpha"": 0.01, ""reg_lambda"": 0.0, ""subsample"": 0.85, ""subsample_freq"": 1, ""tweedie_variance_power"": 1.2, ""verbosity"": -1}"
source_b_v1_15_m5_h14_lightgbm_tuned_direct_200trial,m5_top_volume_100_20260714,M5,14,lightgbm_tuned_direct,144,direct,1516,14,0.4475083947181701,"{""colsample_bytree"": 0.85, ""learning_rate"": 0.08, ""min_child_samples"": 100, ""n_estimators"": 900, ""num_leaves"": 127, ""objective"": ""tweedie"", ""random_state"": 20261872, ""reg_alpha"": 0.1, ""reg_lambda"": 0.1, ""subsample"": 0.7, ""subsample_freq"": 1, ""tweedie_variance_power"": 1.2, ""verbosity"": -1}"
source_b_v1_15_m5_h14_lightgbm_tuned_direct_200trial,m5_top_volume_100_20260714,M5,14,lightgbm_tuned_direct,145,direct,1516,14,0.4326967895030975,"{""colsample_bytree"": 0.85, ""learning_rate"": 0.06, ""min_child_samples"": 20, ""n_estimators"": 600, ""num_leaves"": 15, ""objective"": ""tweedie"", ""random_state"": 20261873, ""reg_alpha"": 0.01, ""reg_lambda"": 1.0, ""subsample"": 1.0, ""subsample_freq"": 1, ""tweedie_variance_power"": 1.1, ""verbosity"": -1}"
source_b_v1_15_m5_h14_lightgbm_tuned_direct_200trial,m5_top_volume_100_20260714,M5,14,lightgbm_tuned_direct,146,direct,1516,14,0.4403584003448486,"{""colsample_bytree"": 0.85, ""learning_rate"": 0.06, ""min_child_samples"": 100, ""n_estimators"": 600, ""num_leaves"": 127, ""objective"": ""tweedie"", ""random_state"": 20261874, ""reg_alpha"": 1.0, ""reg_lambda"": 5.0, ""subsample"": 0.85, ""subsample_freq"": 1, ""tweedie_variance_power"": 1.2, ""verbosity"": -1}"
source_b_v1_15_m5_h14_lightgbm_tuned_direct_200trial,m5_top_volume_100_20260714,M5,14,lightgbm_tuned_direct,147,direct,1516,14,0.447933167219162,"{""colsample_bytree"": 1.0, ""learning_rate"": 0.06, ""min_child_samples"": 100, ""n_estimators"": 900, ""num_leaves"": 127, ""objective"": ""tweedie"", ""random_state"": 20261875, ""reg_alpha"": 0.0, ""reg_lambda"": 0.0, ""subsample"": 0.85, ""subsample_freq"": 1, ""tweedie_variance_power"": 1.4, ""verbosity"": -1}"
source_b_v1_15_m5_h14_lightgbm_tuned_direct_200trial,m5_top_volume_100_20260714,M5,14,lightgbm_tuned_direct,148,direct,1516,14,0.429449588060379,"{""colsample_bytree"": 1.0, ""learning_rate"": 0.08, ""min_child_samples"": 50, ""n_estimators"": 150, ""num_leaves"": 127, ""objective"": ""tweedie"", ""random_state"": 20261876, ""reg_alpha"": 0.1, ""reg_lambda"": 1.0, ""subsample"": 0.85, ""subsample_freq"": 1, ""tweedie_variance_power"": 1.05, ""verbosity"": -1}"
source_b_v1_15_m5_h14_lightgbm_tuned_direct_200trial,m5_top_volume_100_20260714,M5,14,lightgbm_tuned_direct,149,direct,1516,14,0.4239459037780761,"{""colsample_bytree"": 0.7, ""learning_rate"": 0.06, ""min_child_samples"": 20, ""n_estimators"": 600, ""num_leaves"": 63, ""objective"": ""tweedie"", ""random_state"": 20261877, ""reg_alpha"": 0.1, ""reg_lambda"": 5.0, ""subsample"": 0.85, ""subsample_freq"": 1, ""tweedie_variance_power"": 1.4, ""verbosity"": -1}"
source_b_v1_15_m5_h14_lightgbm_tuned_direct_200trial,m5_top_volume_100_20260714,M5,14,lightgbm_tuned_direct,150,direct,1516,14,0.4398070573806762,"{""colsample_bytree"": 0.7, ""learning_rate"": 0.06, ""min_child_samples"": 100, ""n_estimators"": 300, ""num_leaves"": 31, ""objective"": ""tweedie"", ""random_state"": 20261878, ""reg_alpha"": 0.0, ""reg_lambda"": 0.1, ""subsample"": 0.7, ""subsample_freq"": 1, ""tweedie_variance_power"": 1.1, ""verbosity"": -1}"
source_b_v1_15_m5_h14_lightgbm_tuned_direct_200trial,m5_top_volume_100_20260714,M5,14,lightgbm_tuned_direct,151,direct,1516,14,0.4307310879230499,"{""colsample_bytree"": 0.85, ""learning_rate"": 0.06, ""min_child_samples"": 20, ""n_estimators"": 150, ""num_leaves"": 127, ""objective"": ""tweedie"", ""random_state"": 20261879, ""reg_alpha"": 0.01, ""reg_lambda"": 0.1, ""subsample"": 0.7, ""subsample_freq"": 1, ""tweedie_variance_power"": 1.1, ""verbosity"": -1}"
source_b_v1_15_m5_h14_lightgbm_tuned_direct_200trial,m5_top_volume_100_20260714,M5,14,lightgbm_tuned_direct,152,direct,1516,14,0.4209538996219635,"{""colsample_bytree"": 1.0, ""learning_rate"": 0.06, ""min_child_samples"": 10, ""n_estimators"": 300, ""num_leaves"": 31, ""objective"": ""tweedie"", ""random_state"": 20261880, ""reg_alpha"": 1.0, ""reg_lambda"": 5.0, ""subsample"": 0.85, ""subsample_freq"": 1, ""tweedie_variance_power"": 1.4, ""verbosity"": -1}"
source_b_v1_15_m5_h14_lightgbm_tuned_direct_200trial,m5_top_volume_100_20260714,M5,14,lightgbm_tuned_direct,153,direct,1516,14,0.428296834230423,"{""colsample_bytree"": 1.0, ""learning_rate"": 0.06, ""min_child_samples"": 50, ""n_estimators"": 600, ""num_leaves"": 63, ""objective"": ""tweedie"", ""random_state"": 20261881, ""reg_alpha"": 0.01, ""reg_lambda"": 0.0, ""subsample"": 0.85, ""subsample_freq"": 1, ""tweedie_variance_power"": 1.4, ""verbosity"": -1}"
source_b_v1_15_m5_h14_lightgbm_tuned_direct_200trial,m5_top_volume_100_20260714,M5,14,lightgbm_tuned_direct,154,direct,1516,14,0.42327040433883667,"{""colsample_bytree"": 1.0, ""learning_rate"": 0.015, ""min_child_samples"": 50, ""n_estimators"": 600, ""num_leaves"": 127, ""objective"": ""tweedie"", ""random_state"": 20261882, ""reg_alpha"": 1.0, ""reg_lambda"": 5.0, ""subsample"": 1.0, ""subsample_freq"": 1, ""tweedie_variance_power"": 1.2, ""verbosity"": -1}"
source_b_v1_15_m5_h14_lightgbm_tuned_direct_200trial,m5_top_volume_100_20260714,M5,14,lightgbm_tuned_direct,155,direct,1516,14,0.4248579442501068,"{""colsample_bytree"": 0.7, ""learning_rate"": 0.04, ""min_child_samples"": 10, ""n_estimators"": 150, ""num_leaves"": 15, ""objective"": ""tweedie"", ""random_state"": 20261883, ""reg_alpha"": 0.1, ""reg_lambda"": 5.0, ""subsample"": 1.0, ""subsample_freq"": 1, ""tweedie_variance_power"": 1.1, ""verbosity"": -1}"
source_b_v1_15_m5_h14_lightgbm_tuned_direct_200trial,m5_top_volume_100_20260714,M5,14,lightgbm_tuned_direct,156,direct,1516,14,0.425354927778244,"{""colsample_bytree"": 1.0, ""learning_rate"": 0.015, ""min_child_samples"": 10, ""n_estimators"": 300, ""num_leaves"": 15, ""objective"": ""tweedie"", ""random_state"": 20261884, ""reg_alpha"": 0.1, ""reg_lambda"": 5.0, ""subsample"": 0.7, ""subsample_freq"": 1, ""tweedie_variance_power"": 1.4, ""verbosity"": -1}"
source_b_v1_15_m5_h14_lightgbm_tuned_direct_200trial,m5_top_volume_100_20260714,M5,14,lightgbm_tuned_direct,157,direct,1516,14,0.4306321442127228,"{""colsample_bytree"": 0.85, ""learning_rate"": 0.06, ""min_child_samples"": 50, ""n_estimators"": 150, ""num_leaves"": 15, ""objective"": ""tweedie"", ""random_state"": 20261885, ""reg_alpha"": 0.01, ""reg_lambda"": 5.0, ""subsample"": 0.7, ""subsample_freq"": 1, ""tweedie_variance_power"": 1.2, ""verbosity"": -1}"
source_b_v1_15_m5_h14_lightgbm_tuned_direct_200trial,m5_top_volume_100_20260714,M5,14,lightgbm_tuned_direct,158,direct,1516,14,0.4362771809101105,"{""colsample_bytree"": 0.85, ""learning_rate"": 0.08, ""min_child_samples"": 100, ""n_estimators"": 300, ""num_leaves"": 31, ""objective"": ""tweedie"", ""random_state"": 20261886, ""reg_alpha"": 0.0, ""reg_lambda"": 0.0, ""subsample"": 1.0, ""subsample_freq"": 1, ""tweedie_variance_power"": 1.4, ""verbosity"": -1}"
source_b_v1_15_m5_h14_lightgbm_tuned_direct_200trial,m5_top_volume_100_20260714,M5,14,lightgbm_tuned_direct,159,direct,1516,14,0.42311471700668335,"{""colsample_bytree"": 0.85, ""learning_rate"": 0.025, ""min_child_samples"": 50, ""n_estimators"": 300, ""num_leaves"": 63, ""objective"": ""tweedie"", ""random_state"": 20261887, ""reg_alpha"": 0.01, ""reg_lambda"": 5.0, ""subsample"": 0.7, ""subsample_freq"": 1, ""tweedie_variance_power"": 1.4, ""verbosity"": -1}"
source_b_v1_15_m5_h14_lightgbm_tuned_direct_200trial,m5_top_volume_100_20260714,M5,14,lightgbm_tuned_direct,160,direct,1516,14,0.4251742660999298,"{""colsample_bytree"": 0.85, ""learning_rate"": 0.04, ""min_child_samples"": 50, ""n_estimators"": 900, ""num_leaves"": 127, ""objective"": ""tweedie"", ""random_state"": 20261888, ""reg_alpha"": 0.1, ""reg_lambda"": 5.0, ""subsample"": 1.0, ""subsample_freq"": 1, ""tweedie_variance_power"": 1.2, ""verbosity"": -1}"
source_b_v1_15_m5_h14_lightgbm_tuned_direct_200trial,m5_top_volume_100_20260714,M5,14,lightgbm_tuned_direct,161,direct,1516,14,0.4314155876636505,"{""colsample_bytree"": 0.7, ""learning_rate"": 0.015, ""min_child_samples"": 50, ""n_estimators"": 900, ""num_leaves"": 31, ""objective"": ""tweedie"", ""random_state"": 20261889, ""reg_alpha"": 0.01, ""reg_lambda"": 5.0, ""subsample"": 0.7, ""subsample_freq"": 1, ""tweedie_variance_power"": 1.1, ""verbosity"": -1}"
source_b_v1_15_m5_h14_lightgbm_tuned_direct_200trial,m5_top_volume_100_20260714,M5,14,lightgbm_tuned_direct,162,direct,1516,14,0.42531752586364746,"{""colsample_bytree"": 0.7, ""learning_rate"": 0.015, ""min_child_samples"": 20, ""n_estimators"": 600, ""num_leaves"": 31, ""objective"": ""tweedie"", ""random_state"": 20261890, ""reg_alpha"": 0.0, ""reg_lambda"": 0.1, ""subsample"": 1.0, ""subsample_freq"": 1, ""tweedie_variance_power"": 1.4, ""verbosity"": -1}"
source_b_v1_15_m5_h14_lightgbm_tuned_direct_200trial,m5_top_volume_100_20260714,M5,14,lightgbm_tuned_direct,163,direct,1516,14,0.4210536479949951,"{""colsample_bytree"": 1.0, ""learning_rate"": 0.06, ""min_child_samples"": 20, ""n_estimators"": 900, ""num_leaves"": 63, ""objective"": ""tweedie"", ""random_state"": 20261891, ""reg_alpha"": 1.0, ""reg_lambda"": 5.0, ""subsample"": 0.85, ""subsample_freq"": 1, ""tweedie_variance_power"": 1.4, ""verbosity"": -1}"
source_b_v1_15_m5_h14_lightgbm_tuned_direct_200trial,m5_top_volume_100_20260714,M5,14,lightgbm_tuned_direct,164,direct,1516,14,0.4431748390197754,"{""colsample_bytree"": 0.7, ""learning_rate"": 0.025, ""min_child_samples"": 100, ""n_estimators"": 600, ""num_leaves"": 63, ""objective"": ""tweedie"", ""random_state"": 20261892, ""reg_alpha"": 0.1, ""reg_lambda"": 5.0, ""subsample"": 1.0, ""subsample_freq"": 1, ""tweedie_variance_power"": 1.05, ""verbosity"": -1}"
source_b_v1_15_m5_h14_lightgbm_tuned_direct_200trial,m5_top_volume_100_20260714,M5,14,lightgbm_tuned_direct,165,direct,1516,14,0.4241423010826111,"{""colsample_bytree"": 0.85, ""learning_rate"": 0.025, ""min_child_samples"": 20, ""n_estimators"": 150, ""num_leaves"": 63, ""objective"": ""tweedie"", ""random_state"": 20261893, ""reg_alpha"": 0.1, ""reg_lambda"": 0.1, ""subsample"": 0.7, ""subsample_freq"": 1, ""tweedie_variance_power"": 1.2, ""verbosity"": -1}"
source_b_v1_15_m5_h14_lightgbm_tuned_direct_200trial,m5_top_volume_100_20260714,M5,14,lightgbm_tuned_direct,166,direct,1516,14,0.42531612515449524,"{""colsample_bytree"": 0.7, ""learning_rate"": 0.08, ""min_child_samples"": 20, ""n_estimators"": 600, ""num_leaves"": 63, ""objective"": ""tweedie"", ""random_state"": 20261894, ""reg_alpha"": 0.0, ""reg_lambda"": 0.1, ""subsample"": 0.7, ""subsample_freq"": 1, ""tweedie_variance_power"": 1.4, ""verbosity"": -1}"
source_b_v1_15_m5_h14_lightgbm_tuned_direct_200trial,m5_top_volume_100_20260714,M5,14,lightgbm_tuned_direct,167,direct,1516,14,0.4258173406124115,"{""colsample_bytree"": 0.85, ""learning_rate"": 0.06, ""min_child_samples"": 20, ""n_estimators"": 900, ""num_leaves"": 15, ""objective"": ""tweedie"", ""random_state"": 20261895, ""reg_alpha"": 0.0, ""reg_lambda"": 0.0, ""subsample"": 0.7, ""subsample_freq"": 1, ""tweedie_variance_power"": 1.4, ""verbosity"": -1}"
source_b_v1_15_m5_h14_lightgbm_tuned_direct_200trial,m5_top_volume_100_20260714,M5,14,lightgbm_tuned_direct,168,direct,1516,14,0.43491095304489136,"{""colsample_bytree"": 0.85, ""learning_rate"": 0.06, ""min_child_samples"": 50, ""n_estimators"": 900, ""num_leaves"": 127, ""objective"": ""tweedie"", ""random_state"": 20261896, ""reg_alpha"": 1.0, ""reg_lambda"": 0.1, ""subsample"": 0.85, ""subsample_freq"": 1, ""tweedie_variance_power"": 1.2, ""verbosity"": -1}"
source_b_v1_15_m5_h14_lightgbm_tuned_direct_200trial,m5_top_volume_100_20260714,M5,14,lightgbm_tuned_direct,169,direct,1516,14,0.43315020203590393,"{""colsample_bytree"": 0.7, ""learning_rate"": 0.025, ""min_child_samples"": 50, ""n_estimators"": 600, ""num_leaves"": 15, ""objective"": ""tweedie"", ""random_state"": 20261897, ""reg_alpha"": 0.1, ""reg_lambda"": 0.0, ""subsample"": 0.85, ""subsample_freq"": 1, ""tweedie_variance_power"": 1.05, ""verbosity"": -1}"
source_b_v1_15_m5_h14_lightgbm_tuned_direct_200trial,m5_top_volume_100_20260714,M5,14,lightgbm_tuned_direct,170,direct,1516,14,0.4175575077533722,"{""colsample_bytree"": 0.85, ""learning_rate"": 0.025, ""min_child_samples"": 100, ""n_estimators"": 150, ""num_leaves"": 127, ""objective"": ""tweedie"", ""random_state"": 20261898, ""reg_alpha"": 0.0, ""reg_lambda"": 0.0, ""subsample"": 0.7, ""subsample_freq"": 1, ""tweedie_variance_power"": 1.4, ""verbosity"": -1}"
source_b_v1_15_m5_h14_lightgbm_tuned_direct_200trial,m5_top_volume_100_20260714,M5,14,lightgbm_tuned_direct,171,direct,1516,14,0.43734878301620483,"{""colsample_bytree"": 0.7, ""learning_rate"": 0.015, ""min_child_samples"": 50, ""n_estimators"": 150, ""num_leaves"": 63, ""objective"": ""tweedie"", ""random_state"": 20261899, ""reg_alpha"": 0.0, ""reg_lambda"": 0.1, ""subsample"": 1.0, ""subsample_freq"": 1, ""tweedie_variance_power"": 1.05, ""verbosity"": -1}"
source_b_v1_15_m5_h14_lightgbm_tuned_direct_200trial,m5_top_volume_100_20260714,M5,14,lightgbm_tuned_direct,172,direct,1516,14,0.4218199849128723,"{""colsample_bytree"": 0.85, ""learning_rate"": 0.04, ""min_child_samples"": 50, ""n_estimators"": 300, ""num_leaves"": 127, ""objective"": ""tweedie"", ""random_state"": 20261900, ""reg_alpha"": 0.1, ""reg_lambda"": 5.0, ""subsample"": 0.7, ""subsample_freq"": 1, ""tweedie_variance_power"": 1.4, ""verbosity"": -1}"
source_b_v1_15_m5_h14_lightgbm_tuned_direct_200trial,m5_top_volume_100_20260714,M5,14,lightgbm_tuned_direct,173,direct,1516,14,0.433191180229187,"{""colsample_bytree"": 0.7, ""learning_rate"": 0.04, ""min_child_samples"": 100, ""n_estimators"": 300, ""num_leaves"": 127, ""objective"": ""tweedie"", ""random_state"": 20261901, ""reg_alpha"": 0.01, ""reg_lambda"": 1.0, ""subsample"": 1.0, ""subsample_freq"": 1, ""tweedie_variance_power"": 1.4, ""verbosity"": -1}"
source_b_v1_15_m5_h14_lightgbm_tuned_direct_200trial,m5_top_volume_100_20260714,M5,14,lightgbm_tuned_direct,174,direct,1516,14,0.4429028332233429,"{""colsample_bytree"": 0.7, ""learning_rate"": 0.015, ""min_child_samples"": 100, ""n_estimators"": 150, ""num_leaves"": 15, ""objective"": ""tweedie"", ""random_state"": 20261902, ""reg_alpha"": 0.1, ""reg_lambda"": 0.1, ""subsample"": 1.0, ""subsample_freq"": 1, ""tweedie_variance_power"": 1.1, ""verbosity"": -1}"
source_b_v1_15_m5_h14_lightgbm_tuned_direct_200trial,m5_top_volume_100_20260714,M5,14,lightgbm_tuned_direct,175,direct,1516,14,0.42913538217544556,"{""colsample_bytree"": 0.85, ""learning_rate"": 0.015, ""min_child_samples"": 20, ""n_estimators"": 900, ""num_leaves"": 31, ""objective"": ""tweedie"", ""random_state"": 20261903, ""reg_alpha"": 0.1, ""reg_lambda"": 0.1, ""subsample"": 0.7, ""subsample_freq"": 1, ""tweedie_variance_power"": 1.05, ""verbosity"": -1}"
source_b_v1_15_m5_h14_lightgbm_tuned_direct_200trial,m5_top_volume_100_20260714,M5,14,lightgbm_tuned_direct,176,direct,1516,14,0.42522817850112915,"{""colsample_bytree"": 0.7, ""learning_rate"": 0.06, ""min_child_samples"": 20, ""n_estimators"": 300, ""num_leaves"": 31, ""objective"": ""tweedie"", ""random_state"": 20261904, ""reg_alpha"": 0.1, ""reg_lambda"": 1.0, ""subsample"": 0.7, ""subsample_freq"": 1, ""tweedie_variance_power"": 1.4, ""verbosity"": -1}"
source_b_v1_15_m5_h14_lightgbm_tuned_direct_200trial,m5_top_volume_100_20260714,M5,14,lightgbm_tuned_direct,177,direct,1516,14,0.4354795813560486,"{""colsample_bytree"": 0.85, ""learning_rate"": 0.08, ""min_child_samples"": 100, ""n_estimators"": 150, ""num_leaves"": 31, ""objective"": ""tweedie"", ""random_state"": 20261905, ""reg_alpha"": 0.01, ""reg_lambda"": 1.0, ""subsample"": 0.85, ""subsample_freq"": 1, ""tweedie_variance_power"": 1.2, ""verbosity"": -1}"
source_b_v1_15_m5_h14_lightgbm_tuned_direct_200trial,m5_top_volume_100_20260714,M5,14,lightgbm_tuned_direct,178,direct,1516,14,0.4214308261871338,"{""colsample_bytree"": 0.7, ""learning_rate"": 0.04, ""min_child_samples"": 20, ""n_estimators"": 300, ""num_leaves"": 63, ""objective"": ""tweedie"", ""random_state"": 20261906, ""reg_alpha"": 1.0, ""reg_lambda"": 1.0, ""subsample"": 0.7, ""subsample_freq"": 1, ""tweedie_variance_power"": 1.4, ""verbosity"": -1}"
source_b_v1_15_m5_h14_lightgbm_tuned_direct_200trial,m5_top_volume_100_20260714,M5,14,lightgbm_tuned_direct,179,direct,1516,14,0.4365636706352234,"{""colsample_bytree"": 1.0, ""learning_rate"": 0.08, ""min_child_samples"": 50, ""n_estimators"": 300, ""num_leaves"": 15, ""objective"": ""tweedie"", ""random_state"": 20261907, ""reg_alpha"": 0.1, ""reg_lambda"": 1.0, ""subsample"": 1.0, ""subsample_freq"": 1, ""tweedie_variance_power"": 1.4, ""verbosity"": -1}"
source_b_v1_15_m5_h14_lightgbm_tuned_direct_200trial,m5_top_volume_100_20260714,M5,14,lightgbm_tuned_direct,180,direct,1516,14,0.43356969952583313,"{""colsample_bytree"": 0.85, ""learning_rate"": 0.04, ""min_child_samples"": 100, ""n_estimators"": 300, ""num_leaves"": 15, ""objective"": ""tweedie"", ""random_state"": 20261908, ""reg_alpha"": 0.01, ""reg_lambda"": 0.0, ""subsample"": 1.0, ""subsample_freq"": 1, ""tweedie_variance_power"": 1.2, ""verbosity"": -1}"
source_b_v1_15_m5_h14_lightgbm_tuned_direct_200trial,m5_top_volume_100_20260714,M5,14,lightgbm_tuned_direct,181,direct,1516,14,0.4322722554206848,"{""colsample_bytree"": 1.0, ""learning_rate"": 0.06, ""min_child_samples"": 10, ""n_estimators"": 900, ""num_leaves"": 15, ""objective"": ""tweedie"", ""random_state"": 20261909, ""reg_alpha"": 0.01, ""reg_lambda"": 0.1, ""subsample"": 0.85, ""subsample_freq"": 1, ""tweedie_variance_power"": 1.1, ""verbosity"": -1}"
source_b_v1_15_m5_h14_lightgbm_tuned_direct_200trial,m5_top_volume_100_20260714,M5,14,lightgbm_tuned_direct,182,direct,1516,14,0.4332123100757599,"{""colsample_bytree"": 0.85, ""learning_rate"": 0.025, ""min_child_samples"": 50, ""n_estimators"": 300, ""num_leaves"": 63, ""objective"": ""tweedie"", ""random_state"": 20261910, ""reg_alpha"": 1.0, ""reg_lambda"": 5.0, ""subsample"": 1.0, ""subsample_freq"": 1, ""tweedie_variance_power"": 1.05, ""verbosity"": -1}"
source_b_v1_15_m5_h14_lightgbm_tuned_direct_200trial,m5_top_volume_100_20260714,M5,14,lightgbm_tuned_direct,183,direct,1516,14,0.4242120683193207,"{""colsample_bytree"": 1.0, ""learning_rate"": 0.06, ""min_child_samples"": 20, ""n_estimators"": 900, ""num_leaves"": 63, ""objective"": ""tweedie"", ""random_state"": 20261911, ""reg_alpha"": 0.1, ""reg_lambda"": 5.0, ""subsample"": 1.0, ""subsample_freq"": 1, ""tweedie_variance_power"": 1.1, ""verbosity"": -1}"
source_b_v1_15_m5_h14_lightgbm_tuned_direct_200trial,m5_top_volume_100_20260714,M5,14,lightgbm_tuned_direct,184,direct,1516,14,0.423505574464798,"{""colsample_bytree"": 1.0, ""learning_rate"": 0.08, ""min_child_samples"": 10, ""n_estimators"": 900, ""num_leaves"": 127, ""objective"": ""tweedie"", ""random_state"": 20261912, ""reg_alpha"": 0.1, ""reg_lambda"": 1.0, ""subsample"": 1.0, ""subsample_freq"": 1, ""tweedie_variance_power"": 1.4, ""verbosity"": -1}"
source_b_v1_15_m5_h14_lightgbm_tuned_direct_200trial,m5_top_volume_100_20260714,M5,14,lightgbm_tuned_direct,185,direct,1516,14,0.4274926483631134,"{""colsample_bytree"": 1.0, ""learning_rate"": 0.04, ""min_child_samples"": 20, ""n_estimators"": 600, ""num_leaves"": 127, ""objective"": ""tweedie"", ""random_state"": 20261913, ""reg_alpha"": 0.1, ""reg_lambda"": 5.0, ""subsample"": 1.0, ""subsample_freq"": 1, ""tweedie_variance_power"": 1.05, ""verbosity"": -1}"
source_b_v1_15_m5_h14_lightgbm_tuned_direct_200trial,m5_top_volume_100_20260714,M5,14,lightgbm_tuned_direct,186,direct,1516,14,0.42295101284980774,"{""colsample_bytree"": 0.7, ""learning_rate"": 0.025, ""min_child_samples"": 10, ""n_estimators"": 900, ""num_leaves"": 31, ""objective"": ""tweedie"", ""random_state"": 20261914, ""reg_alpha"": 0.1, ""reg_lambda"": 0.1, ""subsample"": 1.0, ""subsample_freq"": 1, ""tweedie_variance_power"": 1.4, ""verbosity"": -1}"
source_b_v1_15_m5_h14_lightgbm_tuned_direct_200trial,m5_top_volume_100_20260714,M5,14,lightgbm_tuned_direct,187,direct,1516,14,0.4290226101875305,"{""colsample_bytree"": 0.7, ""learning_rate"": 0.08, ""min_child_samples"": 20, ""n_estimators"": 300, ""num_leaves"": 127, ""objective"": ""tweedie"", ""random_state"": 20261915, ""reg_alpha"": 0.1, ""reg_lambda"": 1.0, ""subsample"": 0.7, ""subsample_freq"": 1, ""tweedie_variance_power"": 1.2, ""verbosity"": -1}"
source_b_v1_15_m5_h14_lightgbm_tuned_direct_200trial,m5_top_volume_100_20260714,M5,14,lightgbm_tuned_direct,188,direct,1516,14,0.4246826767921448,"{""colsample_bytree"": 0.7, ""learning_rate"": 0.015, ""min_child_samples"": 20, ""n_estimators"": 900, ""num_leaves"": 63, ""objective"": ""tweedie"", ""random_state"": 20261916, ""reg_alpha"": 0.0, ""reg_lambda"": 5.0, ""subsample"": 0.85, ""subsample_freq"": 1, ""tweedie_variance_power"": 1.05, ""verbosity"": -1}"
source_b_v1_15_m5_h14_lightgbm_tuned_direct_200trial,m5_top_volume_100_20260714,M5,14,lightgbm_tuned_direct,189,direct,1516,14,0.4349571764469147,"{""colsample_bytree"": 0.85, ""learning_rate"": 0.08, ""min_child_samples"": 20, ""n_estimators"": 300, ""num_leaves"": 127, ""objective"": ""tweedie"", ""random_state"": 20261917, ""reg_alpha"": 0.0, ""reg_lambda"": 1.0, ""subsample"": 1.0, ""subsample_freq"": 1, ""tweedie_variance_power"": 1.05, ""verbosity"": -1}"
source_b_v1_15_m5_h14_lightgbm_tuned_direct_200trial,m5_top_volume_100_20260714,M5,14,lightgbm_tuned_direct,190,direct,1516,14,0.4349985420703888,"{""colsample_bytree"": 0.85, ""learning_rate"": 0.015, ""min_child_samples"": 50, ""n_estimators"": 150, ""num_leaves"": 31, ""objective"": ""tweedie"", ""random_state"": 20261918, ""reg_alpha"": 1.0, ""reg_lambda"": 5.0, ""subsample"": 0.7, ""subsample_freq"": 1, ""tweedie_variance_power"": 1.2, ""verbosity"": -1}"
source_b_v1_15_m5_h14_lightgbm_tuned_direct_200trial,m5_top_volume_100_20260714,M5,14,lightgbm_tuned_direct,191,direct,1516,14,0.42413997650146484,"{""colsample_bytree"": 0.7, ""learning_rate"": 0.08, ""min_child_samples"": 10, ""n_estimators"": 150, ""num_leaves"": 63, ""objective"": ""tweedie"", ""random_state"": 20261919, ""reg_alpha"": 0.01, ""reg_lambda"": 0.1, ""subsample"": 0.85, ""subsample_freq"": 1, ""tweedie_variance_power"": 1.05, ""verbosity"": -1}"
source_b_v1_15_m5_h14_lightgbm_tuned_direct_200trial,m5_top_volume_100_20260714,M5,14,lightgbm_tuned_direct,192,direct,1516,14,0.43609318137168884,"{""colsample_bytree"": 1.0, ""learning_rate"": 0.08, ""min_child_samples"": 10, ""n_estimators"": 600, ""num_leaves"": 15, ""objective"": ""tweedie"", ""random_state"": 20261920, ""reg_alpha"": 0.01, ""reg_lambda"": 5.0, ""subsample"": 0.7, ""subsample_freq"": 1, ""tweedie_variance_power"": 1.05, ""verbosity"": -1}"
source_b_v1_15_m5_h14_lightgbm_tuned_direct_200trial,m5_top_volume_100_20260714,M5,14,lightgbm_tuned_direct,193,direct,1516,14,0.4324048161506653,"{""colsample_bytree"": 0.7, ""learning_rate"": 0.08, ""min_child_samples"": 50, ""n_estimators"": 300, ""num_leaves"": 15, ""objective"": ""tweedie"", ""random_state"": 20261921, ""reg_alpha"": 0.0, ""reg_lambda"": 1.0, ""subsample"": 0.85, ""subsample_freq"": 1, ""tweedie_variance_power"": 1.4, ""verbosity"": -1}"
source_b_v1_15_m5_h14_lightgbm_tuned_direct_200trial,m5_top_volume_100_20260714,M5,14,lightgbm_tuned_direct,194,direct,1516,14,0.43049317598342896,"{""colsample_bytree"": 0.7, ""learning_rate"": 0.025, ""min_child_samples"": 50, ""n_estimators"": 600, ""num_leaves"": 31, ""objective"": ""tweedie"", ""random_state"": 20261922, ""reg_alpha"": 1.0, ""reg_lambda"": 5.0, ""subsample"": 0.85, ""subsample_freq"": 1, ""tweedie_variance_power"": 1.4, ""verbosity"": -1}"
source_b_v1_15_m5_h14_lightgbm_tuned_direct_200trial,m5_top_volume_100_20260714,M5,14,lightgbm_tuned_direct,195,direct,1516,14,0.4211844205856323,"{""colsample_bytree"": 1.0, ""learning_rate"": 0.025, ""min_child_samples"": 20, ""n_estimators"": 900, ""num_leaves"": 63, ""objective"": ""tweedie"", ""random_state"": 20261923, ""reg_alpha"": 0.01, ""reg_lambda"": 0.1, ""subsample"": 1.0, ""subsample_freq"": 1, ""tweedie_variance_power"": 1.4, ""verbosity"": -1}"
source_b_v1_15_m5_h14_lightgbm_tuned_direct_200trial,m5_top_volume_100_20260714,M5,14,lightgbm_tuned_direct,196,direct,1516,14,0.4217604994773865,"{""colsample_bytree"": 1.0, ""learning_rate"": 0.025, ""min_child_samples"": 20, ""n_estimators"": 300, ""num_leaves"": 63, ""objective"": ""tweedie"", ""random_state"": 20261924, ""reg_alpha"": 0.1, ""reg_lambda"": 1.0, ""subsample"": 0.7, ""subsample_freq"": 1, ""tweedie_variance_power"": 1.4, ""verbosity"": -1}"
source_b_v1_15_m5_h14_lightgbm_tuned_direct_200trial,m5_top_volume_100_20260714,M5,14,lightgbm_tuned_direct,197,direct,1516,14,0.42993927001953125,"{""colsample_bytree"": 1.0, ""learning_rate"": 0.04, ""min_child_samples"": 50, ""n_estimators"": 150, ""num_leaves"": 15, ""objective"": ""tweedie"", ""random_state"": 20261925, ""reg_alpha"": 0.1, ""reg_lambda"": 0.0, ""subsample"": 0.85, ""subsample_freq"": 1, ""tweedie_variance_power"": 1.1, ""verbosity"": -1}"
source_b_v1_15_m5_h14_lightgbm_tuned_direct_200trial,m5_top_volume_100_20260714,M5,14,lightgbm_tuned_direct,198,direct,1516,14,0.4256678521633148,"{""colsample_bytree"": 1.0, ""learning_rate"": 0.025, ""min_child_samples"": 20, ""n_estimators"": 150, ""num_leaves"": 15, ""objective"": ""tweedie"", ""random_state"": 20261926, ""reg_alpha"": 0.01, ""reg_lambda"": 0.0, ""subsample"": 0.85, ""subsample_freq"": 1, ""tweedie_variance_power"": 1.4, ""verbosity"": -1}"
source_b_v1_15_m5_h14_lightgbm_tuned_direct_200trial,m5_top_volume_100_20260714,M5,14,lightgbm_tuned_direct,199,direct,1516,14,0.432839035987854,"{""colsample_bytree"": 1.0, ""learning_rate"": 0.015, ""min_child_samples"": 100, ""n_estimators"": 150, ""num_leaves"": 127, ""objective"": ""tweedie"", ""random_state"": 20261927, ""reg_alpha"": 0.1, ""reg_lambda"": 0.1, ""subsample"": 0.85, ""subsample_freq"": 1, ""tweedie_variance_power"": 1.05, ""verbosity"": -1}"
