contrast_id,task_name,model_name,baseline_name,metric,n_pairs,n_valid_pairs,model_wape_mean,baseline_wape_mean,log_ratio,bootstrap_mean,bootstrap_se,ci_low,ci_high,ratio,ratio_ci_low,ratio_ci_high
favorita_stores_1D__timesfm25__vs__seasonal_naive__WAPE,favorita_stores_1D,timesfm25,seasonal_naive,mean_series_window_WAPE,15790,15463,0.3822531814235628,0.609447926085302,-0.4664703405061257,-0.46640534780697374,0.012697006778842746,-0.4929252470007488,-0.44314823093630734,0.6272122113515246,0.61083692925176,0.6420120339892519
favorita_stores_1M__timesfm25__vs__seasonal_naive__WAPE,favorita_stores_1M,timesfm25,seasonal_naive,mean_series_window_WAPE,3158,3142,0.34633782343510355,0.3781579534338387,-0.08789730753513335,-0.08785987809448934,0.018409033567211623,-0.12863433637383367,-0.0566033043376101,0.9158549232938392,0.8792954331240487,0.9449688600705686
favorita_stores_1W__timesfm25__vs__seasonal_naive__WAPE,favorita_stores_1W,timesfm25,seasonal_naive,mean_series_window_WAPE,15790,15250,0.3652149036248429,0.4668273104687501,-0.24547344704247445,-0.2457808492575826,0.08162137799922359,-0.4112944053366302,-0.09885330031365092,0.7823340568016977,0.6627917734391597,0.9058755899413581
favorita_transactions_1D__timesfm25__vs__seasonal_naive__WAPE,favorita_transactions_1D,timesfm25,seasonal_naive,mean_series_window_WAPE,510,505,0.07094676947346808,0.1525472290987751,-0.765544376978357,-0.7657719780642884,0.04285246111415438,-0.8425337793386737,-0.6785577229795965,0.4650806828325258,0.4306180488537579,0.507348201588201
favorita_transactions_1M__timesfm25__vs__seasonal_naive__WAPE,favorita_transactions_1M,timesfm25,seasonal_naive,mean_series_window_WAPE,102,101,0.09740519869809067,0.12004353466383169,-0.20897488190750865,-0.21229556647265949,0.07168452327255546,-0.37282011435517837,-0.09555343759767013,0.8114156165999517,0.6887891249763062,0.9088697925376662
favorita_transactions_1W__timesfm25__vs__seasonal_naive__WAPE,favorita_transactions_1W,timesfm25,seasonal_naive,mean_series_window_WAPE,510,496,0.06866169593979965,0.09038516162733241,-0.274888624359878,-0.2761057010614377,0.03589159635790173,-0.3497830145230687,-0.20996620465161353,0.7596567257676552,0.7048410133904568,0.8106116404100759
hermes__timesfm25__vs__seasonal_naive__WAPE,hermes,timesfm25,seasonal_naive,mean_series_window_WAPE,10000,10000,0.18773257245242697,0.24116356069304185,-0.2504569151900079,-0.2504823995159051,0.002295352256389528,-0.25502167428131045,-0.2460798755319129,0.7784450184469495,0.7748997023849287,0.7818597709661517
hierarchical_sales_1D__timesfm25__vs__seasonal_naive__WAPE,hierarchical_sales_1D,timesfm25,seasonal_naive,mean_series_window_WAPE,1180,1180,0.7964275212880931,1.248309700820996,-0.4494095471423719,-0.44928676973376175,0.035199750247882605,-0.5243302184587564,-0.3878270853236666,0.6380047521574924,0.5919517099481518,0.6785296608575347
hierarchical_sales_1W__timesfm25__vs__seasonal_naive__WAPE,hierarchical_sales_1W,timesfm25,seasonal_naive,mean_series_window_WAPE,1180,1180,0.4461031910639112,0.7605987247966229,-0.5335556235605994,-0.5323305627602709,0.04879198817270731,-0.6266754276053995,-0.43430618367155044,0.586515828281457,0.5343653875810087,0.647713905699406
m5_1D__timesfm25__vs__seasonal_naive__WAPE,m5_1D,timesfm25,seasonal_naive,mean_series_window_WAPE,30490,30490,1.0052679133483515,1.5938936324004027,-0.46092576172337185,-0.4607546656982503,0.005775050359930561,-0.47187227445538393,-0.4494445262264934,0.630699497703883,0.623833187263012,0.6379824357259032
m5_1M__timesfm25__vs__seasonal_naive__WAPE,m5_1M,timesfm25,seasonal_naive,mean_series_window_WAPE,30064,30053,0.5644906955964539,0.7092814404772918,-0.22832850099877608,-0.22821135102151355,0.0037813277952612415,-0.235713801406553,-0.22101312013289118,0.7958627751722859,0.7900067403992233,0.8017061617298115
m5_1W__timesfm25__vs__seasonal_naive__WAPE,m5_1W,timesfm25,seasonal_naive,mean_series_window_WAPE,30490,30447,0.6591147921415815,0.8385329806676054,-0.24075620268008796,-0.24092676289298315,0.004084958757329441,-0.24894918605534602,-0.23286878879973996,0.786033235826719,0.7796195879247984,0.7922575197647928
restaurant__timesfm25__vs__seasonal_naive__WAPE,restaurant,timesfm25,seasonal_naive,mean_series_window_WAPE,6502,6502,0.39047892880214063,0.5330374553933014,-0.3112176861894558,-0.31136418713580005,0.004002882820512149,-0.31927039667747475,-0.3038136084237108,0.7325543915371312,0.7266790311429947,0.737998410318682
rohlik_orders_1D__timesfm25__vs__seasonal_naive__WAPE,rohlik_orders_1D,timesfm25,seasonal_naive,mean_series_window_WAPE,35,35,0.06455934151689624,0.06572060029826293,-0.01782760294937598,-0.03032225900213991,0.10148909417991588,-0.24436519925780595,0.14572736658098204,0.9823303686196337,0.7832015574010379,1.1568807407002721
rohlik_orders_1W__timesfm25__vs__seasonal_naive__WAPE,rohlik_orders_1W,timesfm25,seasonal_naive,mean_series_window_WAPE,35,35,0.0549195671721495,0.08539911653709303,-0.4414660559340319,-0.44961630686493165,0.06896646021211103,-0.5846641542297307,-0.3291373757789117,0.6430929194483556,0.5572929948816218,0.7195441620173896
rohlik_sales_1D__timesfm25__vs__seasonal_naive__WAPE,rohlik_sales_1D,timesfm25,seasonal_naive,mean_series_window_WAPE,5356,5356,0.3724687175423831,0.52788257201216,-0.3487208029381354,-0.3483138861665918,0.018577854908038576,-0.38606911132548033,-0.31533029073172325,0.7055901014549938,0.679723547461651,0.7295478715704408
rohlik_sales_1W__timesfm25__vs__seasonal_naive__WAPE,rohlik_sales_1W,timesfm25,seasonal_naive,mean_series_window_WAPE,5060,4993,0.4171309361496165,0.5729819842217393,-0.31745410699651816,-0.31373663970807925,0.060378948328028766,-0.4350206749445623,-0.22807689752222085,0.7280000901183488,0.6472512850552624,0.7960630422062647
rossmann_1D__timesfm25__vs__seasonal_naive__WAPE,rossmann_1D,timesfm25,seasonal_naive,mean_series_window_WAPE,11150,10608,0.22124526739958444,0.28162248918947885,-0.24129558989872094,-0.24134056601936843,0.0028475850496407036,-0.24675661563276827,-0.2357262177919407,0.7856093738690311,0.7813308341024733,0.7899969314319716
rossmann_1W__timesfm25__vs__seasonal_naive__WAPE,rossmann_1W,timesfm25,seasonal_naive,mean_series_window_WAPE,8920,8740,0.19614868330565727,0.23846969490453296,-0.19536927692309083,-0.19540432429678625,0.002781479818869946,-0.20091930355121104,-0.1902105934673226,0.8225308603014813,0.8179784368456666,0.8267850000883809
walmart__timesfm25__vs__seasonal_naive__WAPE,walmart,timesfm25,seasonal_naive,mean_series_window_WAPE,2936,2936,0.1935185494685529,0.25833779753403474,-0.2888946505509731,-0.2881603488421827,0.04900532280809226,-0.3967209443655026,-0.21001298201793903,0.7490911175824273,0.6725216704112231,0.8105737230192696
