run_id,panel_id,dataset,horizon,model_name,trial,protocol,validation_start_idx,validation_horizon,validation_WAPE_aggregate,params_json,source_run_dir
source_b_v1_13_tuned_lightgbm_cov_100,favorita_top_volume_100_20260714,Favorita,7,lightgbm_tuned_cov,0,recursive,1336,7,0.2347334772348404,"{""colsample_bytree"": 1.0, ""learning_rate"": 0.05, ""min_child_samples"": 20, ""n_estimators"": 300, ""num_leaves"": 63, ""objective"": ""tweedie"", ""random_state"": 20260721, ""reg_alpha"": 0.0, ""reg_lambda"": 0.0, ""subsample"": 1.0, ""tweedie_variance_power"": 1.1, ""verbosity"": -1}",source_b_v1_13_tuned_lightgbm_cov_100
source_b_v1_13_tuned_lightgbm_cov_100,favorita_top_volume_100_20260714,Favorita,7,lightgbm_tuned_cov,1,recursive,1336,7,0.2366948723793029,"{""colsample_bytree"": 0.85, ""learning_rate"": 0.015, ""min_child_samples"": 20, ""n_estimators"": 900, ""num_leaves"": 63, ""objective"": ""tweedie"", ""random_state"": 20260722, ""reg_alpha"": 0.01, ""reg_lambda"": 1.0, ""subsample"": 0.85, ""subsample_freq"": 1, ""tweedie_variance_power"": 1.1, ""verbosity"": -1}",source_b_v1_13_tuned_lightgbm_cov_100
source_b_v1_13_tuned_lightgbm_cov_100,favorita_top_volume_100_20260714,Favorita,7,lightgbm_tuned_cov,2,recursive,1336,7,0.2393465936183929,"{""colsample_bytree"": 0.7, ""learning_rate"": 0.04, ""min_child_samples"": 50, ""n_estimators"": 600, ""num_leaves"": 15, ""objective"": ""tweedie"", ""random_state"": 20260723, ""reg_alpha"": 0.1, ""reg_lambda"": 0.1, ""subsample"": 1.0, ""subsample_freq"": 1, ""tweedie_variance_power"": 1.05, ""verbosity"": -1}",source_b_v1_13_tuned_lightgbm_cov_100
source_b_v1_13_tuned_lightgbm_cov_100,favorita_top_volume_100_20260714,Favorita,7,lightgbm_tuned_cov,3,recursive,1336,7,0.2409562617540359,"{""colsample_bytree"": 0.7, ""learning_rate"": 0.015, ""min_child_samples"": 100, ""n_estimators"": 600, ""num_leaves"": 63, ""objective"": ""tweedie"", ""random_state"": 20260724, ""reg_alpha"": 1.0, ""reg_lambda"": 5.0, ""subsample"": 1.0, ""subsample_freq"": 1, ""tweedie_variance_power"": 1.05, ""verbosity"": -1}",source_b_v1_13_tuned_lightgbm_cov_100
source_b_v1_13_tuned_lightgbm_cov_100,favorita_top_volume_100_20260714,Favorita,7,lightgbm_tuned_cov,4,recursive,1336,7,0.2383213937282562,"{""colsample_bytree"": 1.0, ""learning_rate"": 0.04, ""min_child_samples"": 50, ""n_estimators"": 900, ""num_leaves"": 31, ""objective"": ""tweedie"", ""random_state"": 20260725, ""reg_alpha"": 0.0, ""reg_lambda"": 0.1, ""subsample"": 1.0, ""subsample_freq"": 1, ""tweedie_variance_power"": 1.1, ""verbosity"": -1}",source_b_v1_13_tuned_lightgbm_cov_100
source_b_v1_13_tuned_lightgbm_cov_100,favorita_top_volume_100_20260714,Favorita,7,lightgbm_tuned_cov,5,recursive,1336,7,0.2358712702989578,"{""colsample_bytree"": 0.85, ""learning_rate"": 0.06, ""min_child_samples"": 10, ""n_estimators"": 600, ""num_leaves"": 63, ""objective"": ""tweedie"", ""random_state"": 20260726, ""reg_alpha"": 0.1, ""reg_lambda"": 0.1, ""subsample"": 0.7, ""subsample_freq"": 1, ""tweedie_variance_power"": 1.4, ""verbosity"": -1}",source_b_v1_13_tuned_lightgbm_cov_100
source_b_v1_13_tuned_lightgbm_cov_100,favorita_top_volume_100_20260714,Favorita,7,lightgbm_tuned_cov,6,recursive,1336,7,0.2411191314458847,"{""colsample_bytree"": 0.7, ""learning_rate"": 0.04, ""min_child_samples"": 10, ""n_estimators"": 150, ""num_leaves"": 127, ""objective"": ""tweedie"", ""random_state"": 20260727, ""reg_alpha"": 0.0, ""reg_lambda"": 1.0, ""subsample"": 0.85, ""subsample_freq"": 1, ""tweedie_variance_power"": 1.05, ""verbosity"": -1}",source_b_v1_13_tuned_lightgbm_cov_100
source_b_v1_13_tuned_lightgbm_cov_100,favorita_top_volume_100_20260714,Favorita,7,lightgbm_tuned_cov,7,recursive,1336,7,0.2383828908205032,"{""colsample_bytree"": 1.0, ""learning_rate"": 0.025, ""min_child_samples"": 10, ""n_estimators"": 600, ""num_leaves"": 31, ""objective"": ""tweedie"", ""random_state"": 20260728, ""reg_alpha"": 0.1, ""reg_lambda"": 5.0, ""subsample"": 0.85, ""subsample_freq"": 1, ""tweedie_variance_power"": 1.2, ""verbosity"": -1}",source_b_v1_13_tuned_lightgbm_cov_100
source_b_v1_13_tuned_lightgbm_cov_100,favorita_top_volume_100_20260714,Favorita,7,lightgbm_tuned_cov,8,recursive,1336,7,0.238473430275917,"{""colsample_bytree"": 0.7, ""learning_rate"": 0.06, ""min_child_samples"": 100, ""n_estimators"": 900, ""num_leaves"": 15, ""objective"": ""tweedie"", ""random_state"": 20260729, ""reg_alpha"": 0.01, ""reg_lambda"": 1.0, ""subsample"": 0.85, ""subsample_freq"": 1, ""tweedie_variance_power"": 1.05, ""verbosity"": -1}",source_b_v1_13_tuned_lightgbm_cov_100
source_b_v1_13_tuned_lightgbm_cov_100,favorita_top_volume_100_20260714,Favorita,7,lightgbm_tuned_cov,9,recursive,1336,7,0.240147054195404,"{""colsample_bytree"": 0.7, ""learning_rate"": 0.06, ""min_child_samples"": 10, ""n_estimators"": 900, ""num_leaves"": 63, ""objective"": ""tweedie"", ""random_state"": 20260730, ""reg_alpha"": 0.01, ""reg_lambda"": 1.0, ""subsample"": 0.7, ""subsample_freq"": 1, ""tweedie_variance_power"": 1.05, ""verbosity"": -1}",source_b_v1_13_tuned_lightgbm_cov_100
source_b_v1_13_tuned_lightgbm_direct_100,favorita_top_volume_100_20260714,Favorita,7,lightgbm_tuned_direct,0,direct,1336,7,0.2308268398046493,"{""colsample_bytree"": 1.0, ""learning_rate"": 0.05, ""min_child_samples"": 20, ""n_estimators"": 300, ""num_leaves"": 63, ""objective"": ""tweedie"", ""random_state"": 20261721, ""reg_alpha"": 0.0, ""reg_lambda"": 0.0, ""subsample"": 1.0, ""tweedie_variance_power"": 1.1, ""verbosity"": -1}",source_b_v1_13_tuned_lightgbm_direct_100
source_b_v1_13_tuned_lightgbm_direct_100,favorita_top_volume_100_20260714,Favorita,7,lightgbm_tuned_direct,1,direct,1336,7,0.2338319271802902,"{""colsample_bytree"": 1.0, ""learning_rate"": 0.015, ""min_child_samples"": 50, ""n_estimators"": 900, ""num_leaves"": 127, ""objective"": ""tweedie"", ""random_state"": 20261722, ""reg_alpha"": 0.01, ""reg_lambda"": 0.0, ""subsample"": 0.7, ""subsample_freq"": 1, ""tweedie_variance_power"": 1.4, ""verbosity"": -1}",source_b_v1_13_tuned_lightgbm_direct_100
source_b_v1_13_tuned_lightgbm_direct_100,favorita_top_volume_100_20260714,Favorita,7,lightgbm_tuned_direct,2,direct,1336,7,0.2292022407054901,"{""colsample_bytree"": 1.0, ""learning_rate"": 0.025, ""min_child_samples"": 20, ""n_estimators"": 900, ""num_leaves"": 63, ""objective"": ""tweedie"", ""random_state"": 20261723, ""reg_alpha"": 0.01, ""reg_lambda"": 5.0, ""subsample"": 1.0, ""subsample_freq"": 1, ""tweedie_variance_power"": 1.4, ""verbosity"": -1}",source_b_v1_13_tuned_lightgbm_direct_100
source_b_v1_13_tuned_lightgbm_direct_100,favorita_top_volume_100_20260714,Favorita,7,lightgbm_tuned_direct,3,direct,1336,7,0.2331383675336837,"{""colsample_bytree"": 0.7, ""learning_rate"": 0.06, ""min_child_samples"": 10, ""n_estimators"": 300, ""num_leaves"": 31, ""objective"": ""tweedie"", ""random_state"": 20261724, ""reg_alpha"": 0.1, ""reg_lambda"": 1.0, ""subsample"": 0.85, ""subsample_freq"": 1, ""tweedie_variance_power"": 1.05, ""verbosity"": -1}",source_b_v1_13_tuned_lightgbm_direct_100
source_b_v1_13_tuned_lightgbm_direct_100,favorita_top_volume_100_20260714,Favorita,7,lightgbm_tuned_direct,4,direct,1336,7,0.2374464571475982,"{""colsample_bytree"": 0.7, ""learning_rate"": 0.04, ""min_child_samples"": 100, ""n_estimators"": 150, ""num_leaves"": 127, ""objective"": ""tweedie"", ""random_state"": 20261725, ""reg_alpha"": 0.0, ""reg_lambda"": 0.1, ""subsample"": 1.0, ""subsample_freq"": 1, ""tweedie_variance_power"": 1.1, ""verbosity"": -1}",source_b_v1_13_tuned_lightgbm_direct_100
source_b_v1_13_tuned_lightgbm_direct_100,favorita_top_volume_100_20260714,Favorita,7,lightgbm_tuned_direct,5,direct,1336,7,0.2286266386508941,"{""colsample_bytree"": 0.7, ""learning_rate"": 0.025, ""min_child_samples"": 20, ""n_estimators"": 900, ""num_leaves"": 127, ""objective"": ""tweedie"", ""random_state"": 20261726, ""reg_alpha"": 0.1, ""reg_lambda"": 0.1, ""subsample"": 1.0, ""subsample_freq"": 1, ""tweedie_variance_power"": 1.05, ""verbosity"": -1}",source_b_v1_13_tuned_lightgbm_direct_100
source_b_v1_13_tuned_lightgbm_direct_100,favorita_top_volume_100_20260714,Favorita,7,lightgbm_tuned_direct,6,direct,1336,7,0.23140949010849,"{""colsample_bytree"": 0.85, ""learning_rate"": 0.08, ""min_child_samples"": 10, ""n_estimators"": 150, ""num_leaves"": 127, ""objective"": ""tweedie"", ""random_state"": 20261727, ""reg_alpha"": 0.0, ""reg_lambda"": 0.1, ""subsample"": 0.7, ""subsample_freq"": 1, ""tweedie_variance_power"": 1.1, ""verbosity"": -1}",source_b_v1_13_tuned_lightgbm_direct_100
source_b_v1_13_tuned_lightgbm_direct_100,favorita_top_volume_100_20260714,Favorita,7,lightgbm_tuned_direct,7,direct,1336,7,0.2464176267385482,"{""colsample_bytree"": 0.7, ""learning_rate"": 0.025, ""min_child_samples"": 100, ""n_estimators"": 150, ""num_leaves"": 63, ""objective"": ""tweedie"", ""random_state"": 20261728, ""reg_alpha"": 0.1, ""reg_lambda"": 0.0, ""subsample"": 1.0, ""subsample_freq"": 1, ""tweedie_variance_power"": 1.05, ""verbosity"": -1}",source_b_v1_13_tuned_lightgbm_direct_100
source_b_v1_13_tuned_lightgbm_direct_100,favorita_top_volume_100_20260714,Favorita,7,lightgbm_tuned_direct,8,direct,1336,7,0.2346012145280838,"{""colsample_bytree"": 0.85, ""learning_rate"": 0.015, ""min_child_samples"": 10, ""n_estimators"": 300, ""num_leaves"": 63, ""objective"": ""tweedie"", ""random_state"": 20261729, ""reg_alpha"": 1.0, ""reg_lambda"": 5.0, ""subsample"": 0.85, ""subsample_freq"": 1, ""tweedie_variance_power"": 1.05, ""verbosity"": -1}",source_b_v1_13_tuned_lightgbm_direct_100
source_b_v1_13_tuned_lightgbm_direct_100,favorita_top_volume_100_20260714,Favorita,7,lightgbm_tuned_direct,9,direct,1336,7,0.2405255734920501,"{""colsample_bytree"": 0.85, ""learning_rate"": 0.08, ""min_child_samples"": 100, ""n_estimators"": 300, ""num_leaves"": 15, ""objective"": ""tweedie"", ""random_state"": 20261730, ""reg_alpha"": 1.0, ""reg_lambda"": 5.0, ""subsample"": 0.7, ""subsample_freq"": 1, ""tweedie_variance_power"": 1.2, ""verbosity"": -1}",source_b_v1_13_tuned_lightgbm_direct_100
source_b_v1_13_tuned_lightgbm_cov_100,favorita_top_volume_100_20260714,Favorita,14,lightgbm_tuned_cov,0,recursive,1329,14,0.2478029280900955,"{""colsample_bytree"": 1.0, ""learning_rate"": 0.05, ""min_child_samples"": 20, ""n_estimators"": 300, ""num_leaves"": 63, ""objective"": ""tweedie"", ""random_state"": 20260728, ""reg_alpha"": 0.0, ""reg_lambda"": 0.0, ""subsample"": 1.0, ""tweedie_variance_power"": 1.1, ""verbosity"": -1}",source_b_v1_13_tuned_lightgbm_cov_100
source_b_v1_13_tuned_lightgbm_cov_100,favorita_top_volume_100_20260714,Favorita,14,lightgbm_tuned_cov,1,recursive,1329,14,0.2497315406799316,"{""colsample_bytree"": 0.7, ""learning_rate"": 0.06, ""min_child_samples"": 10, ""n_estimators"": 900, ""num_leaves"": 63, ""objective"": ""tweedie"", ""random_state"": 20260729, ""reg_alpha"": 0.1, ""reg_lambda"": 5.0, ""subsample"": 1.0, ""subsample_freq"": 1, ""tweedie_variance_power"": 1.1, ""verbosity"": -1}",source_b_v1_13_tuned_lightgbm_cov_100
source_b_v1_13_tuned_lightgbm_cov_100,favorita_top_volume_100_20260714,Favorita,14,lightgbm_tuned_cov,2,recursive,1329,14,0.2519394755363464,"{""colsample_bytree"": 0.85, ""learning_rate"": 0.025, ""min_child_samples"": 50, ""n_estimators"": 150, ""num_leaves"": 63, ""objective"": ""tweedie"", ""random_state"": 20260730, ""reg_alpha"": 0.01, ""reg_lambda"": 1.0, ""subsample"": 1.0, ""subsample_freq"": 1, ""tweedie_variance_power"": 1.05, ""verbosity"": -1}",source_b_v1_13_tuned_lightgbm_cov_100
source_b_v1_13_tuned_lightgbm_cov_100,favorita_top_volume_100_20260714,Favorita,14,lightgbm_tuned_cov,3,recursive,1329,14,0.2496713399887085,"{""colsample_bytree"": 1.0, ""learning_rate"": 0.06, ""min_child_samples"": 100, ""n_estimators"": 150, ""num_leaves"": 15, ""objective"": ""tweedie"", ""random_state"": 20260731, ""reg_alpha"": 1.0, ""reg_lambda"": 5.0, ""subsample"": 0.85, ""subsample_freq"": 1, ""tweedie_variance_power"": 1.4, ""verbosity"": -1}",source_b_v1_13_tuned_lightgbm_cov_100
source_b_v1_13_tuned_lightgbm_cov_100,favorita_top_volume_100_20260714,Favorita,14,lightgbm_tuned_cov,4,recursive,1329,14,0.2464598417282104,"{""colsample_bytree"": 0.85, ""learning_rate"": 0.08, ""min_child_samples"": 10, ""n_estimators"": 150, ""num_leaves"": 127, ""objective"": ""tweedie"", ""random_state"": 20260732, ""reg_alpha"": 0.1, ""reg_lambda"": 0.0, ""subsample"": 0.85, ""subsample_freq"": 1, ""tweedie_variance_power"": 1.1, ""verbosity"": -1}",source_b_v1_13_tuned_lightgbm_cov_100
source_b_v1_13_tuned_lightgbm_cov_100,favorita_top_volume_100_20260714,Favorita,14,lightgbm_tuned_cov,5,recursive,1329,14,0.2487886846065521,"{""colsample_bytree"": 1.0, ""learning_rate"": 0.025, ""min_child_samples"": 50, ""n_estimators"": 150, ""num_leaves"": 63, ""objective"": ""tweedie"", ""random_state"": 20260733, ""reg_alpha"": 0.1, ""reg_lambda"": 0.1, ""subsample"": 1.0, ""subsample_freq"": 1, ""tweedie_variance_power"": 1.4, ""verbosity"": -1}",source_b_v1_13_tuned_lightgbm_cov_100
source_b_v1_13_tuned_lightgbm_cov_100,favorita_top_volume_100_20260714,Favorita,14,lightgbm_tuned_cov,6,recursive,1329,14,0.2519347965717315,"{""colsample_bytree"": 0.7, ""learning_rate"": 0.08, ""min_child_samples"": 50, ""n_estimators"": 300, ""num_leaves"": 127, ""objective"": ""tweedie"", ""random_state"": 20260734, ""reg_alpha"": 0.0, ""reg_lambda"": 1.0, ""subsample"": 0.7, ""subsample_freq"": 1, ""tweedie_variance_power"": 1.2, ""verbosity"": -1}",source_b_v1_13_tuned_lightgbm_cov_100
source_b_v1_13_tuned_lightgbm_cov_100,favorita_top_volume_100_20260714,Favorita,14,lightgbm_tuned_cov,7,recursive,1329,14,0.2482146173715591,"{""colsample_bytree"": 0.85, ""learning_rate"": 0.04, ""min_child_samples"": 50, ""n_estimators"": 150, ""num_leaves"": 127, ""objective"": ""tweedie"", ""random_state"": 20260735, ""reg_alpha"": 0.1, ""reg_lambda"": 5.0, ""subsample"": 0.7, ""subsample_freq"": 1, ""tweedie_variance_power"": 1.05, ""verbosity"": -1}",source_b_v1_13_tuned_lightgbm_cov_100
source_b_v1_13_tuned_lightgbm_cov_100,favorita_top_volume_100_20260714,Favorita,14,lightgbm_tuned_cov,8,recursive,1329,14,0.2432470619678497,"{""colsample_bytree"": 1.0, ""learning_rate"": 0.015, ""min_child_samples"": 10, ""n_estimators"": 600, ""num_leaves"": 127, ""objective"": ""tweedie"", ""random_state"": 20260736, ""reg_alpha"": 0.1, ""reg_lambda"": 1.0, ""subsample"": 1.0, ""subsample_freq"": 1, ""tweedie_variance_power"": 1.2, ""verbosity"": -1}",source_b_v1_13_tuned_lightgbm_cov_100
source_b_v1_13_tuned_lightgbm_cov_100,favorita_top_volume_100_20260714,Favorita,14,lightgbm_tuned_cov,9,recursive,1329,14,0.2504026591777801,"{""colsample_bytree"": 1.0, ""learning_rate"": 0.06, ""min_child_samples"": 10, ""n_estimators"": 900, ""num_leaves"": 31, ""objective"": ""tweedie"", ""random_state"": 20260737, ""reg_alpha"": 0.0, ""reg_lambda"": 1.0, ""subsample"": 0.85, ""subsample_freq"": 1, ""tweedie_variance_power"": 1.2, ""verbosity"": -1}",source_b_v1_13_tuned_lightgbm_cov_100
source_b_v1_13_tuned_lightgbm_direct_100,favorita_top_volume_100_20260714,Favorita,14,lightgbm_tuned_direct,0,direct,1329,14,0.2456820011138916,"{""colsample_bytree"": 1.0, ""learning_rate"": 0.05, ""min_child_samples"": 20, ""n_estimators"": 300, ""num_leaves"": 63, ""objective"": ""tweedie"", ""random_state"": 20261728, ""reg_alpha"": 0.0, ""reg_lambda"": 0.0, ""subsample"": 1.0, ""tweedie_variance_power"": 1.1, ""verbosity"": -1}",source_b_v1_13_tuned_lightgbm_direct_100
source_b_v1_13_tuned_lightgbm_direct_100,favorita_top_volume_100_20260714,Favorita,14,lightgbm_tuned_direct,1,direct,1329,14,0.2558342814445495,"{""colsample_bytree"": 0.85, ""learning_rate"": 0.08, ""min_child_samples"": 20, ""n_estimators"": 900, ""num_leaves"": 63, ""objective"": ""tweedie"", ""random_state"": 20261729, ""reg_alpha"": 0.01, ""reg_lambda"": 5.0, ""subsample"": 1.0, ""subsample_freq"": 1, ""tweedie_variance_power"": 1.1, ""verbosity"": -1}",source_b_v1_13_tuned_lightgbm_direct_100
source_b_v1_13_tuned_lightgbm_direct_100,favorita_top_volume_100_20260714,Favorita,14,lightgbm_tuned_direct,2,direct,1329,14,0.250834047794342,"{""colsample_bytree"": 0.7, ""learning_rate"": 0.08, ""min_child_samples"": 10, ""n_estimators"": 150, ""num_leaves"": 63, ""objective"": ""tweedie"", ""random_state"": 20261730, ""reg_alpha"": 0.01, ""reg_lambda"": 0.1, ""subsample"": 0.7, ""subsample_freq"": 1, ""tweedie_variance_power"": 1.4, ""verbosity"": -1}",source_b_v1_13_tuned_lightgbm_direct_100
source_b_v1_13_tuned_lightgbm_direct_100,favorita_top_volume_100_20260714,Favorita,14,lightgbm_tuned_direct,3,direct,1329,14,0.2476502954959869,"{""colsample_bytree"": 0.85, ""learning_rate"": 0.04, ""min_child_samples"": 20, ""n_estimators"": 150, ""num_leaves"": 31, ""objective"": ""tweedie"", ""random_state"": 20261731, ""reg_alpha"": 1.0, ""reg_lambda"": 0.0, ""subsample"": 0.85, ""subsample_freq"": 1, ""tweedie_variance_power"": 1.1, ""verbosity"": -1}",source_b_v1_13_tuned_lightgbm_direct_100
source_b_v1_13_tuned_lightgbm_direct_100,favorita_top_volume_100_20260714,Favorita,14,lightgbm_tuned_direct,4,direct,1329,14,0.2511609494686126,"{""colsample_bytree"": 0.7, ""learning_rate"": 0.08, ""min_child_samples"": 50, ""n_estimators"": 600, ""num_leaves"": 15, ""objective"": ""tweedie"", ""random_state"": 20261732, ""reg_alpha"": 0.1, ""reg_lambda"": 0.1, ""subsample"": 0.85, ""subsample_freq"": 1, ""tweedie_variance_power"": 1.05, ""verbosity"": -1}",source_b_v1_13_tuned_lightgbm_direct_100
source_b_v1_13_tuned_lightgbm_direct_100,favorita_top_volume_100_20260714,Favorita,14,lightgbm_tuned_direct,5,direct,1329,14,0.2456815987825393,"{""colsample_bytree"": 0.85, ""learning_rate"": 0.025, ""min_child_samples"": 20, ""n_estimators"": 150, ""num_leaves"": 127, ""objective"": ""tweedie"", ""random_state"": 20261733, ""reg_alpha"": 0.0, ""reg_lambda"": 0.1, ""subsample"": 0.85, ""subsample_freq"": 1, ""tweedie_variance_power"": 1.2, ""verbosity"": -1}",source_b_v1_13_tuned_lightgbm_direct_100
source_b_v1_13_tuned_lightgbm_direct_100,favorita_top_volume_100_20260714,Favorita,14,lightgbm_tuned_direct,6,direct,1329,14,0.2580637335777282,"{""colsample_bytree"": 0.7, ""learning_rate"": 0.08, ""min_child_samples"": 50, ""n_estimators"": 900, ""num_leaves"": 127, ""objective"": ""tweedie"", ""random_state"": 20261734, ""reg_alpha"": 0.0, ""reg_lambda"": 1.0, ""subsample"": 0.7, ""subsample_freq"": 1, ""tweedie_variance_power"": 1.2, ""verbosity"": -1}",source_b_v1_13_tuned_lightgbm_direct_100
source_b_v1_13_tuned_lightgbm_direct_100,favorita_top_volume_100_20260714,Favorita,14,lightgbm_tuned_direct,7,direct,1329,14,0.253963828086853,"{""colsample_bytree"": 0.85, ""learning_rate"": 0.04, ""min_child_samples"": 50, ""n_estimators"": 900, ""num_leaves"": 127, ""objective"": ""tweedie"", ""random_state"": 20261735, ""reg_alpha"": 0.1, ""reg_lambda"": 5.0, ""subsample"": 0.7, ""subsample_freq"": 1, ""tweedie_variance_power"": 1.05, ""verbosity"": -1}",source_b_v1_13_tuned_lightgbm_direct_100
source_b_v1_13_tuned_lightgbm_direct_100,favorita_top_volume_100_20260714,Favorita,14,lightgbm_tuned_direct,8,direct,1329,14,0.2506008446216583,"{""colsample_bytree"": 1.0, ""learning_rate"": 0.04, ""min_child_samples"": 100, ""n_estimators"": 600, ""num_leaves"": 15, ""objective"": ""tweedie"", ""random_state"": 20261736, ""reg_alpha"": 0.0, ""reg_lambda"": 5.0, ""subsample"": 0.85, ""subsample_freq"": 1, ""tweedie_variance_power"": 1.1, ""verbosity"": -1}",source_b_v1_13_tuned_lightgbm_direct_100
source_b_v1_13_tuned_lightgbm_direct_100,favorita_top_volume_100_20260714,Favorita,14,lightgbm_tuned_direct,9,direct,1329,14,0.247403547167778,"{""colsample_bytree"": 0.7, ""learning_rate"": 0.04, ""min_child_samples"": 10, ""n_estimators"": 150, ""num_leaves"": 127, ""objective"": ""tweedie"", ""random_state"": 20261737, ""reg_alpha"": 1.0, ""reg_lambda"": 5.0, ""subsample"": 0.7, ""subsample_freq"": 1, ""tweedie_variance_power"": 1.05, ""verbosity"": -1}",source_b_v1_13_tuned_lightgbm_direct_100
source_b_v1_13_tuned_lightgbm_cov_100,favorita_top_volume_100_20260714,Favorita,28,lightgbm_tuned_cov,0,recursive,1315,28,0.2575547099113464,"{""colsample_bytree"": 1.0, ""learning_rate"": 0.05, ""min_child_samples"": 20, ""n_estimators"": 300, ""num_leaves"": 63, ""objective"": ""tweedie"", ""random_state"": 20260742, ""reg_alpha"": 0.0, ""reg_lambda"": 0.0, ""subsample"": 1.0, ""tweedie_variance_power"": 1.1, ""verbosity"": -1}",source_b_v1_13_tuned_lightgbm_cov_100
source_b_v1_13_tuned_lightgbm_cov_100,favorita_top_volume_100_20260714,Favorita,28,lightgbm_tuned_cov,1,recursive,1315,28,0.2573558092117309,"{""colsample_bytree"": 1.0, ""learning_rate"": 0.04, ""min_child_samples"": 10, ""n_estimators"": 600, ""num_leaves"": 127, ""objective"": ""tweedie"", ""random_state"": 20260743, ""reg_alpha"": 0.1, ""reg_lambda"": 5.0, ""subsample"": 1.0, ""subsample_freq"": 1, ""tweedie_variance_power"": 1.2, ""verbosity"": -1}",source_b_v1_13_tuned_lightgbm_cov_100
source_b_v1_13_tuned_lightgbm_cov_100,favorita_top_volume_100_20260714,Favorita,28,lightgbm_tuned_cov,2,recursive,1315,28,0.2661575675010681,"{""colsample_bytree"": 0.85, ""learning_rate"": 0.015, ""min_child_samples"": 100, ""n_estimators"": 600, ""num_leaves"": 127, ""objective"": ""tweedie"", ""random_state"": 20260744, ""reg_alpha"": 0.01, ""reg_lambda"": 0.0, ""subsample"": 0.7, ""subsample_freq"": 1, ""tweedie_variance_power"": 1.2, ""verbosity"": -1}",source_b_v1_13_tuned_lightgbm_cov_100
source_b_v1_13_tuned_lightgbm_cov_100,favorita_top_volume_100_20260714,Favorita,28,lightgbm_tuned_cov,3,recursive,1315,28,0.2622252702713012,"{""colsample_bytree"": 0.85, ""learning_rate"": 0.06, ""min_child_samples"": 100, ""n_estimators"": 900, ""num_leaves"": 63, ""objective"": ""tweedie"", ""random_state"": 20260745, ""reg_alpha"": 0.1, ""reg_lambda"": 1.0, ""subsample"": 0.85, ""subsample_freq"": 1, ""tweedie_variance_power"": 1.2, ""verbosity"": -1}",source_b_v1_13_tuned_lightgbm_cov_100
source_b_v1_13_tuned_lightgbm_cov_100,favorita_top_volume_100_20260714,Favorita,28,lightgbm_tuned_cov,4,recursive,1315,28,0.2622315287590027,"{""colsample_bytree"": 0.85, ""learning_rate"": 0.04, ""min_child_samples"": 100, ""n_estimators"": 900, ""num_leaves"": 127, ""objective"": ""tweedie"", ""random_state"": 20260746, ""reg_alpha"": 0.01, ""reg_lambda"": 0.1, ""subsample"": 0.85, ""subsample_freq"": 1, ""tweedie_variance_power"": 1.2, ""verbosity"": -1}",source_b_v1_13_tuned_lightgbm_cov_100
source_b_v1_13_tuned_lightgbm_cov_100,favorita_top_volume_100_20260714,Favorita,28,lightgbm_tuned_cov,5,recursive,1315,28,0.2638395130634308,"{""colsample_bytree"": 1.0, ""learning_rate"": 0.025, ""min_child_samples"": 10, ""n_estimators"": 600, ""num_leaves"": 15, ""objective"": ""tweedie"", ""random_state"": 20260747, ""reg_alpha"": 0.1, ""reg_lambda"": 0.1, ""subsample"": 0.85, ""subsample_freq"": 1, ""tweedie_variance_power"": 1.4, ""verbosity"": -1}",source_b_v1_13_tuned_lightgbm_cov_100
source_b_v1_13_tuned_lightgbm_cov_100,favorita_top_volume_100_20260714,Favorita,28,lightgbm_tuned_cov,6,recursive,1315,28,0.2623863816261291,"{""colsample_bytree"": 0.85, ""learning_rate"": 0.015, ""min_child_samples"": 10, ""n_estimators"": 900, ""num_leaves"": 15, ""objective"": ""tweedie"", ""random_state"": 20260748, ""reg_alpha"": 0.1, ""reg_lambda"": 5.0, ""subsample"": 0.7, ""subsample_freq"": 1, ""tweedie_variance_power"": 1.05, ""verbosity"": -1}",source_b_v1_13_tuned_lightgbm_cov_100
source_b_v1_13_tuned_lightgbm_cov_100,favorita_top_volume_100_20260714,Favorita,28,lightgbm_tuned_cov,7,recursive,1315,28,0.2646491527557373,"{""colsample_bytree"": 0.7, ""learning_rate"": 0.015, ""min_child_samples"": 10, ""n_estimators"": 300, ""num_leaves"": 63, ""objective"": ""tweedie"", ""random_state"": 20260749, ""reg_alpha"": 0.0, ""reg_lambda"": 5.0, ""subsample"": 0.7, ""subsample_freq"": 1, ""tweedie_variance_power"": 1.1, ""verbosity"": -1}",source_b_v1_13_tuned_lightgbm_cov_100
source_b_v1_13_tuned_lightgbm_cov_100,favorita_top_volume_100_20260714,Favorita,28,lightgbm_tuned_cov,8,recursive,1315,28,0.2613126039505005,"{""colsample_bytree"": 0.85, ""learning_rate"": 0.08, ""min_child_samples"": 50, ""n_estimators"": 150, ""num_leaves"": 63, ""objective"": ""tweedie"", ""random_state"": 20260750, ""reg_alpha"": 0.01, ""reg_lambda"": 0.0, ""subsample"": 1.0, ""subsample_freq"": 1, ""tweedie_variance_power"": 1.1, ""verbosity"": -1}",source_b_v1_13_tuned_lightgbm_cov_100
source_b_v1_13_tuned_lightgbm_cov_100,favorita_top_volume_100_20260714,Favorita,28,lightgbm_tuned_cov,9,recursive,1315,28,0.2576611340045929,"{""colsample_bytree"": 1.0, ""learning_rate"": 0.025, ""min_child_samples"": 50, ""n_estimators"": 900, ""num_leaves"": 127, ""objective"": ""tweedie"", ""random_state"": 20260751, ""reg_alpha"": 1.0, ""reg_lambda"": 0.0, ""subsample"": 1.0, ""subsample_freq"": 1, ""tweedie_variance_power"": 1.4, ""verbosity"": -1}",source_b_v1_13_tuned_lightgbm_cov_100
source_b_v1_13_tuned_lightgbm_direct_100,favorita_top_volume_100_20260714,Favorita,28,lightgbm_tuned_direct,0,direct,1315,28,0.2448938935995102,"{""colsample_bytree"": 1.0, ""learning_rate"": 0.05, ""min_child_samples"": 20, ""n_estimators"": 300, ""num_leaves"": 63, ""objective"": ""tweedie"", ""random_state"": 20261742, ""reg_alpha"": 0.0, ""reg_lambda"": 0.0, ""subsample"": 1.0, ""tweedie_variance_power"": 1.1, ""verbosity"": -1}",source_b_v1_13_tuned_lightgbm_direct_100
source_b_v1_13_tuned_lightgbm_direct_100,favorita_top_volume_100_20260714,Favorita,28,lightgbm_tuned_direct,1,direct,1315,28,0.2474992424249649,"{""colsample_bytree"": 0.85, ""learning_rate"": 0.08, ""min_child_samples"": 10, ""n_estimators"": 300, ""num_leaves"": 63, ""objective"": ""tweedie"", ""random_state"": 20261743, ""reg_alpha"": 1.0, ""reg_lambda"": 1.0, ""subsample"": 1.0, ""subsample_freq"": 1, ""tweedie_variance_power"": 1.1, ""verbosity"": -1}",source_b_v1_13_tuned_lightgbm_direct_100
source_b_v1_13_tuned_lightgbm_direct_100,favorita_top_volume_100_20260714,Favorita,28,lightgbm_tuned_direct,2,direct,1315,28,0.2464960217475891,"{""colsample_bytree"": 1.0, ""learning_rate"": 0.04, ""min_child_samples"": 100, ""n_estimators"": 900, ""num_leaves"": 31, ""objective"": ""tweedie"", ""random_state"": 20261744, ""reg_alpha"": 1.0, ""reg_lambda"": 0.1, ""subsample"": 1.0, ""subsample_freq"": 1, ""tweedie_variance_power"": 1.2, ""verbosity"": -1}",source_b_v1_13_tuned_lightgbm_direct_100
source_b_v1_13_tuned_lightgbm_direct_100,favorita_top_volume_100_20260714,Favorita,28,lightgbm_tuned_direct,3,direct,1315,28,0.2437560856342315,"{""colsample_bytree"": 1.0, ""learning_rate"": 0.015, ""min_child_samples"": 10, ""n_estimators"": 600, ""num_leaves"": 31, ""objective"": ""tweedie"", ""random_state"": 20261745, ""reg_alpha"": 0.0, ""reg_lambda"": 0.1, ""subsample"": 0.7, ""subsample_freq"": 1, ""tweedie_variance_power"": 1.05, ""verbosity"": -1}",source_b_v1_13_tuned_lightgbm_direct_100
source_b_v1_13_tuned_lightgbm_direct_100,favorita_top_volume_100_20260714,Favorita,28,lightgbm_tuned_direct,4,direct,1315,28,0.2440503984689712,"{""colsample_bytree"": 0.7, ""learning_rate"": 0.08, ""min_child_samples"": 20, ""n_estimators"": 150, ""num_leaves"": 63, ""objective"": ""tweedie"", ""random_state"": 20261746, ""reg_alpha"": 1.0, ""reg_lambda"": 0.1, ""subsample"": 0.7, ""subsample_freq"": 1, ""tweedie_variance_power"": 1.2, ""verbosity"": -1}",source_b_v1_13_tuned_lightgbm_direct_100
source_b_v1_13_tuned_lightgbm_direct_100,favorita_top_volume_100_20260714,Favorita,28,lightgbm_tuned_direct,5,direct,1315,28,0.2595165371894836,"{""colsample_bytree"": 1.0, ""learning_rate"": 0.08, ""min_child_samples"": 50, ""n_estimators"": 900, ""num_leaves"": 127, ""objective"": ""tweedie"", ""random_state"": 20261747, ""reg_alpha"": 0.01, ""reg_lambda"": 0.1, ""subsample"": 1.0, ""subsample_freq"": 1, ""tweedie_variance_power"": 1.4, ""verbosity"": -1}",source_b_v1_13_tuned_lightgbm_direct_100
source_b_v1_13_tuned_lightgbm_direct_100,favorita_top_volume_100_20260714,Favorita,28,lightgbm_tuned_direct,6,direct,1315,28,0.2475398778915405,"{""colsample_bytree"": 1.0, ""learning_rate"": 0.08, ""min_child_samples"": 20, ""n_estimators"": 300, ""num_leaves"": 15, ""objective"": ""tweedie"", ""random_state"": 20261748, ""reg_alpha"": 0.01, ""reg_lambda"": 0.0, ""subsample"": 1.0, ""subsample_freq"": 1, ""tweedie_variance_power"": 1.05, ""verbosity"": -1}",source_b_v1_13_tuned_lightgbm_direct_100
source_b_v1_13_tuned_lightgbm_direct_100,favorita_top_volume_100_20260714,Favorita,28,lightgbm_tuned_direct,7,direct,1315,28,0.2461407333612442,"{""colsample_bytree"": 0.7, ""learning_rate"": 0.04, ""min_child_samples"": 10, ""n_estimators"": 600, ""num_leaves"": 15, ""objective"": ""tweedie"", ""random_state"": 20261749, ""reg_alpha"": 0.0, ""reg_lambda"": 5.0, ""subsample"": 0.85, ""subsample_freq"": 1, ""tweedie_variance_power"": 1.1, ""verbosity"": -1}",source_b_v1_13_tuned_lightgbm_direct_100
source_b_v1_13_tuned_lightgbm_direct_100,favorita_top_volume_100_20260714,Favorita,28,lightgbm_tuned_direct,8,direct,1315,28,0.2493525594472885,"{""colsample_bytree"": 0.7, ""learning_rate"": 0.08, ""min_child_samples"": 100, ""n_estimators"": 600, ""num_leaves"": 31, ""objective"": ""tweedie"", ""random_state"": 20261750, ""reg_alpha"": 0.01, ""reg_lambda"": 0.1, ""subsample"": 0.7, ""subsample_freq"": 1, ""tweedie_variance_power"": 1.1, ""verbosity"": -1}",source_b_v1_13_tuned_lightgbm_direct_100
source_b_v1_13_tuned_lightgbm_direct_100,favorita_top_volume_100_20260714,Favorita,28,lightgbm_tuned_direct,9,direct,1315,28,0.2421485036611557,"{""colsample_bytree"": 0.7, ""learning_rate"": 0.025, ""min_child_samples"": 10, ""n_estimators"": 900, ""num_leaves"": 31, ""objective"": ""tweedie"", ""random_state"": 20261751, ""reg_alpha"": 0.01, ""reg_lambda"": 0.1, ""subsample"": 0.7, ""subsample_freq"": 1, ""tweedie_variance_power"": 1.4, ""verbosity"": -1}",source_b_v1_13_tuned_lightgbm_direct_100
source_b_v1_13_tuned_lightgbm_cov_100,m5_top_volume_100_20260714,M5,7,lightgbm_tuned_cov,0,recursive,1523,7,0.4370785355567932,"{""colsample_bytree"": 1.0, ""learning_rate"": 0.05, ""min_child_samples"": 20, ""n_estimators"": 300, ""num_leaves"": 63, ""objective"": ""tweedie"", ""random_state"": 20260721, ""reg_alpha"": 0.0, ""reg_lambda"": 0.0, ""subsample"": 1.0, ""tweedie_variance_power"": 1.1, ""verbosity"": -1}",source_b_v1_13_tuned_lightgbm_cov_100
source_b_v1_13_tuned_lightgbm_cov_100,m5_top_volume_100_20260714,M5,7,lightgbm_tuned_cov,1,recursive,1523,7,0.4296849370002746,"{""colsample_bytree"": 0.85, ""learning_rate"": 0.015, ""min_child_samples"": 20, ""n_estimators"": 900, ""num_leaves"": 63, ""objective"": ""tweedie"", ""random_state"": 20260722, ""reg_alpha"": 0.01, ""reg_lambda"": 1.0, ""subsample"": 0.85, ""subsample_freq"": 1, ""tweedie_variance_power"": 1.1, ""verbosity"": -1}",source_b_v1_13_tuned_lightgbm_cov_100
source_b_v1_13_tuned_lightgbm_cov_100,m5_top_volume_100_20260714,M5,7,lightgbm_tuned_cov,2,recursive,1523,7,0.4355613589286804,"{""colsample_bytree"": 0.7, ""learning_rate"": 0.04, ""min_child_samples"": 50, ""n_estimators"": 600, ""num_leaves"": 15, ""objective"": ""tweedie"", ""random_state"": 20260723, ""reg_alpha"": 0.1, ""reg_lambda"": 0.1, ""subsample"": 1.0, ""subsample_freq"": 1, ""tweedie_variance_power"": 1.05, ""verbosity"": -1}",source_b_v1_13_tuned_lightgbm_cov_100
source_b_v1_13_tuned_lightgbm_cov_100,m5_top_volume_100_20260714,M5,7,lightgbm_tuned_cov,3,recursive,1523,7,0.4375673532485962,"{""colsample_bytree"": 0.7, ""learning_rate"": 0.015, ""min_child_samples"": 100, ""n_estimators"": 600, ""num_leaves"": 63, ""objective"": ""tweedie"", ""random_state"": 20260724, ""reg_alpha"": 1.0, ""reg_lambda"": 5.0, ""subsample"": 1.0, ""subsample_freq"": 1, ""tweedie_variance_power"": 1.05, ""verbosity"": -1}",source_b_v1_13_tuned_lightgbm_cov_100
source_b_v1_13_tuned_lightgbm_cov_100,m5_top_volume_100_20260714,M5,7,lightgbm_tuned_cov,4,recursive,1523,7,0.4227163195610046,"{""colsample_bytree"": 1.0, ""learning_rate"": 0.04, ""min_child_samples"": 50, ""n_estimators"": 900, ""num_leaves"": 31, ""objective"": ""tweedie"", ""random_state"": 20260725, ""reg_alpha"": 0.0, ""reg_lambda"": 0.1, ""subsample"": 1.0, ""subsample_freq"": 1, ""tweedie_variance_power"": 1.1, ""verbosity"": -1}",source_b_v1_13_tuned_lightgbm_cov_100
source_b_v1_13_tuned_lightgbm_cov_100,m5_top_volume_100_20260714,M5,7,lightgbm_tuned_cov,5,recursive,1523,7,0.411374419927597,"{""colsample_bytree"": 0.85, ""learning_rate"": 0.06, ""min_child_samples"": 10, ""n_estimators"": 600, ""num_leaves"": 63, ""objective"": ""tweedie"", ""random_state"": 20260726, ""reg_alpha"": 0.1, ""reg_lambda"": 0.1, ""subsample"": 0.7, ""subsample_freq"": 1, ""tweedie_variance_power"": 1.4, ""verbosity"": -1}",source_b_v1_13_tuned_lightgbm_cov_100
source_b_v1_13_tuned_lightgbm_cov_100,m5_top_volume_100_20260714,M5,7,lightgbm_tuned_cov,6,recursive,1523,7,0.428622156381607,"{""colsample_bytree"": 0.7, ""learning_rate"": 0.04, ""min_child_samples"": 10, ""n_estimators"": 150, ""num_leaves"": 127, ""objective"": ""tweedie"", ""random_state"": 20260727, ""reg_alpha"": 0.0, ""reg_lambda"": 1.0, ""subsample"": 0.85, ""subsample_freq"": 1, ""tweedie_variance_power"": 1.05, ""verbosity"": -1}",source_b_v1_13_tuned_lightgbm_cov_100
source_b_v1_13_tuned_lightgbm_cov_100,m5_top_volume_100_20260714,M5,7,lightgbm_tuned_cov,7,recursive,1523,7,0.4269628524780273,"{""colsample_bytree"": 1.0, ""learning_rate"": 0.025, ""min_child_samples"": 10, ""n_estimators"": 600, ""num_leaves"": 31, ""objective"": ""tweedie"", ""random_state"": 20260728, ""reg_alpha"": 0.1, ""reg_lambda"": 5.0, ""subsample"": 0.85, ""subsample_freq"": 1, ""tweedie_variance_power"": 1.2, ""verbosity"": -1}",source_b_v1_13_tuned_lightgbm_cov_100
source_b_v1_13_tuned_lightgbm_cov_100,m5_top_volume_100_20260714,M5,7,lightgbm_tuned_cov,8,recursive,1523,7,0.4304261803627014,"{""colsample_bytree"": 0.7, ""learning_rate"": 0.06, ""min_child_samples"": 100, ""n_estimators"": 900, ""num_leaves"": 15, ""objective"": ""tweedie"", ""random_state"": 20260729, ""reg_alpha"": 0.01, ""reg_lambda"": 1.0, ""subsample"": 0.85, ""subsample_freq"": 1, ""tweedie_variance_power"": 1.05, ""verbosity"": -1}",source_b_v1_13_tuned_lightgbm_cov_100
source_b_v1_13_tuned_lightgbm_cov_100,m5_top_volume_100_20260714,M5,7,lightgbm_tuned_cov,9,recursive,1523,7,0.4268520772457123,"{""colsample_bytree"": 0.7, ""learning_rate"": 0.06, ""min_child_samples"": 10, ""n_estimators"": 900, ""num_leaves"": 63, ""objective"": ""tweedie"", ""random_state"": 20260730, ""reg_alpha"": 0.01, ""reg_lambda"": 1.0, ""subsample"": 0.7, ""subsample_freq"": 1, ""tweedie_variance_power"": 1.05, ""verbosity"": -1}",source_b_v1_13_tuned_lightgbm_cov_100
source_b_v1_13_tuned_lightgbm_direct_100,m5_top_volume_100_20260714,M5,7,lightgbm_tuned_direct,0,direct,1523,7,0.4279187321662903,"{""colsample_bytree"": 1.0, ""learning_rate"": 0.05, ""min_child_samples"": 20, ""n_estimators"": 300, ""num_leaves"": 63, ""objective"": ""tweedie"", ""random_state"": 20261721, ""reg_alpha"": 0.0, ""reg_lambda"": 0.0, ""subsample"": 1.0, ""tweedie_variance_power"": 1.1, ""verbosity"": -1}",source_b_v1_13_tuned_lightgbm_direct_100
source_b_v1_13_tuned_lightgbm_direct_100,m5_top_volume_100_20260714,M5,7,lightgbm_tuned_direct,1,direct,1523,7,0.415741354227066,"{""colsample_bytree"": 1.0, ""learning_rate"": 0.015, ""min_child_samples"": 50, ""n_estimators"": 900, ""num_leaves"": 127, ""objective"": ""tweedie"", ""random_state"": 20261722, ""reg_alpha"": 0.01, ""reg_lambda"": 0.0, ""subsample"": 0.7, ""subsample_freq"": 1, ""tweedie_variance_power"": 1.4, ""verbosity"": -1}",source_b_v1_13_tuned_lightgbm_direct_100
source_b_v1_13_tuned_lightgbm_direct_100,m5_top_volume_100_20260714,M5,7,lightgbm_tuned_direct,2,direct,1523,7,0.4233813881874084,"{""colsample_bytree"": 1.0, ""learning_rate"": 0.025, ""min_child_samples"": 20, ""n_estimators"": 900, ""num_leaves"": 63, ""objective"": ""tweedie"", ""random_state"": 20261723, ""reg_alpha"": 0.01, ""reg_lambda"": 5.0, ""subsample"": 1.0, ""subsample_freq"": 1, ""tweedie_variance_power"": 1.4, ""verbosity"": -1}",source_b_v1_13_tuned_lightgbm_direct_100
source_b_v1_13_tuned_lightgbm_direct_100,m5_top_volume_100_20260714,M5,7,lightgbm_tuned_direct,3,direct,1523,7,0.4346089661121368,"{""colsample_bytree"": 0.7, ""learning_rate"": 0.06, ""min_child_samples"": 10, ""n_estimators"": 300, ""num_leaves"": 31, ""objective"": ""tweedie"", ""random_state"": 20261724, ""reg_alpha"": 0.1, ""reg_lambda"": 1.0, ""subsample"": 0.85, ""subsample_freq"": 1, ""tweedie_variance_power"": 1.05, ""verbosity"": -1}",source_b_v1_13_tuned_lightgbm_direct_100
source_b_v1_13_tuned_lightgbm_direct_100,m5_top_volume_100_20260714,M5,7,lightgbm_tuned_direct,4,direct,1523,7,0.4316093921661377,"{""colsample_bytree"": 0.7, ""learning_rate"": 0.04, ""min_child_samples"": 100, ""n_estimators"": 150, ""num_leaves"": 127, ""objective"": ""tweedie"", ""random_state"": 20261725, ""reg_alpha"": 0.0, ""reg_lambda"": 0.1, ""subsample"": 1.0, ""subsample_freq"": 1, ""tweedie_variance_power"": 1.1, ""verbosity"": -1}",source_b_v1_13_tuned_lightgbm_direct_100
source_b_v1_13_tuned_lightgbm_direct_100,m5_top_volume_100_20260714,M5,7,lightgbm_tuned_direct,5,direct,1523,7,0.4153258204460144,"{""colsample_bytree"": 0.7, ""learning_rate"": 0.025, ""min_child_samples"": 20, ""n_estimators"": 900, ""num_leaves"": 127, ""objective"": ""tweedie"", ""random_state"": 20261726, ""reg_alpha"": 0.1, ""reg_lambda"": 0.1, ""subsample"": 1.0, ""subsample_freq"": 1, ""tweedie_variance_power"": 1.05, ""verbosity"": -1}",source_b_v1_13_tuned_lightgbm_direct_100
source_b_v1_13_tuned_lightgbm_direct_100,m5_top_volume_100_20260714,M5,7,lightgbm_tuned_direct,6,direct,1523,7,0.4090490341186523,"{""colsample_bytree"": 0.85, ""learning_rate"": 0.08, ""min_child_samples"": 10, ""n_estimators"": 150, ""num_leaves"": 127, ""objective"": ""tweedie"", ""random_state"": 20261727, ""reg_alpha"": 0.0, ""reg_lambda"": 0.1, ""subsample"": 0.7, ""subsample_freq"": 1, ""tweedie_variance_power"": 1.1, ""verbosity"": -1}",source_b_v1_13_tuned_lightgbm_direct_100
source_b_v1_13_tuned_lightgbm_direct_100,m5_top_volume_100_20260714,M5,7,lightgbm_tuned_direct,7,direct,1523,7,0.4248887002468109,"{""colsample_bytree"": 0.7, ""learning_rate"": 0.025, ""min_child_samples"": 100, ""n_estimators"": 150, ""num_leaves"": 63, ""objective"": ""tweedie"", ""random_state"": 20261728, ""reg_alpha"": 0.1, ""reg_lambda"": 0.0, ""subsample"": 1.0, ""subsample_freq"": 1, ""tweedie_variance_power"": 1.05, ""verbosity"": -1}",source_b_v1_13_tuned_lightgbm_direct_100
source_b_v1_13_tuned_lightgbm_direct_100,m5_top_volume_100_20260714,M5,7,lightgbm_tuned_direct,8,direct,1523,7,0.4220316708087921,"{""colsample_bytree"": 0.85, ""learning_rate"": 0.015, ""min_child_samples"": 10, ""n_estimators"": 300, ""num_leaves"": 63, ""objective"": ""tweedie"", ""random_state"": 20261729, ""reg_alpha"": 1.0, ""reg_lambda"": 5.0, ""subsample"": 0.85, ""subsample_freq"": 1, ""tweedie_variance_power"": 1.05, ""verbosity"": -1}",source_b_v1_13_tuned_lightgbm_direct_100
source_b_v1_13_tuned_lightgbm_direct_100,m5_top_volume_100_20260714,M5,7,lightgbm_tuned_direct,9,direct,1523,7,0.4358974993228912,"{""colsample_bytree"": 0.85, ""learning_rate"": 0.08, ""min_child_samples"": 100, ""n_estimators"": 300, ""num_leaves"": 15, ""objective"": ""tweedie"", ""random_state"": 20261730, ""reg_alpha"": 1.0, ""reg_lambda"": 5.0, ""subsample"": 0.7, ""subsample_freq"": 1, ""tweedie_variance_power"": 1.2, ""verbosity"": -1}",source_b_v1_13_tuned_lightgbm_direct_100
source_b_v1_13_tuned_lightgbm_cov_100,m5_top_volume_100_20260714,M5,14,lightgbm_tuned_cov,0,recursive,1516,14,0.3971957862377167,"{""colsample_bytree"": 1.0, ""learning_rate"": 0.05, ""min_child_samples"": 20, ""n_estimators"": 300, ""num_leaves"": 63, ""objective"": ""tweedie"", ""random_state"": 20260728, ""reg_alpha"": 0.0, ""reg_lambda"": 0.0, ""subsample"": 1.0, ""tweedie_variance_power"": 1.1, ""verbosity"": -1}",source_b_v1_13_tuned_lightgbm_cov_100
source_b_v1_13_tuned_lightgbm_cov_100,m5_top_volume_100_20260714,M5,14,lightgbm_tuned_cov,1,recursive,1516,14,0.3806891143321991,"{""colsample_bytree"": 0.7, ""learning_rate"": 0.06, ""min_child_samples"": 10, ""n_estimators"": 900, ""num_leaves"": 63, ""objective"": ""tweedie"", ""random_state"": 20260729, ""reg_alpha"": 0.1, ""reg_lambda"": 5.0, ""subsample"": 1.0, ""subsample_freq"": 1, ""tweedie_variance_power"": 1.1, ""verbosity"": -1}",source_b_v1_13_tuned_lightgbm_cov_100
source_b_v1_13_tuned_lightgbm_cov_100,m5_top_volume_100_20260714,M5,14,lightgbm_tuned_cov,2,recursive,1516,14,0.4060760736465454,"{""colsample_bytree"": 0.85, ""learning_rate"": 0.025, ""min_child_samples"": 50, ""n_estimators"": 150, ""num_leaves"": 63, ""objective"": ""tweedie"", ""random_state"": 20260730, ""reg_alpha"": 0.01, ""reg_lambda"": 1.0, ""subsample"": 1.0, ""subsample_freq"": 1, ""tweedie_variance_power"": 1.05, ""verbosity"": -1}",source_b_v1_13_tuned_lightgbm_cov_100
source_b_v1_13_tuned_lightgbm_cov_100,m5_top_volume_100_20260714,M5,14,lightgbm_tuned_cov,3,recursive,1516,14,0.4049233496189117,"{""colsample_bytree"": 1.0, ""learning_rate"": 0.06, ""min_child_samples"": 100, ""n_estimators"": 150, ""num_leaves"": 15, ""objective"": ""tweedie"", ""random_state"": 20260731, ""reg_alpha"": 1.0, ""reg_lambda"": 5.0, ""subsample"": 0.85, ""subsample_freq"": 1, ""tweedie_variance_power"": 1.4, ""verbosity"": -1}",source_b_v1_13_tuned_lightgbm_cov_100
source_b_v1_13_tuned_lightgbm_cov_100,m5_top_volume_100_20260714,M5,14,lightgbm_tuned_cov,4,recursive,1516,14,0.3818099200725555,"{""colsample_bytree"": 0.85, ""learning_rate"": 0.08, ""min_child_samples"": 10, ""n_estimators"": 150, ""num_leaves"": 127, ""objective"": ""tweedie"", ""random_state"": 20260732, ""reg_alpha"": 0.1, ""reg_lambda"": 0.0, ""subsample"": 0.85, ""subsample_freq"": 1, ""tweedie_variance_power"": 1.1, ""verbosity"": -1}",source_b_v1_13_tuned_lightgbm_cov_100
source_b_v1_13_tuned_lightgbm_cov_100,m5_top_volume_100_20260714,M5,14,lightgbm_tuned_cov,5,recursive,1516,14,0.3984617888927459,"{""colsample_bytree"": 1.0, ""learning_rate"": 0.025, ""min_child_samples"": 50, ""n_estimators"": 150, ""num_leaves"": 63, ""objective"": ""tweedie"", ""random_state"": 20260733, ""reg_alpha"": 0.1, ""reg_lambda"": 0.1, ""subsample"": 1.0, ""subsample_freq"": 1, ""tweedie_variance_power"": 1.4, ""verbosity"": -1}",source_b_v1_13_tuned_lightgbm_cov_100
source_b_v1_13_tuned_lightgbm_cov_100,m5_top_volume_100_20260714,M5,14,lightgbm_tuned_cov,6,recursive,1516,14,0.3931237459182739,"{""colsample_bytree"": 0.7, ""learning_rate"": 0.08, ""min_child_samples"": 50, ""n_estimators"": 300, ""num_leaves"": 127, ""objective"": ""tweedie"", ""random_state"": 20260734, ""reg_alpha"": 0.0, ""reg_lambda"": 1.0, ""subsample"": 0.7, ""subsample_freq"": 1, ""tweedie_variance_power"": 1.2, ""verbosity"": -1}",source_b_v1_13_tuned_lightgbm_cov_100
source_b_v1_13_tuned_lightgbm_cov_100,m5_top_volume_100_20260714,M5,14,lightgbm_tuned_cov,7,recursive,1516,14,0.399594783782959,"{""colsample_bytree"": 0.85, ""learning_rate"": 0.04, ""min_child_samples"": 50, ""n_estimators"": 150, ""num_leaves"": 127, ""objective"": ""tweedie"", ""random_state"": 20260735, ""reg_alpha"": 0.1, ""reg_lambda"": 5.0, ""subsample"": 0.7, ""subsample_freq"": 1, ""tweedie_variance_power"": 1.05, ""verbosity"": -1}",source_b_v1_13_tuned_lightgbm_cov_100
source_b_v1_13_tuned_lightgbm_cov_100,m5_top_volume_100_20260714,M5,14,lightgbm_tuned_cov,8,recursive,1516,14,0.3860974609851837,"{""colsample_bytree"": 1.0, ""learning_rate"": 0.015, ""min_child_samples"": 10, ""n_estimators"": 600, ""num_leaves"": 127, ""objective"": ""tweedie"", ""random_state"": 20260736, ""reg_alpha"": 0.1, ""reg_lambda"": 1.0, ""subsample"": 1.0, ""subsample_freq"": 1, ""tweedie_variance_power"": 1.2, ""verbosity"": -1}",source_b_v1_13_tuned_lightgbm_cov_100
source_b_v1_13_tuned_lightgbm_cov_100,m5_top_volume_100_20260714,M5,14,lightgbm_tuned_cov,9,recursive,1516,14,0.3794180750846863,"{""colsample_bytree"": 1.0, ""learning_rate"": 0.06, ""min_child_samples"": 10, ""n_estimators"": 900, ""num_leaves"": 31, ""objective"": ""tweedie"", ""random_state"": 20260737, ""reg_alpha"": 0.0, ""reg_lambda"": 1.0, ""subsample"": 0.85, ""subsample_freq"": 1, ""tweedie_variance_power"": 1.2, ""verbosity"": -1}",source_b_v1_13_tuned_lightgbm_cov_100
source_b_v1_13_tuned_lightgbm_direct_100,m5_top_volume_100_20260714,M5,14,lightgbm_tuned_direct,0,direct,1516,14,0.4312441051006317,"{""colsample_bytree"": 1.0, ""learning_rate"": 0.05, ""min_child_samples"": 20, ""n_estimators"": 300, ""num_leaves"": 63, ""objective"": ""tweedie"", ""random_state"": 20261728, ""reg_alpha"": 0.0, ""reg_lambda"": 0.0, ""subsample"": 1.0, ""tweedie_variance_power"": 1.1, ""verbosity"": -1}",source_b_v1_13_tuned_lightgbm_direct_100
source_b_v1_13_tuned_lightgbm_direct_100,m5_top_volume_100_20260714,M5,14,lightgbm_tuned_direct,1,direct,1516,14,0.4284355938434601,"{""colsample_bytree"": 0.85, ""learning_rate"": 0.08, ""min_child_samples"": 20, ""n_estimators"": 900, ""num_leaves"": 63, ""objective"": ""tweedie"", ""random_state"": 20261729, ""reg_alpha"": 0.01, ""reg_lambda"": 5.0, ""subsample"": 1.0, ""subsample_freq"": 1, ""tweedie_variance_power"": 1.1, ""verbosity"": -1}",source_b_v1_13_tuned_lightgbm_direct_100
source_b_v1_13_tuned_lightgbm_direct_100,m5_top_volume_100_20260714,M5,14,lightgbm_tuned_direct,2,direct,1516,14,0.4209888279438019,"{""colsample_bytree"": 0.7, ""learning_rate"": 0.08, ""min_child_samples"": 10, ""n_estimators"": 150, ""num_leaves"": 63, ""objective"": ""tweedie"", ""random_state"": 20261730, ""reg_alpha"": 0.01, ""reg_lambda"": 0.1, ""subsample"": 0.7, ""subsample_freq"": 1, ""tweedie_variance_power"": 1.4, ""verbosity"": -1}",source_b_v1_13_tuned_lightgbm_direct_100
source_b_v1_13_tuned_lightgbm_direct_100,m5_top_volume_100_20260714,M5,14,lightgbm_tuned_direct,3,direct,1516,14,0.4250211119651794,"{""colsample_bytree"": 0.85, ""learning_rate"": 0.04, ""min_child_samples"": 20, ""n_estimators"": 150, ""num_leaves"": 31, ""objective"": ""tweedie"", ""random_state"": 20261731, ""reg_alpha"": 1.0, ""reg_lambda"": 0.0, ""subsample"": 0.85, ""subsample_freq"": 1, ""tweedie_variance_power"": 1.1, ""verbosity"": -1}",source_b_v1_13_tuned_lightgbm_direct_100
source_b_v1_13_tuned_lightgbm_direct_100,m5_top_volume_100_20260714,M5,14,lightgbm_tuned_direct,4,direct,1516,14,0.4404523372650146,"{""colsample_bytree"": 0.7, ""learning_rate"": 0.08, ""min_child_samples"": 50, ""n_estimators"": 600, ""num_leaves"": 15, ""objective"": ""tweedie"", ""random_state"": 20261732, ""reg_alpha"": 0.1, ""reg_lambda"": 0.1, ""subsample"": 0.85, ""subsample_freq"": 1, ""tweedie_variance_power"": 1.05, ""verbosity"": -1}",source_b_v1_13_tuned_lightgbm_direct_100
source_b_v1_13_tuned_lightgbm_direct_100,m5_top_volume_100_20260714,M5,14,lightgbm_tuned_direct,5,direct,1516,14,0.4232527613639831,"{""colsample_bytree"": 0.85, ""learning_rate"": 0.025, ""min_child_samples"": 20, ""n_estimators"": 150, ""num_leaves"": 127, ""objective"": ""tweedie"", ""random_state"": 20261733, ""reg_alpha"": 0.0, ""reg_lambda"": 0.1, ""subsample"": 0.85, ""subsample_freq"": 1, ""tweedie_variance_power"": 1.2, ""verbosity"": -1}",source_b_v1_13_tuned_lightgbm_direct_100
source_b_v1_13_tuned_lightgbm_direct_100,m5_top_volume_100_20260714,M5,14,lightgbm_tuned_direct,6,direct,1516,14,0.445650577545166,"{""colsample_bytree"": 0.7, ""learning_rate"": 0.08, ""min_child_samples"": 50, ""n_estimators"": 900, ""num_leaves"": 127, ""objective"": ""tweedie"", ""random_state"": 20261734, ""reg_alpha"": 0.0, ""reg_lambda"": 1.0, ""subsample"": 0.7, ""subsample_freq"": 1, ""tweedie_variance_power"": 1.2, ""verbosity"": -1}",source_b_v1_13_tuned_lightgbm_direct_100
source_b_v1_13_tuned_lightgbm_direct_100,m5_top_volume_100_20260714,M5,14,lightgbm_tuned_direct,7,direct,1516,14,0.4336659908294678,"{""colsample_bytree"": 0.85, ""learning_rate"": 0.04, ""min_child_samples"": 50, ""n_estimators"": 900, ""num_leaves"": 127, ""objective"": ""tweedie"", ""random_state"": 20261735, ""reg_alpha"": 0.1, ""reg_lambda"": 5.0, ""subsample"": 0.7, ""subsample_freq"": 1, ""tweedie_variance_power"": 1.05, ""verbosity"": -1}",source_b_v1_13_tuned_lightgbm_direct_100
source_b_v1_13_tuned_lightgbm_direct_100,m5_top_volume_100_20260714,M5,14,lightgbm_tuned_direct,8,direct,1516,14,0.439837098121643,"{""colsample_bytree"": 1.0, ""learning_rate"": 0.04, ""min_child_samples"": 100, ""n_estimators"": 600, ""num_leaves"": 15, ""objective"": ""tweedie"", ""random_state"": 20261736, ""reg_alpha"": 0.0, ""reg_lambda"": 5.0, ""subsample"": 0.85, ""subsample_freq"": 1, ""tweedie_variance_power"": 1.1, ""verbosity"": -1}",source_b_v1_13_tuned_lightgbm_direct_100
source_b_v1_13_tuned_lightgbm_direct_100,m5_top_volume_100_20260714,M5,14,lightgbm_tuned_direct,9,direct,1516,14,0.4258899390697479,"{""colsample_bytree"": 0.7, ""learning_rate"": 0.04, ""min_child_samples"": 10, ""n_estimators"": 150, ""num_leaves"": 127, ""objective"": ""tweedie"", ""random_state"": 20261737, ""reg_alpha"": 1.0, ""reg_lambda"": 5.0, ""subsample"": 0.7, ""subsample_freq"": 1, ""tweedie_variance_power"": 1.05, ""verbosity"": -1}",source_b_v1_13_tuned_lightgbm_direct_100
source_b_v1_13_tuned_lightgbm_cov_100,m5_top_volume_100_20260714,M5,28,lightgbm_tuned_cov,0,recursive,1502,28,0.5345393419265747,"{""colsample_bytree"": 1.0, ""learning_rate"": 0.05, ""min_child_samples"": 20, ""n_estimators"": 300, ""num_leaves"": 63, ""objective"": ""tweedie"", ""random_state"": 20260742, ""reg_alpha"": 0.0, ""reg_lambda"": 0.0, ""subsample"": 1.0, ""tweedie_variance_power"": 1.1, ""verbosity"": -1}",source_b_v1_13_tuned_lightgbm_cov_100
source_b_v1_13_tuned_lightgbm_cov_100,m5_top_volume_100_20260714,M5,28,lightgbm_tuned_cov,1,recursive,1502,28,0.5474728941917419,"{""colsample_bytree"": 1.0, ""learning_rate"": 0.04, ""min_child_samples"": 10, ""n_estimators"": 600, ""num_leaves"": 127, ""objective"": ""tweedie"", ""random_state"": 20260743, ""reg_alpha"": 0.1, ""reg_lambda"": 5.0, ""subsample"": 1.0, ""subsample_freq"": 1, ""tweedie_variance_power"": 1.2, ""verbosity"": -1}",source_b_v1_13_tuned_lightgbm_cov_100
source_b_v1_13_tuned_lightgbm_cov_100,m5_top_volume_100_20260714,M5,28,lightgbm_tuned_cov,2,recursive,1502,28,0.5107429027557373,"{""colsample_bytree"": 0.85, ""learning_rate"": 0.015, ""min_child_samples"": 100, ""n_estimators"": 600, ""num_leaves"": 127, ""objective"": ""tweedie"", ""random_state"": 20260744, ""reg_alpha"": 0.01, ""reg_lambda"": 0.0, ""subsample"": 0.7, ""subsample_freq"": 1, ""tweedie_variance_power"": 1.2, ""verbosity"": -1}",source_b_v1_13_tuned_lightgbm_cov_100
source_b_v1_13_tuned_lightgbm_cov_100,m5_top_volume_100_20260714,M5,28,lightgbm_tuned_cov,3,recursive,1502,28,0.5606831312179565,"{""colsample_bytree"": 0.85, ""learning_rate"": 0.06, ""min_child_samples"": 100, ""n_estimators"": 900, ""num_leaves"": 63, ""objective"": ""tweedie"", ""random_state"": 20260745, ""reg_alpha"": 0.1, ""reg_lambda"": 1.0, ""subsample"": 0.85, ""subsample_freq"": 1, ""tweedie_variance_power"": 1.2, ""verbosity"": -1}",source_b_v1_13_tuned_lightgbm_cov_100
source_b_v1_13_tuned_lightgbm_cov_100,m5_top_volume_100_20260714,M5,28,lightgbm_tuned_cov,4,recursive,1502,28,0.5562358498573303,"{""colsample_bytree"": 0.85, ""learning_rate"": 0.04, ""min_child_samples"": 100, ""n_estimators"": 900, ""num_leaves"": 127, ""objective"": ""tweedie"", ""random_state"": 20260746, ""reg_alpha"": 0.01, ""reg_lambda"": 0.1, ""subsample"": 0.85, ""subsample_freq"": 1, ""tweedie_variance_power"": 1.2, ""verbosity"": -1}",source_b_v1_13_tuned_lightgbm_cov_100
source_b_v1_13_tuned_lightgbm_cov_100,m5_top_volume_100_20260714,M5,28,lightgbm_tuned_cov,5,recursive,1502,28,0.5503904223442078,"{""colsample_bytree"": 1.0, ""learning_rate"": 0.025, ""min_child_samples"": 10, ""n_estimators"": 600, ""num_leaves"": 15, ""objective"": ""tweedie"", ""random_state"": 20260747, ""reg_alpha"": 0.1, ""reg_lambda"": 0.1, ""subsample"": 0.85, ""subsample_freq"": 1, ""tweedie_variance_power"": 1.4, ""verbosity"": -1}",source_b_v1_13_tuned_lightgbm_cov_100
source_b_v1_13_tuned_lightgbm_cov_100,m5_top_volume_100_20260714,M5,28,lightgbm_tuned_cov,6,recursive,1502,28,0.534142255783081,"{""colsample_bytree"": 0.85, ""learning_rate"": 0.015, ""min_child_samples"": 10, ""n_estimators"": 900, ""num_leaves"": 15, ""objective"": ""tweedie"", ""random_state"": 20260748, ""reg_alpha"": 0.1, ""reg_lambda"": 5.0, ""subsample"": 0.7, ""subsample_freq"": 1, ""tweedie_variance_power"": 1.05, ""verbosity"": -1}",source_b_v1_13_tuned_lightgbm_cov_100
source_b_v1_13_tuned_lightgbm_cov_100,m5_top_volume_100_20260714,M5,28,lightgbm_tuned_cov,7,recursive,1502,28,0.5423440933227539,"{""colsample_bytree"": 0.7, ""learning_rate"": 0.015, ""min_child_samples"": 10, ""n_estimators"": 300, ""num_leaves"": 63, ""objective"": ""tweedie"", ""random_state"": 20260749, ""reg_alpha"": 0.0, ""reg_lambda"": 5.0, ""subsample"": 0.7, ""subsample_freq"": 1, ""tweedie_variance_power"": 1.1, ""verbosity"": -1}",source_b_v1_13_tuned_lightgbm_cov_100
source_b_v1_13_tuned_lightgbm_cov_100,m5_top_volume_100_20260714,M5,28,lightgbm_tuned_cov,8,recursive,1502,28,0.5485618710517883,"{""colsample_bytree"": 0.85, ""learning_rate"": 0.08, ""min_child_samples"": 50, ""n_estimators"": 150, ""num_leaves"": 63, ""objective"": ""tweedie"", ""random_state"": 20260750, ""reg_alpha"": 0.01, ""reg_lambda"": 0.0, ""subsample"": 1.0, ""subsample_freq"": 1, ""tweedie_variance_power"": 1.1, ""verbosity"": -1}",source_b_v1_13_tuned_lightgbm_cov_100
source_b_v1_13_tuned_lightgbm_cov_100,m5_top_volume_100_20260714,M5,28,lightgbm_tuned_cov,9,recursive,1502,28,0.5529603362083435,"{""colsample_bytree"": 1.0, ""learning_rate"": 0.025, ""min_child_samples"": 50, ""n_estimators"": 900, ""num_leaves"": 127, ""objective"": ""tweedie"", ""random_state"": 20260751, ""reg_alpha"": 1.0, ""reg_lambda"": 0.0, ""subsample"": 1.0, ""subsample_freq"": 1, ""tweedie_variance_power"": 1.4, ""verbosity"": -1}",source_b_v1_13_tuned_lightgbm_cov_100
source_b_v1_13_tuned_lightgbm_direct_100,m5_top_volume_100_20260714,M5,28,lightgbm_tuned_direct,0,direct,1502,28,0.5017687082290649,"{""colsample_bytree"": 1.0, ""learning_rate"": 0.05, ""min_child_samples"": 20, ""n_estimators"": 300, ""num_leaves"": 63, ""objective"": ""tweedie"", ""random_state"": 20261742, ""reg_alpha"": 0.0, ""reg_lambda"": 0.0, ""subsample"": 1.0, ""tweedie_variance_power"": 1.1, ""verbosity"": -1}",source_b_v1_13_tuned_lightgbm_direct_100
source_b_v1_13_tuned_lightgbm_direct_100,m5_top_volume_100_20260714,M5,28,lightgbm_tuned_direct,1,direct,1502,28,0.5012261867523193,"{""colsample_bytree"": 0.85, ""learning_rate"": 0.08, ""min_child_samples"": 10, ""n_estimators"": 300, ""num_leaves"": 63, ""objective"": ""tweedie"", ""random_state"": 20261743, ""reg_alpha"": 1.0, ""reg_lambda"": 1.0, ""subsample"": 1.0, ""subsample_freq"": 1, ""tweedie_variance_power"": 1.1, ""verbosity"": -1}",source_b_v1_13_tuned_lightgbm_direct_100
source_b_v1_13_tuned_lightgbm_direct_100,m5_top_volume_100_20260714,M5,28,lightgbm_tuned_direct,2,direct,1502,28,0.506397545337677,"{""colsample_bytree"": 1.0, ""learning_rate"": 0.04, ""min_child_samples"": 100, ""n_estimators"": 900, ""num_leaves"": 31, ""objective"": ""tweedie"", ""random_state"": 20261744, ""reg_alpha"": 1.0, ""reg_lambda"": 0.1, ""subsample"": 1.0, ""subsample_freq"": 1, ""tweedie_variance_power"": 1.2, ""verbosity"": -1}",source_b_v1_13_tuned_lightgbm_direct_100
source_b_v1_13_tuned_lightgbm_direct_100,m5_top_volume_100_20260714,M5,28,lightgbm_tuned_direct,3,direct,1502,28,0.4929965734481811,"{""colsample_bytree"": 1.0, ""learning_rate"": 0.015, ""min_child_samples"": 10, ""n_estimators"": 600, ""num_leaves"": 31, ""objective"": ""tweedie"", ""random_state"": 20261745, ""reg_alpha"": 0.0, ""reg_lambda"": 0.1, ""subsample"": 0.7, ""subsample_freq"": 1, ""tweedie_variance_power"": 1.05, ""verbosity"": -1}",source_b_v1_13_tuned_lightgbm_direct_100
source_b_v1_13_tuned_lightgbm_direct_100,m5_top_volume_100_20260714,M5,28,lightgbm_tuned_direct,4,direct,1502,28,0.5030519962310791,"{""colsample_bytree"": 0.7, ""learning_rate"": 0.08, ""min_child_samples"": 20, ""n_estimators"": 150, ""num_leaves"": 63, ""objective"": ""tweedie"", ""random_state"": 20261746, ""reg_alpha"": 1.0, ""reg_lambda"": 0.1, ""subsample"": 0.7, ""subsample_freq"": 1, ""tweedie_variance_power"": 1.2, ""verbosity"": -1}",source_b_v1_13_tuned_lightgbm_direct_100
source_b_v1_13_tuned_lightgbm_direct_100,m5_top_volume_100_20260714,M5,28,lightgbm_tuned_direct,5,direct,1502,28,0.521307647228241,"{""colsample_bytree"": 1.0, ""learning_rate"": 0.08, ""min_child_samples"": 50, ""n_estimators"": 900, ""num_leaves"": 127, ""objective"": ""tweedie"", ""random_state"": 20261747, ""reg_alpha"": 0.01, ""reg_lambda"": 0.1, ""subsample"": 1.0, ""subsample_freq"": 1, ""tweedie_variance_power"": 1.4, ""verbosity"": -1}",source_b_v1_13_tuned_lightgbm_direct_100
source_b_v1_13_tuned_lightgbm_direct_100,m5_top_volume_100_20260714,M5,28,lightgbm_tuned_direct,6,direct,1502,28,0.4900883436203003,"{""colsample_bytree"": 1.0, ""learning_rate"": 0.08, ""min_child_samples"": 20, ""n_estimators"": 300, ""num_leaves"": 15, ""objective"": ""tweedie"", ""random_state"": 20261748, ""reg_alpha"": 0.01, ""reg_lambda"": 0.0, ""subsample"": 1.0, ""subsample_freq"": 1, ""tweedie_variance_power"": 1.05, ""verbosity"": -1}",source_b_v1_13_tuned_lightgbm_direct_100
source_b_v1_13_tuned_lightgbm_direct_100,m5_top_volume_100_20260714,M5,28,lightgbm_tuned_direct,7,direct,1502,28,0.4887257218360901,"{""colsample_bytree"": 0.7, ""learning_rate"": 0.04, ""min_child_samples"": 10, ""n_estimators"": 600, ""num_leaves"": 15, ""objective"": ""tweedie"", ""random_state"": 20261749, ""reg_alpha"": 0.0, ""reg_lambda"": 5.0, ""subsample"": 0.85, ""subsample_freq"": 1, ""tweedie_variance_power"": 1.1, ""verbosity"": -1}",source_b_v1_13_tuned_lightgbm_direct_100
source_b_v1_13_tuned_lightgbm_direct_100,m5_top_volume_100_20260714,M5,28,lightgbm_tuned_direct,8,direct,1502,28,0.5063043236732483,"{""colsample_bytree"": 0.7, ""learning_rate"": 0.08, ""min_child_samples"": 100, ""n_estimators"": 600, ""num_leaves"": 31, ""objective"": ""tweedie"", ""random_state"": 20261750, ""reg_alpha"": 0.01, ""reg_lambda"": 0.1, ""subsample"": 0.7, ""subsample_freq"": 1, ""tweedie_variance_power"": 1.1, ""verbosity"": -1}",source_b_v1_13_tuned_lightgbm_direct_100
source_b_v1_13_tuned_lightgbm_direct_100,m5_top_volume_100_20260714,M5,28,lightgbm_tuned_direct,9,direct,1502,28,0.4956270158290863,"{""colsample_bytree"": 0.7, ""learning_rate"": 0.025, ""min_child_samples"": 10, ""n_estimators"": 900, ""num_leaves"": 31, ""objective"": ""tweedie"", ""random_state"": 20261751, ""reg_alpha"": 0.01, ""reg_lambda"": 0.1, ""subsample"": 0.7, ""subsample_freq"": 1, ""tweedie_variance_power"": 1.4, ""verbosity"": -1}",source_b_v1_13_tuned_lightgbm_direct_100
source_b_v1_13_tuned_lightgbm_cov_100,rohlik_top_volume_100_20260714,Rohlik,7,lightgbm_tuned_cov,0,recursive,1114,7,0.2083467096090316,"{""colsample_bytree"": 1.0, ""learning_rate"": 0.05, ""min_child_samples"": 20, ""n_estimators"": 300, ""num_leaves"": 63, ""objective"": ""tweedie"", ""random_state"": 20260721, ""reg_alpha"": 0.0, ""reg_lambda"": 0.0, ""subsample"": 1.0, ""tweedie_variance_power"": 1.1, ""verbosity"": -1}",source_b_v1_13_tuned_lightgbm_cov_100
source_b_v1_13_tuned_lightgbm_cov_100,rohlik_top_volume_100_20260714,Rohlik,7,lightgbm_tuned_cov,1,recursive,1114,7,0.2062531858682632,"{""colsample_bytree"": 0.85, ""learning_rate"": 0.015, ""min_child_samples"": 20, ""n_estimators"": 900, ""num_leaves"": 63, ""objective"": ""tweedie"", ""random_state"": 20260722, ""reg_alpha"": 0.01, ""reg_lambda"": 1.0, ""subsample"": 0.85, ""subsample_freq"": 1, ""tweedie_variance_power"": 1.1, ""verbosity"": -1}",source_b_v1_13_tuned_lightgbm_cov_100
source_b_v1_13_tuned_lightgbm_cov_100,rohlik_top_volume_100_20260714,Rohlik,7,lightgbm_tuned_cov,2,recursive,1114,7,0.2045479267835617,"{""colsample_bytree"": 0.7, ""learning_rate"": 0.04, ""min_child_samples"": 50, ""n_estimators"": 600, ""num_leaves"": 15, ""objective"": ""tweedie"", ""random_state"": 20260723, ""reg_alpha"": 0.1, ""reg_lambda"": 0.1, ""subsample"": 1.0, ""subsample_freq"": 1, ""tweedie_variance_power"": 1.05, ""verbosity"": -1}",source_b_v1_13_tuned_lightgbm_cov_100
source_b_v1_13_tuned_lightgbm_cov_100,rohlik_top_volume_100_20260714,Rohlik,7,lightgbm_tuned_cov,3,recursive,1114,7,0.2053649425506591,"{""colsample_bytree"": 0.7, ""learning_rate"": 0.015, ""min_child_samples"": 100, ""n_estimators"": 600, ""num_leaves"": 63, ""objective"": ""tweedie"", ""random_state"": 20260724, ""reg_alpha"": 1.0, ""reg_lambda"": 5.0, ""subsample"": 1.0, ""subsample_freq"": 1, ""tweedie_variance_power"": 1.05, ""verbosity"": -1}",source_b_v1_13_tuned_lightgbm_cov_100
source_b_v1_13_tuned_lightgbm_cov_100,rohlik_top_volume_100_20260714,Rohlik,7,lightgbm_tuned_cov,4,recursive,1114,7,0.2098903208971023,"{""colsample_bytree"": 1.0, ""learning_rate"": 0.04, ""min_child_samples"": 50, ""n_estimators"": 900, ""num_leaves"": 31, ""objective"": ""tweedie"", ""random_state"": 20260725, ""reg_alpha"": 0.0, ""reg_lambda"": 0.1, ""subsample"": 1.0, ""subsample_freq"": 1, ""tweedie_variance_power"": 1.1, ""verbosity"": -1}",source_b_v1_13_tuned_lightgbm_cov_100
source_b_v1_13_tuned_lightgbm_cov_100,rohlik_top_volume_100_20260714,Rohlik,7,lightgbm_tuned_cov,5,recursive,1114,7,0.2080935090780258,"{""colsample_bytree"": 0.85, ""learning_rate"": 0.06, ""min_child_samples"": 10, ""n_estimators"": 600, ""num_leaves"": 63, ""objective"": ""tweedie"", ""random_state"": 20260726, ""reg_alpha"": 0.1, ""reg_lambda"": 0.1, ""subsample"": 0.7, ""subsample_freq"": 1, ""tweedie_variance_power"": 1.4, ""verbosity"": -1}",source_b_v1_13_tuned_lightgbm_cov_100
source_b_v1_13_tuned_lightgbm_cov_100,rohlik_top_volume_100_20260714,Rohlik,7,lightgbm_tuned_cov,6,recursive,1114,7,0.2057888060808181,"{""colsample_bytree"": 0.7, ""learning_rate"": 0.04, ""min_child_samples"": 10, ""n_estimators"": 150, ""num_leaves"": 127, ""objective"": ""tweedie"", ""random_state"": 20260727, ""reg_alpha"": 0.0, ""reg_lambda"": 1.0, ""subsample"": 0.85, ""subsample_freq"": 1, ""tweedie_variance_power"": 1.05, ""verbosity"": -1}",source_b_v1_13_tuned_lightgbm_cov_100
source_b_v1_13_tuned_lightgbm_cov_100,rohlik_top_volume_100_20260714,Rohlik,7,lightgbm_tuned_cov,7,recursive,1114,7,0.2024754732847213,"{""colsample_bytree"": 1.0, ""learning_rate"": 0.025, ""min_child_samples"": 10, ""n_estimators"": 600, ""num_leaves"": 31, ""objective"": ""tweedie"", ""random_state"": 20260728, ""reg_alpha"": 0.1, ""reg_lambda"": 5.0, ""subsample"": 0.85, ""subsample_freq"": 1, ""tweedie_variance_power"": 1.2, ""verbosity"": -1}",source_b_v1_13_tuned_lightgbm_cov_100
source_b_v1_13_tuned_lightgbm_cov_100,rohlik_top_volume_100_20260714,Rohlik,7,lightgbm_tuned_cov,8,recursive,1114,7,0.2016174495220184,"{""colsample_bytree"": 0.7, ""learning_rate"": 0.06, ""min_child_samples"": 100, ""n_estimators"": 900, ""num_leaves"": 15, ""objective"": ""tweedie"", ""random_state"": 20260729, ""reg_alpha"": 0.01, ""reg_lambda"": 1.0, ""subsample"": 0.85, ""subsample_freq"": 1, ""tweedie_variance_power"": 1.05, ""verbosity"": -1}",source_b_v1_13_tuned_lightgbm_cov_100
source_b_v1_13_tuned_lightgbm_cov_100,rohlik_top_volume_100_20260714,Rohlik,7,lightgbm_tuned_cov,9,recursive,1114,7,0.2081689536571502,"{""colsample_bytree"": 0.7, ""learning_rate"": 0.06, ""min_child_samples"": 10, ""n_estimators"": 900, ""num_leaves"": 63, ""objective"": ""tweedie"", ""random_state"": 20260730, ""reg_alpha"": 0.01, ""reg_lambda"": 1.0, ""subsample"": 0.7, ""subsample_freq"": 1, ""tweedie_variance_power"": 1.05, ""verbosity"": -1}",source_b_v1_13_tuned_lightgbm_cov_100
source_b_v1_13_tuned_lightgbm_direct_100,rohlik_top_volume_100_20260714,Rohlik,7,lightgbm_tuned_direct,0,direct,1114,7,0.2043123096227646,"{""colsample_bytree"": 1.0, ""learning_rate"": 0.05, ""min_child_samples"": 20, ""n_estimators"": 300, ""num_leaves"": 63, ""objective"": ""tweedie"", ""random_state"": 20261721, ""reg_alpha"": 0.0, ""reg_lambda"": 0.0, ""subsample"": 1.0, ""tweedie_variance_power"": 1.1, ""verbosity"": -1}",source_b_v1_13_tuned_lightgbm_direct_100
source_b_v1_13_tuned_lightgbm_direct_100,rohlik_top_volume_100_20260714,Rohlik,7,lightgbm_tuned_direct,1,direct,1114,7,0.2067328840494156,"{""colsample_bytree"": 1.0, ""learning_rate"": 0.015, ""min_child_samples"": 50, ""n_estimators"": 900, ""num_leaves"": 127, ""objective"": ""tweedie"", ""random_state"": 20261722, ""reg_alpha"": 0.01, ""reg_lambda"": 0.0, ""subsample"": 0.7, ""subsample_freq"": 1, ""tweedie_variance_power"": 1.4, ""verbosity"": -1}",source_b_v1_13_tuned_lightgbm_direct_100
source_b_v1_13_tuned_lightgbm_direct_100,rohlik_top_volume_100_20260714,Rohlik,7,lightgbm_tuned_direct,2,direct,1114,7,0.1999584287405014,"{""colsample_bytree"": 1.0, ""learning_rate"": 0.025, ""min_child_samples"": 20, ""n_estimators"": 900, ""num_leaves"": 63, ""objective"": ""tweedie"", ""random_state"": 20261723, ""reg_alpha"": 0.01, ""reg_lambda"": 5.0, ""subsample"": 1.0, ""subsample_freq"": 1, ""tweedie_variance_power"": 1.4, ""verbosity"": -1}",source_b_v1_13_tuned_lightgbm_direct_100
source_b_v1_13_tuned_lightgbm_direct_100,rohlik_top_volume_100_20260714,Rohlik,7,lightgbm_tuned_direct,3,direct,1114,7,0.203721672296524,"{""colsample_bytree"": 0.7, ""learning_rate"": 0.06, ""min_child_samples"": 10, ""n_estimators"": 300, ""num_leaves"": 31, ""objective"": ""tweedie"", ""random_state"": 20261724, ""reg_alpha"": 0.1, ""reg_lambda"": 1.0, ""subsample"": 0.85, ""subsample_freq"": 1, ""tweedie_variance_power"": 1.05, ""verbosity"": -1}",source_b_v1_13_tuned_lightgbm_direct_100
source_b_v1_13_tuned_lightgbm_direct_100,rohlik_top_volume_100_20260714,Rohlik,7,lightgbm_tuned_direct,4,direct,1114,7,0.206024095416069,"{""colsample_bytree"": 0.7, ""learning_rate"": 0.04, ""min_child_samples"": 100, ""n_estimators"": 150, ""num_leaves"": 127, ""objective"": ""tweedie"", ""random_state"": 20261725, ""reg_alpha"": 0.0, ""reg_lambda"": 0.1, ""subsample"": 1.0, ""subsample_freq"": 1, ""tweedie_variance_power"": 1.1, ""verbosity"": -1}",source_b_v1_13_tuned_lightgbm_direct_100
source_b_v1_13_tuned_lightgbm_direct_100,rohlik_top_volume_100_20260714,Rohlik,7,lightgbm_tuned_direct,5,direct,1114,7,0.2008969634771347,"{""colsample_bytree"": 0.7, ""learning_rate"": 0.025, ""min_child_samples"": 20, ""n_estimators"": 900, ""num_leaves"": 127, ""objective"": ""tweedie"", ""random_state"": 20261726, ""reg_alpha"": 0.1, ""reg_lambda"": 0.1, ""subsample"": 1.0, ""subsample_freq"": 1, ""tweedie_variance_power"": 1.05, ""verbosity"": -1}",source_b_v1_13_tuned_lightgbm_direct_100
source_b_v1_13_tuned_lightgbm_direct_100,rohlik_top_volume_100_20260714,Rohlik,7,lightgbm_tuned_direct,6,direct,1114,7,0.2019301205873489,"{""colsample_bytree"": 0.85, ""learning_rate"": 0.08, ""min_child_samples"": 10, ""n_estimators"": 150, ""num_leaves"": 127, ""objective"": ""tweedie"", ""random_state"": 20261727, ""reg_alpha"": 0.0, ""reg_lambda"": 0.1, ""subsample"": 0.7, ""subsample_freq"": 1, ""tweedie_variance_power"": 1.1, ""verbosity"": -1}",source_b_v1_13_tuned_lightgbm_direct_100
source_b_v1_13_tuned_lightgbm_direct_100,rohlik_top_volume_100_20260714,Rohlik,7,lightgbm_tuned_direct,7,direct,1114,7,0.2158007323741912,"{""colsample_bytree"": 0.7, ""learning_rate"": 0.025, ""min_child_samples"": 100, ""n_estimators"": 150, ""num_leaves"": 63, ""objective"": ""tweedie"", ""random_state"": 20261728, ""reg_alpha"": 0.1, ""reg_lambda"": 0.0, ""subsample"": 1.0, ""subsample_freq"": 1, ""tweedie_variance_power"": 1.05, ""verbosity"": -1}",source_b_v1_13_tuned_lightgbm_direct_100
source_b_v1_13_tuned_lightgbm_direct_100,rohlik_top_volume_100_20260714,Rohlik,7,lightgbm_tuned_direct,8,direct,1114,7,0.2077455967664718,"{""colsample_bytree"": 0.85, ""learning_rate"": 0.015, ""min_child_samples"": 10, ""n_estimators"": 300, ""num_leaves"": 63, ""objective"": ""tweedie"", ""random_state"": 20261729, ""reg_alpha"": 1.0, ""reg_lambda"": 5.0, ""subsample"": 0.85, ""subsample_freq"": 1, ""tweedie_variance_power"": 1.05, ""verbosity"": -1}",source_b_v1_13_tuned_lightgbm_direct_100
source_b_v1_13_tuned_lightgbm_direct_100,rohlik_top_volume_100_20260714,Rohlik,7,lightgbm_tuned_direct,9,direct,1114,7,0.2060074806213379,"{""colsample_bytree"": 0.85, ""learning_rate"": 0.08, ""min_child_samples"": 100, ""n_estimators"": 300, ""num_leaves"": 15, ""objective"": ""tweedie"", ""random_state"": 20261730, ""reg_alpha"": 1.0, ""reg_lambda"": 5.0, ""subsample"": 0.7, ""subsample_freq"": 1, ""tweedie_variance_power"": 1.2, ""verbosity"": -1}",source_b_v1_13_tuned_lightgbm_direct_100
source_b_v1_13_tuned_lightgbm_cov_100,rohlik_top_volume_100_20260714,Rohlik,14,lightgbm_tuned_cov,0,recursive,1107,14,0.199585884809494,"{""colsample_bytree"": 1.0, ""learning_rate"": 0.05, ""min_child_samples"": 20, ""n_estimators"": 300, ""num_leaves"": 63, ""objective"": ""tweedie"", ""random_state"": 20260728, ""reg_alpha"": 0.0, ""reg_lambda"": 0.0, ""subsample"": 1.0, ""tweedie_variance_power"": 1.1, ""verbosity"": -1}",source_b_v1_13_tuned_lightgbm_cov_100
source_b_v1_13_tuned_lightgbm_cov_100,rohlik_top_volume_100_20260714,Rohlik,14,lightgbm_tuned_cov,1,recursive,1107,14,0.1963580399751663,"{""colsample_bytree"": 0.7, ""learning_rate"": 0.06, ""min_child_samples"": 10, ""n_estimators"": 900, ""num_leaves"": 63, ""objective"": ""tweedie"", ""random_state"": 20260729, ""reg_alpha"": 0.1, ""reg_lambda"": 5.0, ""subsample"": 1.0, ""subsample_freq"": 1, ""tweedie_variance_power"": 1.1, ""verbosity"": -1}",source_b_v1_13_tuned_lightgbm_cov_100
source_b_v1_13_tuned_lightgbm_cov_100,rohlik_top_volume_100_20260714,Rohlik,14,lightgbm_tuned_cov,2,recursive,1107,14,0.2225836217403412,"{""colsample_bytree"": 0.85, ""learning_rate"": 0.025, ""min_child_samples"": 50, ""n_estimators"": 150, ""num_leaves"": 63, ""objective"": ""tweedie"", ""random_state"": 20260730, ""reg_alpha"": 0.01, ""reg_lambda"": 1.0, ""subsample"": 1.0, ""subsample_freq"": 1, ""tweedie_variance_power"": 1.05, ""verbosity"": -1}",source_b_v1_13_tuned_lightgbm_cov_100
source_b_v1_13_tuned_lightgbm_cov_100,rohlik_top_volume_100_20260714,Rohlik,14,lightgbm_tuned_cov,3,recursive,1107,14,0.2031032145023346,"{""colsample_bytree"": 1.0, ""learning_rate"": 0.06, ""min_child_samples"": 100, ""n_estimators"": 150, ""num_leaves"": 15, ""objective"": ""tweedie"", ""random_state"": 20260731, ""reg_alpha"": 1.0, ""reg_lambda"": 5.0, ""subsample"": 0.85, ""subsample_freq"": 1, ""tweedie_variance_power"": 1.4, ""verbosity"": -1}",source_b_v1_13_tuned_lightgbm_cov_100
source_b_v1_13_tuned_lightgbm_cov_100,rohlik_top_volume_100_20260714,Rohlik,14,lightgbm_tuned_cov,4,recursive,1107,14,0.1966601908206939,"{""colsample_bytree"": 0.85, ""learning_rate"": 0.08, ""min_child_samples"": 10, ""n_estimators"": 150, ""num_leaves"": 127, ""objective"": ""tweedie"", ""random_state"": 20260732, ""reg_alpha"": 0.1, ""reg_lambda"": 0.0, ""subsample"": 0.85, ""subsample_freq"": 1, ""tweedie_variance_power"": 1.1, ""verbosity"": -1}",source_b_v1_13_tuned_lightgbm_cov_100
source_b_v1_13_tuned_lightgbm_cov_100,rohlik_top_volume_100_20260714,Rohlik,14,lightgbm_tuned_cov,5,recursive,1107,14,0.2182575017213821,"{""colsample_bytree"": 1.0, ""learning_rate"": 0.025, ""min_child_samples"": 50, ""n_estimators"": 150, ""num_leaves"": 63, ""objective"": ""tweedie"", ""random_state"": 20260733, ""reg_alpha"": 0.1, ""reg_lambda"": 0.1, ""subsample"": 1.0, ""subsample_freq"": 1, ""tweedie_variance_power"": 1.4, ""verbosity"": -1}",source_b_v1_13_tuned_lightgbm_cov_100
source_b_v1_13_tuned_lightgbm_cov_100,rohlik_top_volume_100_20260714,Rohlik,14,lightgbm_tuned_cov,6,recursive,1107,14,0.2071601897478103,"{""colsample_bytree"": 0.7, ""learning_rate"": 0.08, ""min_child_samples"": 50, ""n_estimators"": 300, ""num_leaves"": 127, ""objective"": ""tweedie"", ""random_state"": 20260734, ""reg_alpha"": 0.0, ""reg_lambda"": 1.0, ""subsample"": 0.7, ""subsample_freq"": 1, ""tweedie_variance_power"": 1.2, ""verbosity"": -1}",source_b_v1_13_tuned_lightgbm_cov_100
source_b_v1_13_tuned_lightgbm_cov_100,rohlik_top_volume_100_20260714,Rohlik,14,lightgbm_tuned_cov,7,recursive,1107,14,0.2066270858049392,"{""colsample_bytree"": 0.85, ""learning_rate"": 0.04, ""min_child_samples"": 50, ""n_estimators"": 150, ""num_leaves"": 127, ""objective"": ""tweedie"", ""random_state"": 20260735, ""reg_alpha"": 0.1, ""reg_lambda"": 5.0, ""subsample"": 0.7, ""subsample_freq"": 1, ""tweedie_variance_power"": 1.05, ""verbosity"": -1}",source_b_v1_13_tuned_lightgbm_cov_100
source_b_v1_13_tuned_lightgbm_cov_100,rohlik_top_volume_100_20260714,Rohlik,14,lightgbm_tuned_cov,8,recursive,1107,14,0.1982543915510177,"{""colsample_bytree"": 1.0, ""learning_rate"": 0.015, ""min_child_samples"": 10, ""n_estimators"": 600, ""num_leaves"": 127, ""objective"": ""tweedie"", ""random_state"": 20260736, ""reg_alpha"": 0.1, ""reg_lambda"": 1.0, ""subsample"": 1.0, ""subsample_freq"": 1, ""tweedie_variance_power"": 1.2, ""verbosity"": -1}",source_b_v1_13_tuned_lightgbm_cov_100
source_b_v1_13_tuned_lightgbm_cov_100,rohlik_top_volume_100_20260714,Rohlik,14,lightgbm_tuned_cov,9,recursive,1107,14,0.1969334483146667,"{""colsample_bytree"": 1.0, ""learning_rate"": 0.06, ""min_child_samples"": 10, ""n_estimators"": 900, ""num_leaves"": 31, ""objective"": ""tweedie"", ""random_state"": 20260737, ""reg_alpha"": 0.0, ""reg_lambda"": 1.0, ""subsample"": 0.85, ""subsample_freq"": 1, ""tweedie_variance_power"": 1.2, ""verbosity"": -1}",source_b_v1_13_tuned_lightgbm_cov_100
source_b_v1_13_tuned_lightgbm_direct_100,rohlik_top_volume_100_20260714,Rohlik,14,lightgbm_tuned_direct,0,direct,1107,14,0.2002078145742416,"{""colsample_bytree"": 1.0, ""learning_rate"": 0.05, ""min_child_samples"": 20, ""n_estimators"": 300, ""num_leaves"": 63, ""objective"": ""tweedie"", ""random_state"": 20261728, ""reg_alpha"": 0.0, ""reg_lambda"": 0.0, ""subsample"": 1.0, ""tweedie_variance_power"": 1.1, ""verbosity"": -1}",source_b_v1_13_tuned_lightgbm_direct_100
source_b_v1_13_tuned_lightgbm_direct_100,rohlik_top_volume_100_20260714,Rohlik,14,lightgbm_tuned_direct,1,direct,1107,14,0.2062874287366867,"{""colsample_bytree"": 0.85, ""learning_rate"": 0.08, ""min_child_samples"": 20, ""n_estimators"": 900, ""num_leaves"": 63, ""objective"": ""tweedie"", ""random_state"": 20261729, ""reg_alpha"": 0.01, ""reg_lambda"": 5.0, ""subsample"": 1.0, ""subsample_freq"": 1, ""tweedie_variance_power"": 1.1, ""verbosity"": -1}",source_b_v1_13_tuned_lightgbm_direct_100
source_b_v1_13_tuned_lightgbm_direct_100,rohlik_top_volume_100_20260714,Rohlik,14,lightgbm_tuned_direct,2,direct,1107,14,0.1961196511983871,"{""colsample_bytree"": 0.7, ""learning_rate"": 0.08, ""min_child_samples"": 10, ""n_estimators"": 150, ""num_leaves"": 63, ""objective"": ""tweedie"", ""random_state"": 20261730, ""reg_alpha"": 0.01, ""reg_lambda"": 0.1, ""subsample"": 0.7, ""subsample_freq"": 1, ""tweedie_variance_power"": 1.4, ""verbosity"": -1}",source_b_v1_13_tuned_lightgbm_direct_100
source_b_v1_13_tuned_lightgbm_direct_100,rohlik_top_volume_100_20260714,Rohlik,14,lightgbm_tuned_direct,3,direct,1107,14,0.2009473890066146,"{""colsample_bytree"": 0.85, ""learning_rate"": 0.04, ""min_child_samples"": 20, ""n_estimators"": 150, ""num_leaves"": 31, ""objective"": ""tweedie"", ""random_state"": 20261731, ""reg_alpha"": 1.0, ""reg_lambda"": 0.0, ""subsample"": 0.85, ""subsample_freq"": 1, ""tweedie_variance_power"": 1.1, ""verbosity"": -1}",source_b_v1_13_tuned_lightgbm_direct_100
source_b_v1_13_tuned_lightgbm_direct_100,rohlik_top_volume_100_20260714,Rohlik,14,lightgbm_tuned_direct,4,direct,1107,14,0.2006386816501617,"{""colsample_bytree"": 0.7, ""learning_rate"": 0.08, ""min_child_samples"": 50, ""n_estimators"": 600, ""num_leaves"": 15, ""objective"": ""tweedie"", ""random_state"": 20261732, ""reg_alpha"": 0.1, ""reg_lambda"": 0.1, ""subsample"": 0.85, ""subsample_freq"": 1, ""tweedie_variance_power"": 1.05, ""verbosity"": -1}",source_b_v1_13_tuned_lightgbm_direct_100
source_b_v1_13_tuned_lightgbm_direct_100,rohlik_top_volume_100_20260714,Rohlik,14,lightgbm_tuned_direct,5,direct,1107,14,0.2039310336112976,"{""colsample_bytree"": 0.85, ""learning_rate"": 0.025, ""min_child_samples"": 20, ""n_estimators"": 150, ""num_leaves"": 127, ""objective"": ""tweedie"", ""random_state"": 20261733, ""reg_alpha"": 0.0, ""reg_lambda"": 0.1, ""subsample"": 0.85, ""subsample_freq"": 1, ""tweedie_variance_power"": 1.2, ""verbosity"": -1}",source_b_v1_13_tuned_lightgbm_direct_100
source_b_v1_13_tuned_lightgbm_direct_100,rohlik_top_volume_100_20260714,Rohlik,14,lightgbm_tuned_direct,6,direct,1107,14,0.2110504359006881,"{""colsample_bytree"": 0.7, ""learning_rate"": 0.08, ""min_child_samples"": 50, ""n_estimators"": 900, ""num_leaves"": 127, ""objective"": ""tweedie"", ""random_state"": 20261734, ""reg_alpha"": 0.0, ""reg_lambda"": 1.0, ""subsample"": 0.7, ""subsample_freq"": 1, ""tweedie_variance_power"": 1.2, ""verbosity"": -1}",source_b_v1_13_tuned_lightgbm_direct_100
source_b_v1_13_tuned_lightgbm_direct_100,rohlik_top_volume_100_20260714,Rohlik,14,lightgbm_tuned_direct,7,direct,1107,14,0.2065007835626602,"{""colsample_bytree"": 0.85, ""learning_rate"": 0.04, ""min_child_samples"": 50, ""n_estimators"": 900, ""num_leaves"": 127, ""objective"": ""tweedie"", ""random_state"": 20261735, ""reg_alpha"": 0.1, ""reg_lambda"": 5.0, ""subsample"": 0.7, ""subsample_freq"": 1, ""tweedie_variance_power"": 1.05, ""verbosity"": -1}",source_b_v1_13_tuned_lightgbm_direct_100
source_b_v1_13_tuned_lightgbm_direct_100,rohlik_top_volume_100_20260714,Rohlik,14,lightgbm_tuned_direct,8,direct,1107,14,0.2041007727384567,"{""colsample_bytree"": 1.0, ""learning_rate"": 0.04, ""min_child_samples"": 100, ""n_estimators"": 600, ""num_leaves"": 15, ""objective"": ""tweedie"", ""random_state"": 20261736, ""reg_alpha"": 0.0, ""reg_lambda"": 5.0, ""subsample"": 0.85, ""subsample_freq"": 1, ""tweedie_variance_power"": 1.1, ""verbosity"": -1}",source_b_v1_13_tuned_lightgbm_direct_100
source_b_v1_13_tuned_lightgbm_direct_100,rohlik_top_volume_100_20260714,Rohlik,14,lightgbm_tuned_direct,9,direct,1107,14,0.1970053166151046,"{""colsample_bytree"": 0.7, ""learning_rate"": 0.04, ""min_child_samples"": 10, ""n_estimators"": 150, ""num_leaves"": 127, ""objective"": ""tweedie"", ""random_state"": 20261737, ""reg_alpha"": 1.0, ""reg_lambda"": 5.0, ""subsample"": 0.7, ""subsample_freq"": 1, ""tweedie_variance_power"": 1.05, ""verbosity"": -1}",source_b_v1_13_tuned_lightgbm_direct_100
source_b_v1_13_tuned_lightgbm_cov_100,rohlik_top_volume_100_20260714,Rohlik,28,lightgbm_tuned_cov,0,recursive,1093,28,0.2220677882432937,"{""colsample_bytree"": 1.0, ""learning_rate"": 0.05, ""min_child_samples"": 20, ""n_estimators"": 300, ""num_leaves"": 63, ""objective"": ""tweedie"", ""random_state"": 20260742, ""reg_alpha"": 0.0, ""reg_lambda"": 0.0, ""subsample"": 1.0, ""tweedie_variance_power"": 1.1, ""verbosity"": -1}",source_b_v1_13_tuned_lightgbm_cov_100
source_b_v1_13_tuned_lightgbm_cov_100,rohlik_top_volume_100_20260714,Rohlik,28,lightgbm_tuned_cov,1,recursive,1093,28,0.2248219102621078,"{""colsample_bytree"": 1.0, ""learning_rate"": 0.04, ""min_child_samples"": 10, ""n_estimators"": 600, ""num_leaves"": 127, ""objective"": ""tweedie"", ""random_state"": 20260743, ""reg_alpha"": 0.1, ""reg_lambda"": 5.0, ""subsample"": 1.0, ""subsample_freq"": 1, ""tweedie_variance_power"": 1.2, ""verbosity"": -1}",source_b_v1_13_tuned_lightgbm_cov_100
source_b_v1_13_tuned_lightgbm_cov_100,rohlik_top_volume_100_20260714,Rohlik,28,lightgbm_tuned_cov,2,recursive,1093,28,0.2301675230264663,"{""colsample_bytree"": 0.85, ""learning_rate"": 0.015, ""min_child_samples"": 100, ""n_estimators"": 600, ""num_leaves"": 127, ""objective"": ""tweedie"", ""random_state"": 20260744, ""reg_alpha"": 0.01, ""reg_lambda"": 0.0, ""subsample"": 0.7, ""subsample_freq"": 1, ""tweedie_variance_power"": 1.2, ""verbosity"": -1}",source_b_v1_13_tuned_lightgbm_cov_100
source_b_v1_13_tuned_lightgbm_cov_100,rohlik_top_volume_100_20260714,Rohlik,28,lightgbm_tuned_cov,3,recursive,1093,28,0.2328874170780182,"{""colsample_bytree"": 0.85, ""learning_rate"": 0.06, ""min_child_samples"": 100, ""n_estimators"": 900, ""num_leaves"": 63, ""objective"": ""tweedie"", ""random_state"": 20260745, ""reg_alpha"": 0.1, ""reg_lambda"": 1.0, ""subsample"": 0.85, ""subsample_freq"": 1, ""tweedie_variance_power"": 1.2, ""verbosity"": -1}",source_b_v1_13_tuned_lightgbm_cov_100
source_b_v1_13_tuned_lightgbm_cov_100,rohlik_top_volume_100_20260714,Rohlik,28,lightgbm_tuned_cov,4,recursive,1093,28,0.240403264760971,"{""colsample_bytree"": 0.85, ""learning_rate"": 0.04, ""min_child_samples"": 100, ""n_estimators"": 900, ""num_leaves"": 127, ""objective"": ""tweedie"", ""random_state"": 20260746, ""reg_alpha"": 0.01, ""reg_lambda"": 0.1, ""subsample"": 0.85, ""subsample_freq"": 1, ""tweedie_variance_power"": 1.2, ""verbosity"": -1}",source_b_v1_13_tuned_lightgbm_cov_100
source_b_v1_13_tuned_lightgbm_cov_100,rohlik_top_volume_100_20260714,Rohlik,28,lightgbm_tuned_cov,5,recursive,1093,28,0.2317886054515838,"{""colsample_bytree"": 1.0, ""learning_rate"": 0.025, ""min_child_samples"": 10, ""n_estimators"": 600, ""num_leaves"": 15, ""objective"": ""tweedie"", ""random_state"": 20260747, ""reg_alpha"": 0.1, ""reg_lambda"": 0.1, ""subsample"": 0.85, ""subsample_freq"": 1, ""tweedie_variance_power"": 1.4, ""verbosity"": -1}",source_b_v1_13_tuned_lightgbm_cov_100
source_b_v1_13_tuned_lightgbm_cov_100,rohlik_top_volume_100_20260714,Rohlik,28,lightgbm_tuned_cov,6,recursive,1093,28,0.2295261323451995,"{""colsample_bytree"": 0.85, ""learning_rate"": 0.015, ""min_child_samples"": 10, ""n_estimators"": 900, ""num_leaves"": 15, ""objective"": ""tweedie"", ""random_state"": 20260748, ""reg_alpha"": 0.1, ""reg_lambda"": 5.0, ""subsample"": 0.7, ""subsample_freq"": 1, ""tweedie_variance_power"": 1.05, ""verbosity"": -1}",source_b_v1_13_tuned_lightgbm_cov_100
source_b_v1_13_tuned_lightgbm_cov_100,rohlik_top_volume_100_20260714,Rohlik,28,lightgbm_tuned_cov,7,recursive,1093,28,0.237747460603714,"{""colsample_bytree"": 0.7, ""learning_rate"": 0.015, ""min_child_samples"": 10, ""n_estimators"": 300, ""num_leaves"": 63, ""objective"": ""tweedie"", ""random_state"": 20260749, ""reg_alpha"": 0.0, ""reg_lambda"": 5.0, ""subsample"": 0.7, ""subsample_freq"": 1, ""tweedie_variance_power"": 1.1, ""verbosity"": -1}",source_b_v1_13_tuned_lightgbm_cov_100
source_b_v1_13_tuned_lightgbm_cov_100,rohlik_top_volume_100_20260714,Rohlik,28,lightgbm_tuned_cov,8,recursive,1093,28,0.2225968241691589,"{""colsample_bytree"": 0.85, ""learning_rate"": 0.08, ""min_child_samples"": 50, ""n_estimators"": 150, ""num_leaves"": 63, ""objective"": ""tweedie"", ""random_state"": 20260750, ""reg_alpha"": 0.01, ""reg_lambda"": 0.0, ""subsample"": 1.0, ""subsample_freq"": 1, ""tweedie_variance_power"": 1.1, ""verbosity"": -1}",source_b_v1_13_tuned_lightgbm_cov_100
source_b_v1_13_tuned_lightgbm_cov_100,rohlik_top_volume_100_20260714,Rohlik,28,lightgbm_tuned_cov,9,recursive,1093,28,0.2344030886888504,"{""colsample_bytree"": 1.0, ""learning_rate"": 0.025, ""min_child_samples"": 50, ""n_estimators"": 900, ""num_leaves"": 127, ""objective"": ""tweedie"", ""random_state"": 20260751, ""reg_alpha"": 1.0, ""reg_lambda"": 0.0, ""subsample"": 1.0, ""subsample_freq"": 1, ""tweedie_variance_power"": 1.4, ""verbosity"": -1}",source_b_v1_13_tuned_lightgbm_cov_100
source_b_v1_13_tuned_lightgbm_direct_100,rohlik_top_volume_100_20260714,Rohlik,28,lightgbm_tuned_direct,0,direct,1093,28,0.234632134437561,"{""colsample_bytree"": 1.0, ""learning_rate"": 0.05, ""min_child_samples"": 20, ""n_estimators"": 300, ""num_leaves"": 63, ""objective"": ""tweedie"", ""random_state"": 20261742, ""reg_alpha"": 0.0, ""reg_lambda"": 0.0, ""subsample"": 1.0, ""tweedie_variance_power"": 1.1, ""verbosity"": -1}",source_b_v1_13_tuned_lightgbm_direct_100
source_b_v1_13_tuned_lightgbm_direct_100,rohlik_top_volume_100_20260714,Rohlik,28,lightgbm_tuned_direct,1,direct,1093,28,0.2299169600009918,"{""colsample_bytree"": 0.85, ""learning_rate"": 0.08, ""min_child_samples"": 10, ""n_estimators"": 300, ""num_leaves"": 63, ""objective"": ""tweedie"", ""random_state"": 20261743, ""reg_alpha"": 1.0, ""reg_lambda"": 1.0, ""subsample"": 1.0, ""subsample_freq"": 1, ""tweedie_variance_power"": 1.1, ""verbosity"": -1}",source_b_v1_13_tuned_lightgbm_direct_100
source_b_v1_13_tuned_lightgbm_direct_100,rohlik_top_volume_100_20260714,Rohlik,28,lightgbm_tuned_direct,2,direct,1093,28,0.2345470935106277,"{""colsample_bytree"": 1.0, ""learning_rate"": 0.04, ""min_child_samples"": 100, ""n_estimators"": 900, ""num_leaves"": 31, ""objective"": ""tweedie"", ""random_state"": 20261744, ""reg_alpha"": 1.0, ""reg_lambda"": 0.1, ""subsample"": 1.0, ""subsample_freq"": 1, ""tweedie_variance_power"": 1.2, ""verbosity"": -1}",source_b_v1_13_tuned_lightgbm_direct_100
source_b_v1_13_tuned_lightgbm_direct_100,rohlik_top_volume_100_20260714,Rohlik,28,lightgbm_tuned_direct,3,direct,1093,28,0.2350094765424728,"{""colsample_bytree"": 1.0, ""learning_rate"": 0.015, ""min_child_samples"": 10, ""n_estimators"": 600, ""num_leaves"": 31, ""objective"": ""tweedie"", ""random_state"": 20261745, ""reg_alpha"": 0.0, ""reg_lambda"": 0.1, ""subsample"": 0.7, ""subsample_freq"": 1, ""tweedie_variance_power"": 1.05, ""verbosity"": -1}",source_b_v1_13_tuned_lightgbm_direct_100
source_b_v1_13_tuned_lightgbm_direct_100,rohlik_top_volume_100_20260714,Rohlik,28,lightgbm_tuned_direct,4,direct,1093,28,0.2337693721055984,"{""colsample_bytree"": 0.7, ""learning_rate"": 0.08, ""min_child_samples"": 20, ""n_estimators"": 150, ""num_leaves"": 63, ""objective"": ""tweedie"", ""random_state"": 20261746, ""reg_alpha"": 1.0, ""reg_lambda"": 0.1, ""subsample"": 0.7, ""subsample_freq"": 1, ""tweedie_variance_power"": 1.2, ""verbosity"": -1}",source_b_v1_13_tuned_lightgbm_direct_100
source_b_v1_13_tuned_lightgbm_direct_100,rohlik_top_volume_100_20260714,Rohlik,28,lightgbm_tuned_direct,5,direct,1093,28,0.2395485639572143,"{""colsample_bytree"": 1.0, ""learning_rate"": 0.08, ""min_child_samples"": 50, ""n_estimators"": 900, ""num_leaves"": 127, ""objective"": ""tweedie"", ""random_state"": 20261747, ""reg_alpha"": 0.01, ""reg_lambda"": 0.1, ""subsample"": 1.0, ""subsample_freq"": 1, ""tweedie_variance_power"": 1.4, ""verbosity"": -1}",source_b_v1_13_tuned_lightgbm_direct_100
source_b_v1_13_tuned_lightgbm_direct_100,rohlik_top_volume_100_20260714,Rohlik,28,lightgbm_tuned_direct,6,direct,1093,28,0.237356886267662,"{""colsample_bytree"": 1.0, ""learning_rate"": 0.08, ""min_child_samples"": 20, ""n_estimators"": 300, ""num_leaves"": 15, ""objective"": ""tweedie"", ""random_state"": 20261748, ""reg_alpha"": 0.01, ""reg_lambda"": 0.0, ""subsample"": 1.0, ""subsample_freq"": 1, ""tweedie_variance_power"": 1.05, ""verbosity"": -1}",source_b_v1_13_tuned_lightgbm_direct_100
source_b_v1_13_tuned_lightgbm_direct_100,rohlik_top_volume_100_20260714,Rohlik,28,lightgbm_tuned_direct,7,direct,1093,28,0.2338374704122543,"{""colsample_bytree"": 0.7, ""learning_rate"": 0.04, ""min_child_samples"": 10, ""n_estimators"": 600, ""num_leaves"": 15, ""objective"": ""tweedie"", ""random_state"": 20261749, ""reg_alpha"": 0.0, ""reg_lambda"": 5.0, ""subsample"": 0.85, ""subsample_freq"": 1, ""tweedie_variance_power"": 1.1, ""verbosity"": -1}",source_b_v1_13_tuned_lightgbm_direct_100
source_b_v1_13_tuned_lightgbm_direct_100,rohlik_top_volume_100_20260714,Rohlik,28,lightgbm_tuned_direct,8,direct,1093,28,0.2412676066160202,"{""colsample_bytree"": 0.7, ""learning_rate"": 0.08, ""min_child_samples"": 100, ""n_estimators"": 600, ""num_leaves"": 31, ""objective"": ""tweedie"", ""random_state"": 20261750, ""reg_alpha"": 0.01, ""reg_lambda"": 0.1, ""subsample"": 0.7, ""subsample_freq"": 1, ""tweedie_variance_power"": 1.1, ""verbosity"": -1}",source_b_v1_13_tuned_lightgbm_direct_100
source_b_v1_13_tuned_lightgbm_direct_100,rohlik_top_volume_100_20260714,Rohlik,28,lightgbm_tuned_direct,9,direct,1093,28,0.2307140827178955,"{""colsample_bytree"": 0.7, ""learning_rate"": 0.025, ""min_child_samples"": 10, ""n_estimators"": 900, ""num_leaves"": 31, ""objective"": ""tweedie"", ""random_state"": 20261751, ""reg_alpha"": 0.01, ""reg_lambda"": 0.1, ""subsample"": 0.7, ""subsample_freq"": 1, ""tweedie_variance_power"": 1.4, ""verbosity"": -1}",source_b_v1_13_tuned_lightgbm_direct_100
